municipality_code,prefecture,subprefecture,county,municipality,ward,district_code,district_name,basin_code,basin_name,coverage,match_method,matched_rule,verification_status,source_date,n03_date,source_page,source_url,basin_source_date,basin_source_url,checked_date,usable_for_final_polygon
01101,北海道,石狩振興局,,札幌市,中央区,005,石狩空知,02,石狩川,未確認,2010年包括区域の名称条件一致,札幌市,要現行資料照合,2010-02-01,2026-01-01,1,https://www.e-stat.go.jp/SG1/estat/Pdfdl.do?sinfid=000012449985,2010-02-01,https://www.e-stat.go.jp/SG1/estat/Pdfdl.do?sinfid=000012449985,2026-10-03,false
01102,北海道,石狩振興局,,札幌市,北区,005,石狩空知,02,石狩川,未確認,2010年包括区域の名称条件一致,札幌市,要現行資料照合,2010-02-01,2026-01-01,1,https://www.e-stat.go.jp/SG1/estat/Pdfdl.do?sinfid=000012449985,2010-02-01,https://www.e-stat.go.jp/SG1/estat/Pdfdl.do?sinfid=000012449985,2026-10-03,false
01103,北海道,石狩振興局,,札幌市,東区,005,石狩空知,02,石狩川,未確認,2010年包括区域の名称条件一致,札幌市,要現行資料照合,2010-02-01,2026-01-01,1,https://www.e-stat.go.jp/SG1/estat/Pdfdl.do?sinfid=000012449985,2010-02-01,https://www.e-stat.go.jp/SG1/estat/Pdfdl.do?sinfid=000012449985,2026-10-03,false
01104,北海道,石狩振興局,,札幌市,白石区,005,石狩空知,02,石狩川,未確認,2010年包括区域の名称条件一致,札幌市,要現行資料照合,2010-02-01,2026-01-01,1,https://www.e-stat.go.jp/SG1/estat/Pdfdl.do?sinfid=000012449985,2010-02-01,https://www.e-stat.go.jp/SG1/estat/Pdfdl.do?sinfid=000012449985,2026-10-03,false
01105,北海道,石狩振興局,,札幌市,豊平区,005,石狩空知,02,石狩川,未確認,2010年包括区域の名称条件一致,札幌市,要現行資料照合,2010-02-01,2026-01-01,1,https://www.e-stat.go.jp/SG1/estat/Pdfdl.do?sinfid=000012449985,2010-02-01,https://www.e-stat.go.jp/SG1/estat/Pdfdl.do?sinfid=000012449985,2026-10-03,false
01106,北海道,石狩振興局,,札幌市,南区,005,石狩空知,02,石狩川,未確認,2010年包括区域の名称条件一致,札幌市,要現行資料照合,2010-02-01,2026-01-01,1,https://www.e-stat.go.jp/SG1/estat/Pdfdl.do?sinfid=000012449985,2010-02-01,https://www.e-stat.go.jp/SG1/estat/Pdfdl.do?sinfid=000012449985,2026-10-03,false
01107,北海道,石狩振興局,,札幌市,西区,005,石狩空知,02,石狩川,未確認,2010年包括区域の名称条件一致,札幌市,要現行資料照合,2010-02-01,2026-01-01,1,https://www.e-stat.go.jp/SG1/estat/Pdfdl.do?sinfid=000012449985,2010-02-01,https://www.e-stat.go.jp/SG1/estat/Pdfdl.do?sinfid=000012449985,2026-10-03,false
01108,北海道,石狩振興局,,札幌市,厚別区,005,石狩空知,02,石狩川,未確認,2010年包括区域の名称条件一致,札幌市,要現行資料照合,2010-02-01,2026-01-01,1,https://www.e-stat.go.jp/SG1/estat/Pdfdl.do?sinfid=000012449985,2010-02-01,https://www.e-stat.go.jp/SG1/estat/Pdfdl.do?sinfid=000012449985,2026-10-03,false
01109,北海道,石狩振興局,,札幌市,手稲区,005,石狩空知,02,石狩川,未確認,2010年包括区域の名称条件一致,札幌市,要現行資料照合,2010-02-01,2026-01-01,1,https://www.e-stat.go.jp/SG1/estat/Pdfdl.do?sinfid=000012449985,2010-02-01,https://www.e-stat.go.jp/SG1/estat/Pdfdl.do?sinfid=000012449985,2026-10-03,false
01110,北海道,石狩振興局,,札幌市,清田区,005,石狩空知,02,石狩川,未確認,2010年包括区域の名称条件一致,札幌市,要現行資料照合,2010-02-01,2026-01-01,1,https://www.e-stat.go.jp/SG1/estat/Pdfdl.do?sinfid=000012449985,2010-02-01,https://www.e-stat.go.jp/SG1/estat/Pdfdl.do?sinfid=000012449985,2026-10-03,false
01202,北海道,渡島総合振興局,,函館市,,001,渡島檜山,06,渡島・尻別川,未確認,2010年包括区域の名称条件一致,函館市,要現行資料照合,2010-02-01,2026-01-01,1,https://www.e-stat.go.jp/SG1/estat/Pdfdl.do?sinfid=000012449985,2010-02-01,https://www.e-stat.go.jp/SG1/estat/Pdfdl.do?sinfid=000012449985,2026-10-03,false
01203,北海道,後志総合振興局,,小樽市,,005,石狩空知,02,石狩川,未確認,2010年包括区域の名称条件一致,小樽市,要現行資料照合,2010-02-01,2026-01-01,1,https://www.e-stat.go.jp/SG1/estat/Pdfdl.do?sinfid=000012449985,2010-02-01,https://www.e-stat.go.jp/SG1/estat/Pdfdl.do?sinfid=000012449985,2026-10-03,false
01204,北海道,上川総合振興局,,旭川市,,006,上川南部,02,石狩川,未確認,2010年包括区域の名称条件一致,旭川市,要現行資料照合,2010-02-01,2026-01-01,1,https://www.e-stat.go.jp/SG1/estat/Pdfdl.do?sinfid=000012449985,2010-02-01,https://www.e-stat.go.jp/SG1/estat/Pdfdl.do?sinfid=000012449985,2026-10-03,false
01205,北海道,胆振総合振興局,,室蘭市,,002,後志胆振,06,渡島・尻別川,未確認,2010年包括区域の名称条件一致,室蘭市,要現行資料照合,2010-02-01,2026-01-01,1,https://www.e-stat.go.jp/SG1/estat/Pdfdl.do?sinfid=000012449985,2010-02-01,https://www.e-stat.go.jp/SG1/estat/Pdfdl.do?sinfid=000012449985,2026-10-03,false
01206,北海道,釧路総合振興局,,釧路市,,012,釧路根室,04,十勝・釧路川,未確認,2010年包括区域の名称条件一致,釧路市,要現行資料照合,2010-02-01,2026-01-01,1,https://www.e-stat.go.jp/SG1/estat/Pdfdl.do?sinfid=000012449985,2010-02-01,https://www.e-stat.go.jp/SG1/estat/Pdfdl.do?sinfid=000012449985,2026-10-03,false
01207,北海道,十勝総合振興局,,帯広市,,013,十勝,04,十勝・釧路川,未確認,2010年包括区域の名称条件一致,帯広市,要現行資料照合,2010-02-01,2026-01-01,1,https://www.e-stat.go.jp/SG1/estat/Pdfdl.do?sinfid=000012449985,2010-02-01,https://www.e-stat.go.jp/SG1/estat/Pdfdl.do?sinfid=000012449985,2026-10-03,false
01208,北海道,オホーツク総合振興局,,北見市,,011,網走東部,03,網走・湧別川,未確認,2010年包括区域の名称条件一致,北見市,要現行資料照合,2010-02-01,2026-01-01,1,https://www.e-stat.go.jp/SG1/estat/Pdfdl.do?sinfid=000012449985,2010-02-01,https://www.e-stat.go.jp/SG1/estat/Pdfdl.do?sinfid=000012449985,2026-10-03,false
01209,北海道,空知総合振興局,,夕張市,,005,石狩空知,02,石狩川,未確認,2010年包括区域の名称条件一致,夕張市,要現行資料照合,2010-02-01,2026-01-01,1,https://www.e-stat.go.jp/SG1/estat/Pdfdl.do?sinfid=000012449985,2010-02-01,https://www.e-stat.go.jp/SG1/estat/Pdfdl.do?sinfid=000012449985,2026-10-03,false
01210,北海道,空知総合振興局,,岩見沢市,,005,石狩空知,02,石狩川,未確認,2010年包括区域の名称条件一致,岩見沢市,要現行資料照合,2010-02-01,2026-01-01,1,https://www.e-stat.go.jp/SG1/estat/Pdfdl.do?sinfid=000012449985,2010-02-01,https://www.e-stat.go.jp/SG1/estat/Pdfdl.do?sinfid=000012449985,2026-10-03,false
01211,北海道,オホーツク総合振興局,,網走市,,011,網走東部,03,網走・湧別川,未確認,2010年包括区域の名称条件一致,網走市,要現行資料照合,2010-02-01,2026-01-01,1,https://www.e-stat.go.jp/SG1/estat/Pdfdl.do?sinfid=000012449985,2010-02-01,https://www.e-stat.go.jp/SG1/estat/Pdfdl.do?sinfid=000012449985,2026-10-03,false
01212,北海道,留萌振興局,,留萌市,,008,留萌,01,天塩川,未確認,2010年包括区域の名称条件一致,留萌市,要現行資料照合,2010-02-01,2026-01-01,1,https://www.e-stat.go.jp/SG1/estat/Pdfdl.do?sinfid=000012449985,2010-02-01,https://www.e-stat.go.jp/SG1/estat/Pdfdl.do?sinfid=000012449985,2026-10-03,false
01213,北海道,胆振総合振興局,,苫小牧市,,003,胆振東部,05,沙流川,未確認,2010年包括区域の名称条件一致,苫小牧市,要現行資料照合,2010-02-01,2026-01-01,1,https://www.e-stat.go.jp/SG1/estat/Pdfdl.do?sinfid=000012449985,2010-02-01,https://www.e-stat.go.jp/SG1/estat/Pdfdl.do?sinfid=000012449985,2026-10-03,false
01214,北海道,宗谷総合振興局,,稚内市,,009,宗谷,01,天塩川,未確認,2010年包括区域の名称条件一致,稚内市,要現行資料照合,2010-02-01,2026-01-01,1,https://www.e-stat.go.jp/SG1/estat/Pdfdl.do?sinfid=000012449985,2010-02-01,https://www.e-stat.go.jp/SG1/estat/Pdfdl.do?sinfid=000012449985,2026-10-03,false
01215,北海道,空知総合振興局,,美唄市,,005,石狩空知,02,石狩川,未確認,2010年包括区域の名称条件一致,美唄市,要現行資料照合,2010-02-01,2026-01-01,1,https://www.e-stat.go.jp/SG1/estat/Pdfdl.do?sinfid=000012449985,2010-02-01,https://www.e-stat.go.jp/SG1/estat/Pdfdl.do?sinfid=000012449985,2026-10-03,false
01216,北海道,空知総合振興局,,芦別市,,005,石狩空知,02,石狩川,未確認,2010年包括区域の名称条件一致,芦別市,要現行資料照合,2010-02-01,2026-01-01,1,https://www.e-stat.go.jp/SG1/estat/Pdfdl.do?sinfid=000012449985,2010-02-01,https://www.e-stat.go.jp/SG1/estat/Pdfdl.do?sinfid=000012449985,2026-10-03,false
01217,北海道,石狩振興局,,江別市,,005,石狩空知,02,石狩川,未確認,2010年包括区域の名称条件一致,江別市,要現行資料照合,2010-02-01,2026-01-01,1,https://www.e-stat.go.jp/SG1/estat/Pdfdl.do?sinfid=000012449985,2010-02-01,https://www.e-stat.go.jp/SG1/estat/Pdfdl.do?sinfid=000012449985,2026-10-03,false
01218,北海道,空知総合振興局,,赤平市,,005,石狩空知,02,石狩川,未確認,2010年包括区域の名称条件一致,赤平市,要現行資料照合,2010-02-01,2026-01-01,1,https://www.e-stat.go.jp/SG1/estat/Pdfdl.do?sinfid=000012449985,2010-02-01,https://www.e-stat.go.jp/SG1/estat/Pdfdl.do?sinfid=000012449985,2026-10-03,false
01219,北海道,オホーツク総合振興局,,紋別市,,010,網走西部,03,網走・湧別川,未確認,2010年包括区域の名称条件一致,紋別市,要現行資料照合,2010-02-01,2026-01-01,1,https://www.e-stat.go.jp/SG1/estat/Pdfdl.do?sinfid=000012449985,2010-02-01,https://www.e-stat.go.jp/SG1/estat/Pdfdl.do?sinfid=000012449985,2026-10-03,false
01220,北海道,上川総合振興局,,士別市,,007,上川北部,01,天塩川,未確認,2010年包括区域の名称条件一致,士別市,要現行資料照合,2010-02-01,2026-01-01,1,https://www.e-stat.go.jp/SG1/estat/Pdfdl.do?sinfid=000012449985,2010-02-01,https://www.e-stat.go.jp/SG1/estat/Pdfdl.do?sinfid=000012449985,2026-10-03,false
01221,北海道,上川総合振興局,,名寄市,,007,上川北部,01,天塩川,未確認,2010年包括区域の名称条件一致,名寄市,要現行資料照合,2010-02-01,2026-01-01,1,https://www.e-stat.go.jp/SG1/estat/Pdfdl.do?sinfid=000012449985,2010-02-01,https://www.e-stat.go.jp/SG1/estat/Pdfdl.do?sinfid=000012449985,2026-10-03,false
01222,北海道,空知総合振興局,,三笠市,,005,石狩空知,02,石狩川,未確認,2010年包括区域の名称条件一致,三笠市,要現行資料照合,2010-02-01,2026-01-01,1,https://www.e-stat.go.jp/SG1/estat/Pdfdl.do?sinfid=000012449985,2010-02-01,https://www.e-stat.go.jp/SG1/estat/Pdfdl.do?sinfid=000012449985,2026-10-03,false
01223,北海道,根室振興局,,根室市,,012,釧路根室,04,十勝・釧路川,未確認,2010年包括区域の名称条件一致,根室市,要現行資料照合,2010-02-01,2026-01-01,1,https://www.e-stat.go.jp/SG1/estat/Pdfdl.do?sinfid=000012449985,2010-02-01,https://www.e-stat.go.jp/SG1/estat/Pdfdl.do?sinfid=000012449985,2026-10-03,false
01224,北海道,石狩振興局,,千歳市,,005,石狩空知,02,石狩川,未確認,2010年包括区域の名称条件一致,千歳市,要現行資料照合,2010-02-01,2026-01-01,1,https://www.e-stat.go.jp/SG1/estat/Pdfdl.do?sinfid=000012449985,2010-02-01,https://www.e-stat.go.jp/SG1/estat/Pdfdl.do?sinfid=000012449985,2026-10-03,false
01225,北海道,空知総合振興局,,滝川市,,005,石狩空知,02,石狩川,未確認,2010年包括区域の名称条件一致,滝川市,要現行資料照合,2010-02-01,2026-01-01,1,https://www.e-stat.go.jp/SG1/estat/Pdfdl.do?sinfid=000012449985,2010-02-01,https://www.e-stat.go.jp/SG1/estat/Pdfdl.do?sinfid=000012449985,2026-10-03,false
01226,北海道,空知総合振興局,,砂川市,,005,石狩空知,02,石狩川,未確認,2010年包括区域の名称条件一致,砂川市,要現行資料照合,2010-02-01,2026-01-01,1,https://www.e-stat.go.jp/SG1/estat/Pdfdl.do?sinfid=000012449985,2010-02-01,https://www.e-stat.go.jp/SG1/estat/Pdfdl.do?sinfid=000012449985,2026-10-03,false
01227,北海道,空知総合振興局,,歌志内市,,005,石狩空知,02,石狩川,未確認,2010年包括区域の名称条件一致,歌志内市,要現行資料照合,2010-02-01,2026-01-01,1,https://www.e-stat.go.jp/SG1/estat/Pdfdl.do?sinfid=000012449985,2010-02-01,https://www.e-stat.go.jp/SG1/estat/Pdfdl.do?sinfid=000012449985,2026-10-03,false
01228,北海道,空知総合振興局,,深川市,,005,石狩空知,02,石狩川,未確認,2010年包括区域の名称条件一致,深川市,要現行資料照合,2010-02-01,2026-01-01,1,https://www.e-stat.go.jp/SG1/estat/Pdfdl.do?sinfid=000012449985,2010-02-01,https://www.e-stat.go.jp/SG1/estat/Pdfdl.do?sinfid=000012449985,2026-10-03,false
01229,北海道,上川総合振興局,,富良野市,,006,上川南部,02,石狩川,未確認,2010年包括区域の名称条件一致,富良野市,要現行資料照合,2010-02-01,2026-01-01,1,https://www.e-stat.go.jp/SG1/estat/Pdfdl.do?sinfid=000012449985,2010-02-01,https://www.e-stat.go.jp/SG1/estat/Pdfdl.do?sinfid=000012449985,2026-10-03,false
01230,北海道,胆振総合振興局,,登別市,,002,後志胆振,06,渡島・尻別川,未確認,2010年包括区域の名称条件一致,登別市,要現行資料照合,2010-02-01,2026-01-01,1,https://www.e-stat.go.jp/SG1/estat/Pdfdl.do?sinfid=000012449985,2010-02-01,https://www.e-stat.go.jp/SG1/estat/Pdfdl.do?sinfid=000012449985,2026-10-03,false
01231,北海道,石狩振興局,,恵庭市,,005,石狩空知,02,石狩川,未確認,2010年包括区域の名称条件一致,恵庭市,要現行資料照合,2010-02-01,2026-01-01,1,https://www.e-stat.go.jp/SG1/estat/Pdfdl.do?sinfid=000012449985,2010-02-01,https://www.e-stat.go.jp/SG1/estat/Pdfdl.do?sinfid=000012449985,2026-10-03,false
01233,北海道,胆振総合振興局,,伊達市,,002,後志胆振,06,渡島・尻別川,未確認,2010年包括区域の名称条件一致,伊達市,要現行資料照合,2010-02-01,2026-01-01,1,https://www.e-stat.go.jp/SG1/estat/Pdfdl.do?sinfid=000012449985,2010-02-01,https://www.e-stat.go.jp/SG1/estat/Pdfdl.do?sinfid=000012449985,2026-10-03,false
01234,北海道,石狩振興局,,北広島市,,005,石狩空知,02,石狩川,未確認,2010年包括区域の名称条件一致,北広島市,要現行資料照合,2010-02-01,2026-01-01,1,https://www.e-stat.go.jp/SG1/estat/Pdfdl.do?sinfid=000012449985,2010-02-01,https://www.e-stat.go.jp/SG1/estat/Pdfdl.do?sinfid=000012449985,2026-10-03,false
01235,北海道,石狩振興局,,石狩市,,005,石狩空知,02,石狩川,未確認,2010年包括区域の名称条件一致,石狩市,要現行資料照合,2010-02-01,2026-01-01,1,https://www.e-stat.go.jp/SG1/estat/Pdfdl.do?sinfid=000012449985,2010-02-01,https://www.e-stat.go.jp/SG1/estat/Pdfdl.do?sinfid=000012449985,2026-10-03,false
01236,北海道,渡島総合振興局,,北斗市,,001,渡島檜山,06,渡島・尻別川,未確認,2010年包括区域の名称条件一致,北斗市,要現行資料照合,2010-02-01,2026-01-01,1,https://www.e-stat.go.jp/SG1/estat/Pdfdl.do?sinfid=000012449985,2010-02-01,https://www.e-stat.go.jp/SG1/estat/Pdfdl.do?sinfid=000012449985,2026-10-03,false
01303,北海道,石狩振興局,石狩郡,当別町,,005,石狩空知,02,石狩川,未確認,2010年包括区域の名称条件一致,石狩郡,要現行資料照合,2010-02-01,2026-01-01,1,https://www.e-stat.go.jp/SG1/estat/Pdfdl.do?sinfid=000012449985,2010-02-01,https://www.e-stat.go.jp/SG1/estat/Pdfdl.do?sinfid=000012449985,2026-10-03,false
01304,北海道,石狩振興局,石狩郡,新篠津村,,005,石狩空知,02,石狩川,未確認,2010年包括区域の名称条件一致,石狩郡,要現行資料照合,2010-02-01,2026-01-01,1,https://www.e-stat.go.jp/SG1/estat/Pdfdl.do?sinfid=000012449985,2010-02-01,https://www.e-stat.go.jp/SG1/estat/Pdfdl.do?sinfid=000012449985,2026-10-03,false
01331,北海道,渡島総合振興局,松前郡,松前町,,001,渡島檜山,06,渡島・尻別川,未確認,2010年包括区域の名称条件一致,松前郡,要現行資料照合,2010-02-01,2026-01-01,1,https://www.e-stat.go.jp/SG1/estat/Pdfdl.do?sinfid=000012449985,2010-02-01,https://www.e-stat.go.jp/SG1/estat/Pdfdl.do?sinfid=000012449985,2026-10-03,false
01332,北海道,渡島総合振興局,松前郡,福島町,,001,渡島檜山,06,渡島・尻別川,未確認,2010年包括区域の名称条件一致,松前郡,要現行資料照合,2010-02-01,2026-01-01,1,https://www.e-stat.go.jp/SG1/estat/Pdfdl.do?sinfid=000012449985,2010-02-01,https://www.e-stat.go.jp/SG1/estat/Pdfdl.do?sinfid=000012449985,2026-10-03,false
01333,北海道,渡島総合振興局,上磯郡,知内町,,001,渡島檜山,06,渡島・尻別川,未確認,2010年包括区域の名称条件一致,上磯郡,要現行資料照合,2010-02-01,2026-01-01,1,https://www.e-stat.go.jp/SG1/estat/Pdfdl.do?sinfid=000012449985,2010-02-01,https://www.e-stat.go.jp/SG1/estat/Pdfdl.do?sinfid=000012449985,2026-10-03,false
01334,北海道,渡島総合振興局,上磯郡,木古内町,,001,渡島檜山,06,渡島・尻別川,未確認,2010年包括区域の名称条件一致,上磯郡,要現行資料照合,2010-02-01,2026-01-01,1,https://www.e-stat.go.jp/SG1/estat/Pdfdl.do?sinfid=000012449985,2010-02-01,https://www.e-stat.go.jp/SG1/estat/Pdfdl.do?sinfid=000012449985,2026-10-03,false
01337,北海道,渡島総合振興局,亀田郡,七飯町,,001,渡島檜山,06,渡島・尻別川,未確認,2010年包括区域の名称条件一致,亀田郡,要現行資料照合,2010-02-01,2026-01-01,1,https://www.e-stat.go.jp/SG1/estat/Pdfdl.do?sinfid=000012449985,2010-02-01,https://www.e-stat.go.jp/SG1/estat/Pdfdl.do?sinfid=000012449985,2026-10-03,false
01343,北海道,渡島総合振興局,茅部郡,鹿部町,,001,渡島檜山,06,渡島・尻別川,未確認,2010年包括区域の名称条件一致,茅部郡,要現行資料照合,2010-02-01,2026-01-01,1,https://www.e-stat.go.jp/SG1/estat/Pdfdl.do?sinfid=000012449985,2010-02-01,https://www.e-stat.go.jp/SG1/estat/Pdfdl.do?sinfid=000012449985,2026-10-03,false
01345,北海道,渡島総合振興局,茅部郡,森町,,001,渡島檜山,06,渡島・尻別川,未確認,2010年包括区域の名称条件一致,茅部郡,要現行資料照合,2010-02-01,2026-01-01,1,https://www.e-stat.go.jp/SG1/estat/Pdfdl.do?sinfid=000012449985,2010-02-01,https://www.e-stat.go.jp/SG1/estat/Pdfdl.do?sinfid=000012449985,2026-10-03,false
01346,北海道,渡島総合振興局,二海郡,八雲町,,001,渡島檜山,06,渡島・尻別川,未確認,2010年包括区域の名称条件一致,二海郡,要現行資料照合,2010-02-01,2026-01-01,1,https://www.e-stat.go.jp/SG1/estat/Pdfdl.do?sinfid=000012449985,2010-02-01,https://www.e-stat.go.jp/SG1/estat/Pdfdl.do?sinfid=000012449985,2026-10-03,false
01347,北海道,渡島総合振興局,山越郡,長万部町,,001,渡島檜山,06,渡島・尻別川,未確認,2010年包括区域の名称条件一致,山越郡,要現行資料照合,2010-02-01,2026-01-01,1,https://www.e-stat.go.jp/SG1/estat/Pdfdl.do?sinfid=000012449985,2010-02-01,https://www.e-stat.go.jp/SG1/estat/Pdfdl.do?sinfid=000012449985,2026-10-03,false
01361,北海道,檜山振興局,檜山郡,江差町,,001,渡島檜山,06,渡島・尻別川,未確認,2010年包括区域の名称条件一致,檜山郡,要現行資料照合,2010-02-01,2026-01-01,1,https://www.e-stat.go.jp/SG1/estat/Pdfdl.do?sinfid=000012449985,2010-02-01,https://www.e-stat.go.jp/SG1/estat/Pdfdl.do?sinfid=000012449985,2026-10-03,false
01362,北海道,檜山振興局,檜山郡,上ノ国町,,001,渡島檜山,06,渡島・尻別川,未確認,2010年包括区域の名称条件一致,檜山郡,要現行資料照合,2010-02-01,2026-01-01,1,https://www.e-stat.go.jp/SG1/estat/Pdfdl.do?sinfid=000012449985,2010-02-01,https://www.e-stat.go.jp/SG1/estat/Pdfdl.do?sinfid=000012449985,2026-10-03,false
01363,北海道,檜山振興局,檜山郡,厚沢部町,,001,渡島檜山,06,渡島・尻別川,未確認,2010年包括区域の名称条件一致,檜山郡,要現行資料照合,2010-02-01,2026-01-01,1,https://www.e-stat.go.jp/SG1/estat/Pdfdl.do?sinfid=000012449985,2010-02-01,https://www.e-stat.go.jp/SG1/estat/Pdfdl.do?sinfid=000012449985,2026-10-03,false
01364,北海道,檜山振興局,爾志郡,乙部町,,001,渡島檜山,06,渡島・尻別川,未確認,2010年包括区域の名称条件一致,爾志郡,要現行資料照合,2010-02-01,2026-01-01,1,https://www.e-stat.go.jp/SG1/estat/Pdfdl.do?sinfid=000012449985,2010-02-01,https://www.e-stat.go.jp/SG1/estat/Pdfdl.do?sinfid=000012449985,2026-10-03,false
01367,北海道,檜山振興局,奥尻郡,奥尻町,,001,渡島檜山,06,渡島・尻別川,未確認,2010年包括区域の名称条件一致,奥尻郡,要現行資料照合,2010-02-01,2026-01-01,1,https://www.e-stat.go.jp/SG1/estat/Pdfdl.do?sinfid=000012449985,2010-02-01,https://www.e-stat.go.jp/SG1/estat/Pdfdl.do?sinfid=000012449985,2026-10-03,false
01370,北海道,檜山振興局,瀬棚郡,今金町,,001,渡島檜山,06,渡島・尻別川,未確認,2010年包括区域の名称条件一致,瀬棚郡,要現行資料照合,2010-02-01,2026-01-01,1,https://www.e-stat.go.jp/SG1/estat/Pdfdl.do?sinfid=000012449985,2010-02-01,https://www.e-stat.go.jp/SG1/estat/Pdfdl.do?sinfid=000012449985,2026-10-03,false
01371,北海道,檜山振興局,久遠郡,せたな町,,001,渡島檜山,06,渡島・尻別川,未確認,2010年包括区域の名称条件一致,久遠郡,要現行資料照合,2010-02-01,2026-01-01,1,https://www.e-stat.go.jp/SG1/estat/Pdfdl.do?sinfid=000012449985,2010-02-01,https://www.e-stat.go.jp/SG1/estat/Pdfdl.do?sinfid=000012449985,2026-10-03,false
01391,北海道,後志総合振興局,島牧郡,島牧村,,002,後志胆振,06,渡島・尻別川,未確認,2010年包括区域の名称条件一致,島牧郡,要現行資料照合,2010-02-01,2026-01-01,1,https://www.e-stat.go.jp/SG1/estat/Pdfdl.do?sinfid=000012449985,2010-02-01,https://www.e-stat.go.jp/SG1/estat/Pdfdl.do?sinfid=000012449985,2026-10-03,false
01392,北海道,後志総合振興局,寿都郡,寿都町,,002,後志胆振,06,渡島・尻別川,未確認,2010年包括区域の名称条件一致,寿都郡,要現行資料照合,2010-02-01,2026-01-01,1,https://www.e-stat.go.jp/SG1/estat/Pdfdl.do?sinfid=000012449985,2010-02-01,https://www.e-stat.go.jp/SG1/estat/Pdfdl.do?sinfid=000012449985,2026-10-03,false
01393,北海道,後志総合振興局,寿都郡,黒松内町,,002,後志胆振,06,渡島・尻別川,未確認,2010年包括区域の名称条件一致,寿都郡,要現行資料照合,2010-02-01,2026-01-01,1,https://www.e-stat.go.jp/SG1/estat/Pdfdl.do?sinfid=000012449985,2010-02-01,https://www.e-stat.go.jp/SG1/estat/Pdfdl.do?sinfid=000012449985,2026-10-03,false
01394,北海道,後志総合振興局,磯谷郡,蘭越町,,002,後志胆振,06,渡島・尻別川,未確認,2010年包括区域の名称条件一致,磯谷郡,要現行資料照合,2010-02-01,2026-01-01,1,https://www.e-stat.go.jp/SG1/estat/Pdfdl.do?sinfid=000012449985,2010-02-01,https://www.e-stat.go.jp/SG1/estat/Pdfdl.do?sinfid=000012449985,2026-10-03,false
01395,北海道,後志総合振興局,虻田郡,ニセコ町,,002,後志胆振,06,渡島・尻別川,未確認,2010年包括区域の名称条件一致,虻田郡（豊浦町、洞爺湖町を除く）,要現行資料照合,2010-02-01,2026-01-01,1,https://www.e-stat.go.jp/SG1/estat/Pdfdl.do?sinfid=000012449985,2010-02-01,https://www.e-stat.go.jp/SG1/estat/Pdfdl.do?sinfid=000012449985,2026-10-03,false
01396,北海道,後志総合振興局,虻田郡,真狩村,,002,後志胆振,06,渡島・尻別川,未確認,2010年包括区域の名称条件一致,虻田郡（豊浦町、洞爺湖町を除く）,要現行資料照合,2010-02-01,2026-01-01,1,https://www.e-stat.go.jp/SG1/estat/Pdfdl.do?sinfid=000012449985,2010-02-01,https://www.e-stat.go.jp/SG1/estat/Pdfdl.do?sinfid=000012449985,2026-10-03,false
01397,北海道,後志総合振興局,虻田郡,留寿都村,,002,後志胆振,06,渡島・尻別川,未確認,2010年包括区域の名称条件一致,虻田郡（豊浦町、洞爺湖町を除く）,要現行資料照合,2010-02-01,2026-01-01,1,https://www.e-stat.go.jp/SG1/estat/Pdfdl.do?sinfid=000012449985,2010-02-01,https://www.e-stat.go.jp/SG1/estat/Pdfdl.do?sinfid=000012449985,2026-10-03,false
01398,北海道,後志総合振興局,虻田郡,喜茂別町,,002,後志胆振,06,渡島・尻別川,未確認,2010年包括区域の名称条件一致,虻田郡（豊浦町、洞爺湖町を除く）,要現行資料照合,2010-02-01,2026-01-01,1,https://www.e-stat.go.jp/SG1/estat/Pdfdl.do?sinfid=000012449985,2010-02-01,https://www.e-stat.go.jp/SG1/estat/Pdfdl.do?sinfid=000012449985,2026-10-03,false
01399,北海道,後志総合振興局,虻田郡,京極町,,002,後志胆振,06,渡島・尻別川,未確認,2010年包括区域の名称条件一致,虻田郡（豊浦町、洞爺湖町を除く）,要現行資料照合,2010-02-01,2026-01-01,1,https://www.e-stat.go.jp/SG1/estat/Pdfdl.do?sinfid=000012449985,2010-02-01,https://www.e-stat.go.jp/SG1/estat/Pdfdl.do?sinfid=000012449985,2026-10-03,false
01400,北海道,後志総合振興局,虻田郡,倶知安町,,002,後志胆振,06,渡島・尻別川,未確認,2010年包括区域の名称条件一致,虻田郡（豊浦町、洞爺湖町を除く）,要現行資料照合,2010-02-01,2026-01-01,1,https://www.e-stat.go.jp/SG1/estat/Pdfdl.do?sinfid=000012449985,2010-02-01,https://www.e-stat.go.jp/SG1/estat/Pdfdl.do?sinfid=000012449985,2026-10-03,false
01401,北海道,後志総合振興局,岩内郡,共和町,,002,後志胆振,06,渡島・尻別川,未確認,2010年包括区域の名称条件一致,岩内郡,要現行資料照合,2010-02-01,2026-01-01,1,https://www.e-stat.go.jp/SG1/estat/Pdfdl.do?sinfid=000012449985,2010-02-01,https://www.e-stat.go.jp/SG1/estat/Pdfdl.do?sinfid=000012449985,2026-10-03,false
01402,北海道,後志総合振興局,岩内郡,岩内町,,002,後志胆振,06,渡島・尻別川,未確認,2010年包括区域の名称条件一致,岩内郡,要現行資料照合,2010-02-01,2026-01-01,1,https://www.e-stat.go.jp/SG1/estat/Pdfdl.do?sinfid=000012449985,2010-02-01,https://www.e-stat.go.jp/SG1/estat/Pdfdl.do?sinfid=000012449985,2026-10-03,false
01403,北海道,後志総合振興局,古宇郡,泊村,,002,後志胆振,06,渡島・尻別川,未確認,2010年包括区域の名称条件一致,古宇郡,要現行資料照合,2010-02-01,2026-01-01,1,https://www.e-stat.go.jp/SG1/estat/Pdfdl.do?sinfid=000012449985,2010-02-01,https://www.e-stat.go.jp/SG1/estat/Pdfdl.do?sinfid=000012449985,2026-10-03,false
01404,北海道,後志総合振興局,古宇郡,神恵内村,,002,後志胆振,06,渡島・尻別川,未確認,2010年包括区域の名称条件一致,古宇郡,要現行資料照合,2010-02-01,2026-01-01,1,https://www.e-stat.go.jp/SG1/estat/Pdfdl.do?sinfid=000012449985,2010-02-01,https://www.e-stat.go.jp/SG1/estat/Pdfdl.do?sinfid=000012449985,2026-10-03,false
01405,北海道,後志総合振興局,積丹郡,積丹町,,005,石狩空知,02,石狩川,未確認,2010年包括区域の名称条件一致,積丹郡,要現行資料照合,2010-02-01,2026-01-01,1,https://www.e-stat.go.jp/SG1/estat/Pdfdl.do?sinfid=000012449985,2010-02-01,https://www.e-stat.go.jp/SG1/estat/Pdfdl.do?sinfid=000012449985,2026-10-03,false
01406,北海道,後志総合振興局,古平郡,古平町,,005,石狩空知,02,石狩川,未確認,2010年包括区域の名称条件一致,古平郡,要現行資料照合,2010-02-01,2026-01-01,1,https://www.e-stat.go.jp/SG1/estat/Pdfdl.do?sinfid=000012449985,2010-02-01,https://www.e-stat.go.jp/SG1/estat/Pdfdl.do?sinfid=000012449985,2026-10-03,false
01407,北海道,後志総合振興局,余市郡,仁木町,,005,石狩空知,02,石狩川,未確認,2010年包括区域の名称条件一致,余市郡,要現行資料照合,2010-02-01,2026-01-01,1,https://www.e-stat.go.jp/SG1/estat/Pdfdl.do?sinfid=000012449985,2010-02-01,https://www.e-stat.go.jp/SG1/estat/Pdfdl.do?sinfid=000012449985,2026-10-03,false
01408,北海道,後志総合振興局,余市郡,余市町,,005,石狩空知,02,石狩川,未確認,2010年包括区域の名称条件一致,余市郡,要現行資料照合,2010-02-01,2026-01-01,1,https://www.e-stat.go.jp/SG1/estat/Pdfdl.do?sinfid=000012449985,2010-02-01,https://www.e-stat.go.jp/SG1/estat/Pdfdl.do?sinfid=000012449985,2026-10-03,false
01409,北海道,後志総合振興局,余市郡,赤井川村,,005,石狩空知,02,石狩川,未確認,2010年包括区域の名称条件一致,余市郡,要現行資料照合,2010-02-01,2026-01-01,1,https://www.e-stat.go.jp/SG1/estat/Pdfdl.do?sinfid=000012449985,2010-02-01,https://www.e-stat.go.jp/SG1/estat/Pdfdl.do?sinfid=000012449985,2026-10-03,false
01423,北海道,空知総合振興局,空知郡,南幌町,,005,石狩空知,02,石狩川,未確認,2010年包括区域の名称条件一致,空知郡（上富良野町、中富良野町、南富良野町を除く）,要現行資料照合,2010-02-01,2026-01-01,1,https://www.e-stat.go.jp/SG1/estat/Pdfdl.do?sinfid=000012449985,2010-02-01,https://www.e-stat.go.jp/SG1/estat/Pdfdl.do?sinfid=000012449985,2026-10-03,false
01424,北海道,空知総合振興局,空知郡,奈井江町,,005,石狩空知,02,石狩川,未確認,2010年包括区域の名称条件一致,空知郡（上富良野町、中富良野町、南富良野町を除く）,要現行資料照合,2010-02-01,2026-01-01,1,https://www.e-stat.go.jp/SG1/estat/Pdfdl.do?sinfid=000012449985,2010-02-01,https://www.e-stat.go.jp/SG1/estat/Pdfdl.do?sinfid=000012449985,2026-10-03,false
01425,北海道,空知総合振興局,空知郡,上砂川町,,005,石狩空知,02,石狩川,未確認,2010年包括区域の名称条件一致,空知郡（上富良野町、中富良野町、南富良野町を除く）,要現行資料照合,2010-02-01,2026-01-01,1,https://www.e-stat.go.jp/SG1/estat/Pdfdl.do?sinfid=000012449985,2010-02-01,https://www.e-stat.go.jp/SG1/estat/Pdfdl.do?sinfid=000012449985,2026-10-03,false
01427,北海道,空知総合振興局,夕張郡,由仁町,,005,石狩空知,02,石狩川,未確認,2010年包括区域の名称条件一致,夕張郡,要現行資料照合,2010-02-01,2026-01-01,1,https://www.e-stat.go.jp/SG1/estat/Pdfdl.do?sinfid=000012449985,2010-02-01,https://www.e-stat.go.jp/SG1/estat/Pdfdl.do?sinfid=000012449985,2026-10-03,false
01428,北海道,空知総合振興局,夕張郡,長沼町,,005,石狩空知,02,石狩川,未確認,2010年包括区域の名称条件一致,夕張郡,要現行資料照合,2010-02-01,2026-01-01,1,https://www.e-stat.go.jp/SG1/estat/Pdfdl.do?sinfid=000012449985,2010-02-01,https://www.e-stat.go.jp/SG1/estat/Pdfdl.do?sinfid=000012449985,2026-10-03,false
01429,北海道,空知総合振興局,夕張郡,栗山町,,005,石狩空知,02,石狩川,未確認,2010年包括区域の名称条件一致,夕張郡,要現行資料照合,2010-02-01,2026-01-01,1,https://www.e-stat.go.jp/SG1/estat/Pdfdl.do?sinfid=000012449985,2010-02-01,https://www.e-stat.go.jp/SG1/estat/Pdfdl.do?sinfid=000012449985,2026-10-03,false
01430,北海道,空知総合振興局,樺戸郡,月形町,,005,石狩空知,02,石狩川,未確認,2010年包括区域の名称条件一致,樺戸郡,要現行資料照合,2010-02-01,2026-01-01,1,https://www.e-stat.go.jp/SG1/estat/Pdfdl.do?sinfid=000012449985,2010-02-01,https://www.e-stat.go.jp/SG1/estat/Pdfdl.do?sinfid=000012449985,2026-10-03,false
01431,北海道,空知総合振興局,樺戸郡,浦臼町,,005,石狩空知,02,石狩川,未確認,2010年包括区域の名称条件一致,樺戸郡,要現行資料照合,2010-02-01,2026-01-01,1,https://www.e-stat.go.jp/SG1/estat/Pdfdl.do?sinfid=000012449985,2010-02-01,https://www.e-stat.go.jp/SG1/estat/Pdfdl.do?sinfid=000012449985,2026-10-03,false
01432,北海道,空知総合振興局,樺戸郡,新十津川町,,005,石狩空知,02,石狩川,未確認,2010年包括区域の名称条件一致,樺戸郡,要現行資料照合,2010-02-01,2026-01-01,1,https://www.e-stat.go.jp/SG1/estat/Pdfdl.do?sinfid=000012449985,2010-02-01,https://www.e-stat.go.jp/SG1/estat/Pdfdl.do?sinfid=000012449985,2026-10-03,false
01433,北海道,空知総合振興局,雨竜郡,妹背牛町,,005,石狩空知,02,石狩川,未確認,2010年包括区域の名称条件一致,雨竜郡,要現行資料照合,2010-02-01,2026-01-01,1,https://www.e-stat.go.jp/SG1/estat/Pdfdl.do?sinfid=000012449985,2010-02-01,https://www.e-stat.go.jp/SG1/estat/Pdfdl.do?sinfid=000012449985,2026-10-03,false
01434,北海道,空知総合振興局,雨竜郡,秩父別町,,005,石狩空知,02,石狩川,未確認,2010年包括区域の名称条件一致,雨竜郡,要現行資料照合,2010-02-01,2026-01-01,1,https://www.e-stat.go.jp/SG1/estat/Pdfdl.do?sinfid=000012449985,2010-02-01,https://www.e-stat.go.jp/SG1/estat/Pdfdl.do?sinfid=000012449985,2026-10-03,false
01436,北海道,空知総合振興局,雨竜郡,雨竜町,,005,石狩空知,02,石狩川,未確認,2010年包括区域の名称条件一致,雨竜郡,要現行資料照合,2010-02-01,2026-01-01,1,https://www.e-stat.go.jp/SG1/estat/Pdfdl.do?sinfid=000012449985,2010-02-01,https://www.e-stat.go.jp/SG1/estat/Pdfdl.do?sinfid=000012449985,2026-10-03,false
01437,北海道,空知総合振興局,雨竜郡,北竜町,,005,石狩空知,02,石狩川,未確認,2010年包括区域の名称条件一致,雨竜郡,要現行資料照合,2010-02-01,2026-01-01,1,https://www.e-stat.go.jp/SG1/estat/Pdfdl.do?sinfid=000012449985,2010-02-01,https://www.e-stat.go.jp/SG1/estat/Pdfdl.do?sinfid=000012449985,2026-10-03,false
01438,北海道,空知総合振興局,雨竜郡,沼田町,,005,石狩空知,02,石狩川,未確認,2010年包括区域の名称条件一致,雨竜郡,要現行資料照合,2010-02-01,2026-01-01,1,https://www.e-stat.go.jp/SG1/estat/Pdfdl.do?sinfid=000012449985,2010-02-01,https://www.e-stat.go.jp/SG1/estat/Pdfdl.do?sinfid=000012449985,2026-10-03,false
01452,北海道,上川総合振興局,上川郡,鷹栖町,,006,上川南部,02,石狩川,未確認,2010年包括区域の名称条件一致,上川郡（和寒町、剣淵町、下川町、新得町、清水町を除く）,要現行資料照合,2010-02-01,2026-01-01,1,https://www.e-stat.go.jp/SG1/estat/Pdfdl.do?sinfid=000012449985,2010-02-01,https://www.e-stat.go.jp/SG1/estat/Pdfdl.do?sinfid=000012449985,2026-10-03,false
01453,北海道,上川総合振興局,上川郡,東神楽町,,006,上川南部,02,石狩川,未確認,2010年包括区域の名称条件一致,上川郡（和寒町、剣淵町、下川町、新得町、清水町を除く）,要現行資料照合,2010-02-01,2026-01-01,1,https://www.e-stat.go.jp/SG1/estat/Pdfdl.do?sinfid=000012449985,2010-02-01,https://www.e-stat.go.jp/SG1/estat/Pdfdl.do?sinfid=000012449985,2026-10-03,false
01454,北海道,上川総合振興局,上川郡,当麻町,,006,上川南部,02,石狩川,未確認,2010年包括区域の名称条件一致,上川郡（和寒町、剣淵町、下川町、新得町、清水町を除く）,要現行資料照合,2010-02-01,2026-01-01,1,https://www.e-stat.go.jp/SG1/estat/Pdfdl.do?sinfid=000012449985,2010-02-01,https://www.e-stat.go.jp/SG1/estat/Pdfdl.do?sinfid=000012449985,2026-10-03,false
01455,北海道,上川総合振興局,上川郡,比布町,,006,上川南部,02,石狩川,未確認,2010年包括区域の名称条件一致,上川郡（和寒町、剣淵町、下川町、新得町、清水町を除く）,要現行資料照合,2010-02-01,2026-01-01,1,https://www.e-stat.go.jp/SG1/estat/Pdfdl.do?sinfid=000012449985,2010-02-01,https://www.e-stat.go.jp/SG1/estat/Pdfdl.do?sinfid=000012449985,2026-10-03,false
01456,北海道,上川総合振興局,上川郡,愛別町,,006,上川南部,02,石狩川,未確認,2010年包括区域の名称条件一致,上川郡（和寒町、剣淵町、下川町、新得町、清水町を除く）,要現行資料照合,2010-02-01,2026-01-01,1,https://www.e-stat.go.jp/SG1/estat/Pdfdl.do?sinfid=000012449985,2010-02-01,https://www.e-stat.go.jp/SG1/estat/Pdfdl.do?sinfid=000012449985,2026-10-03,false
01457,北海道,上川総合振興局,上川郡,上川町,,006,上川南部,02,石狩川,未確認,2010年包括区域の名称条件一致,上川郡（和寒町、剣淵町、下川町、新得町、清水町を除く）,要現行資料照合,2010-02-01,2026-01-01,1,https://www.e-stat.go.jp/SG1/estat/Pdfdl.do?sinfid=000012449985,2010-02-01,https://www.e-stat.go.jp/SG1/estat/Pdfdl.do?sinfid=000012449985,2026-10-03,false
01458,北海道,上川総合振興局,上川郡,東川町,,006,上川南部,02,石狩川,未確認,2010年包括区域の名称条件一致,上川郡（和寒町、剣淵町、下川町、新得町、清水町を除く）,要現行資料照合,2010-02-01,2026-01-01,1,https://www.e-stat.go.jp/SG1/estat/Pdfdl.do?sinfid=000012449985,2010-02-01,https://www.e-stat.go.jp/SG1/estat/Pdfdl.do?sinfid=000012449985,2026-10-03,false
01459,北海道,上川総合振興局,上川郡,美瑛町,,006,上川南部,02,石狩川,未確認,2010年包括区域の名称条件一致,上川郡（和寒町、剣淵町、下川町、新得町、清水町を除く）,要現行資料照合,2010-02-01,2026-01-01,1,https://www.e-stat.go.jp/SG1/estat/Pdfdl.do?sinfid=000012449985,2010-02-01,https://www.e-stat.go.jp/SG1/estat/Pdfdl.do?sinfid=000012449985,2026-10-03,false
01460,北海道,上川総合振興局,空知郡,上富良野町,,006,上川南部,02,石狩川,未確認,2010年包括区域の名称条件一致,空知郡（上富良野町、中富良野町、南富良野町）,要現行資料照合,2010-02-01,2026-01-01,1,https://www.e-stat.go.jp/SG1/estat/Pdfdl.do?sinfid=000012449985,2010-02-01,https://www.e-stat.go.jp/SG1/estat/Pdfdl.do?sinfid=000012449985,2026-10-03,false
01461,北海道,上川総合振興局,空知郡,中富良野町,,006,上川南部,02,石狩川,未確認,2010年包括区域の名称条件一致,空知郡（上富良野町、中富良野町、南富良野町）,要現行資料照合,2010-02-01,2026-01-01,1,https://www.e-stat.go.jp/SG1/estat/Pdfdl.do?sinfid=000012449985,2010-02-01,https://www.e-stat.go.jp/SG1/estat/Pdfdl.do?sinfid=000012449985,2026-10-03,false
01462,北海道,上川総合振興局,空知郡,南富良野町,,006,上川南部,02,石狩川,未確認,2010年包括区域の名称条件一致,空知郡（上富良野町、中富良野町、南富良野町）,要現行資料照合,2010-02-01,2026-01-01,1,https://www.e-stat.go.jp/SG1/estat/Pdfdl.do?sinfid=000012449985,2010-02-01,https://www.e-stat.go.jp/SG1/estat/Pdfdl.do?sinfid=000012449985,2026-10-03,false
01463,北海道,上川総合振興局,勇払郡,占冠村,,006,上川南部,02,石狩川,未確認,2010年包括区域の名称条件一致,勇払郡（占冠村）,要現行資料照合,2010-02-01,2026-01-01,1,https://www.e-stat.go.jp/SG1/estat/Pdfdl.do?sinfid=000012449985,2010-02-01,https://www.e-stat.go.jp/SG1/estat/Pdfdl.do?sinfid=000012449985,2026-10-03,false
01464,北海道,上川総合振興局,上川郡,和寒町,,007,上川北部,01,天塩川,未確認,2010年包括区域の名称条件一致,上川郡（和寒町、剣淵町、下川町）,要現行資料照合,2010-02-01,2026-01-01,1,https://www.e-stat.go.jp/SG1/estat/Pdfdl.do?sinfid=000012449985,2010-02-01,https://www.e-stat.go.jp/SG1/estat/Pdfdl.do?sinfid=000012449985,2026-10-03,false
01465,北海道,上川総合振興局,上川郡,剣淵町,,007,上川北部,01,天塩川,未確認,2010年包括区域の名称条件一致,上川郡（和寒町、剣淵町、下川町）,要現行資料照合,2010-02-01,2026-01-01,1,https://www.e-stat.go.jp/SG1/estat/Pdfdl.do?sinfid=000012449985,2010-02-01,https://www.e-stat.go.jp/SG1/estat/Pdfdl.do?sinfid=000012449985,2026-10-03,false
01468,北海道,上川総合振興局,上川郡,下川町,,007,上川北部,01,天塩川,未確認,2010年包括区域の名称条件一致,上川郡（和寒町、剣淵町、下川町）,要現行資料照合,2010-02-01,2026-01-01,1,https://www.e-stat.go.jp/SG1/estat/Pdfdl.do?sinfid=000012449985,2010-02-01,https://www.e-stat.go.jp/SG1/estat/Pdfdl.do?sinfid=000012449985,2026-10-03,false
01469,北海道,上川総合振興局,中川郡,美深町,,007,上川北部,01,天塩川,未確認,2010年包括区域の名称条件一致,中川郡（美深町、音威子府村、中川町）,要現行資料照合,2010-02-01,2026-01-01,1,https://www.e-stat.go.jp/SG1/estat/Pdfdl.do?sinfid=000012449985,2010-02-01,https://www.e-stat.go.jp/SG1/estat/Pdfdl.do?sinfid=000012449985,2026-10-03,false
01470,北海道,上川総合振興局,中川郡,音威子府村,,007,上川北部,01,天塩川,未確認,2010年包括区域の名称条件一致,中川郡（美深町、音威子府村、中川町）,要現行資料照合,2010-02-01,2026-01-01,1,https://www.e-stat.go.jp/SG1/estat/Pdfdl.do?sinfid=000012449985,2010-02-01,https://www.e-stat.go.jp/SG1/estat/Pdfdl.do?sinfid=000012449985,2026-10-03,false
01471,北海道,上川総合振興局,中川郡,中川町,,007,上川北部,01,天塩川,未確認,2010年包括区域の名称条件一致,中川郡（美深町、音威子府村、中川町）,要現行資料照合,2010-02-01,2026-01-01,1,https://www.e-stat.go.jp/SG1/estat/Pdfdl.do?sinfid=000012449985,2010-02-01,https://www.e-stat.go.jp/SG1/estat/Pdfdl.do?sinfid=000012449985,2026-10-03,false
01472,北海道,上川総合振興局,雨竜郡,幌加内町,,005,石狩空知,02,石狩川,未確認,2010年包括区域の名称条件一致,雨竜郡,要現行資料照合,2010-02-01,2026-01-01,1,https://www.e-stat.go.jp/SG1/estat/Pdfdl.do?sinfid=000012449985,2010-02-01,https://www.e-stat.go.jp/SG1/estat/Pdfdl.do?sinfid=000012449985,2026-10-03,false
01481,北海道,留萌振興局,増毛郡,増毛町,,008,留萌,01,天塩川,未確認,2010年包括区域の名称条件一致,増毛郡,要現行資料照合,2010-02-01,2026-01-01,1,https://www.e-stat.go.jp/SG1/estat/Pdfdl.do?sinfid=000012449985,2010-02-01,https://www.e-stat.go.jp/SG1/estat/Pdfdl.do?sinfid=000012449985,2026-10-03,false
01482,北海道,留萌振興局,留萌郡,小平町,,008,留萌,01,天塩川,未確認,2010年包括区域の名称条件一致,留萌郡,要現行資料照合,2010-02-01,2026-01-01,1,https://www.e-stat.go.jp/SG1/estat/Pdfdl.do?sinfid=000012449985,2010-02-01,https://www.e-stat.go.jp/SG1/estat/Pdfdl.do?sinfid=000012449985,2026-10-03,false
01483,北海道,留萌振興局,苫前郡,苫前町,,008,留萌,01,天塩川,未確認,2010年包括区域の名称条件一致,苫前郡,要現行資料照合,2010-02-01,2026-01-01,1,https://www.e-stat.go.jp/SG1/estat/Pdfdl.do?sinfid=000012449985,2010-02-01,https://www.e-stat.go.jp/SG1/estat/Pdfdl.do?sinfid=000012449985,2026-10-03,false
01484,北海道,留萌振興局,苫前郡,羽幌町,,008,留萌,01,天塩川,未確認,2010年包括区域の名称条件一致,苫前郡,要現行資料照合,2010-02-01,2026-01-01,1,https://www.e-stat.go.jp/SG1/estat/Pdfdl.do?sinfid=000012449985,2010-02-01,https://www.e-stat.go.jp/SG1/estat/Pdfdl.do?sinfid=000012449985,2026-10-03,false
01485,北海道,留萌振興局,苫前郡,初山別村,,008,留萌,01,天塩川,未確認,2010年包括区域の名称条件一致,苫前郡,要現行資料照合,2010-02-01,2026-01-01,1,https://www.e-stat.go.jp/SG1/estat/Pdfdl.do?sinfid=000012449985,2010-02-01,https://www.e-stat.go.jp/SG1/estat/Pdfdl.do?sinfid=000012449985,2026-10-03,false
01486,北海道,留萌振興局,天塩郡,遠別町,,008,留萌,01,天塩川,未確認,2010年包括区域の名称条件一致,天塩郡（豊富町を除く）,要現行資料照合,2010-02-01,2026-01-01,1,https://www.e-stat.go.jp/SG1/estat/Pdfdl.do?sinfid=000012449985,2010-02-01,https://www.e-stat.go.jp/SG1/estat/Pdfdl.do?sinfid=000012449985,2026-10-03,false
01487,北海道,留萌振興局,天塩郡,天塩町,,008,留萌,01,天塩川,未確認,2010年包括区域の名称条件一致,天塩郡（豊富町を除く）,要現行資料照合,2010-02-01,2026-01-01,1,https://www.e-stat.go.jp/SG1/estat/Pdfdl.do?sinfid=000012449985,2010-02-01,https://www.e-stat.go.jp/SG1/estat/Pdfdl.do?sinfid=000012449985,2026-10-03,false
01511,北海道,宗谷総合振興局,宗谷郡,猿払村,,009,宗谷,01,天塩川,未確認,2010年包括区域の名称条件一致,宗谷郡,要現行資料照合,2010-02-01,2026-01-01,1,https://www.e-stat.go.jp/SG1/estat/Pdfdl.do?sinfid=000012449985,2010-02-01,https://www.e-stat.go.jp/SG1/estat/Pdfdl.do?sinfid=000012449985,2026-10-03,false
01512,北海道,宗谷総合振興局,枝幸郡,浜頓別町,,009,宗谷,01,天塩川,未確認,2010年包括区域の名称条件一致,枝幸郡,要現行資料照合,2010-02-01,2026-01-01,1,https://www.e-stat.go.jp/SG1/estat/Pdfdl.do?sinfid=000012449985,2010-02-01,https://www.e-stat.go.jp/SG1/estat/Pdfdl.do?sinfid=000012449985,2026-10-03,false
01513,北海道,宗谷総合振興局,枝幸郡,中頓別町,,009,宗谷,01,天塩川,未確認,2010年包括区域の名称条件一致,枝幸郡,要現行資料照合,2010-02-01,2026-01-01,1,https://www.e-stat.go.jp/SG1/estat/Pdfdl.do?sinfid=000012449985,2010-02-01,https://www.e-stat.go.jp/SG1/estat/Pdfdl.do?sinfid=000012449985,2026-10-03,false
01514,北海道,宗谷総合振興局,枝幸郡,枝幸町,,009,宗谷,01,天塩川,未確認,2010年包括区域の名称条件一致,枝幸郡,要現行資料照合,2010-02-01,2026-01-01,1,https://www.e-stat.go.jp/SG1/estat/Pdfdl.do?sinfid=000012449985,2010-02-01,https://www.e-stat.go.jp/SG1/estat/Pdfdl.do?sinfid=000012449985,2026-10-03,false
01516,北海道,宗谷総合振興局,天塩郡,豊富町,,009,宗谷,01,天塩川,未確認,2010年包括区域の名称条件一致,天塩郡（豊富町）,要現行資料照合,2010-02-01,2026-01-01,1,https://www.e-stat.go.jp/SG1/estat/Pdfdl.do?sinfid=000012449985,2010-02-01,https://www.e-stat.go.jp/SG1/estat/Pdfdl.do?sinfid=000012449985,2026-10-03,false
01517,北海道,宗谷総合振興局,礼文郡,礼文町,,009,宗谷,01,天塩川,未確認,2010年包括区域の名称条件一致,礼文郡,要現行資料照合,2010-02-01,2026-01-01,1,https://www.e-stat.go.jp/SG1/estat/Pdfdl.do?sinfid=000012449985,2010-02-01,https://www.e-stat.go.jp/SG1/estat/Pdfdl.do?sinfid=000012449985,2026-10-03,false
01518,北海道,宗谷総合振興局,利尻郡,利尻町,,009,宗谷,01,天塩川,未確認,2010年包括区域の名称条件一致,利尻郡,要現行資料照合,2010-02-01,2026-01-01,1,https://www.e-stat.go.jp/SG1/estat/Pdfdl.do?sinfid=000012449985,2010-02-01,https://www.e-stat.go.jp/SG1/estat/Pdfdl.do?sinfid=000012449985,2026-10-03,false
01519,北海道,宗谷総合振興局,利尻郡,利尻富士町,,009,宗谷,01,天塩川,未確認,2010年包括区域の名称条件一致,利尻郡,要現行資料照合,2010-02-01,2026-01-01,1,https://www.e-stat.go.jp/SG1/estat/Pdfdl.do?sinfid=000012449985,2010-02-01,https://www.e-stat.go.jp/SG1/estat/Pdfdl.do?sinfid=000012449985,2026-10-03,false
01520,北海道,宗谷総合振興局,天塩郡,幌延町,,008,留萌,01,天塩川,未確認,2010年包括区域の名称条件一致,天塩郡（豊富町を除く）,要現行資料照合,2010-02-01,2026-01-01,1,https://www.e-stat.go.jp/SG1/estat/Pdfdl.do?sinfid=000012449985,2010-02-01,https://www.e-stat.go.jp/SG1/estat/Pdfdl.do?sinfid=000012449985,2026-10-03,false
01543,北海道,オホーツク総合振興局,網走郡,美幌町,,011,網走東部,03,網走・湧別川,未確認,2010年包括区域の名称条件一致,網走郡,要現行資料照合,2010-02-01,2026-01-01,1,https://www.e-stat.go.jp/SG1/estat/Pdfdl.do?sinfid=000012449985,2010-02-01,https://www.e-stat.go.jp/SG1/estat/Pdfdl.do?sinfid=000012449985,2026-10-03,false
01544,北海道,オホーツク総合振興局,網走郡,津別町,,011,網走東部,03,網走・湧別川,未確認,2010年包括区域の名称条件一致,網走郡,要現行資料照合,2010-02-01,2026-01-01,1,https://www.e-stat.go.jp/SG1/estat/Pdfdl.do?sinfid=000012449985,2010-02-01,https://www.e-stat.go.jp/SG1/estat/Pdfdl.do?sinfid=000012449985,2026-10-03,false
01545,北海道,オホーツク総合振興局,斜里郡,斜里町,,011,網走東部,03,網走・湧別川,未確認,2010年包括区域の名称条件一致,斜里郡,要現行資料照合,2010-02-01,2026-01-01,1,https://www.e-stat.go.jp/SG1/estat/Pdfdl.do?sinfid=000012449985,2010-02-01,https://www.e-stat.go.jp/SG1/estat/Pdfdl.do?sinfid=000012449985,2026-10-03,false
01546,北海道,オホーツク総合振興局,斜里郡,清里町,,011,網走東部,03,網走・湧別川,未確認,2010年包括区域の名称条件一致,斜里郡,要現行資料照合,2010-02-01,2026-01-01,1,https://www.e-stat.go.jp/SG1/estat/Pdfdl.do?sinfid=000012449985,2010-02-01,https://www.e-stat.go.jp/SG1/estat/Pdfdl.do?sinfid=000012449985,2026-10-03,false
01547,北海道,オホーツク総合振興局,斜里郡,小清水町,,011,網走東部,03,網走・湧別川,未確認,2010年包括区域の名称条件一致,斜里郡,要現行資料照合,2010-02-01,2026-01-01,1,https://www.e-stat.go.jp/SG1/estat/Pdfdl.do?sinfid=000012449985,2010-02-01,https://www.e-stat.go.jp/SG1/estat/Pdfdl.do?sinfid=000012449985,2026-10-03,false
01549,北海道,オホーツク総合振興局,常呂郡,訓子府町,,011,網走東部,03,網走・湧別川,未確認,2010年包括区域の名称条件一致,常呂郡,要現行資料照合,2010-02-01,2026-01-01,1,https://www.e-stat.go.jp/SG1/estat/Pdfdl.do?sinfid=000012449985,2010-02-01,https://www.e-stat.go.jp/SG1/estat/Pdfdl.do?sinfid=000012449985,2026-10-03,false
01550,北海道,オホーツク総合振興局,常呂郡,置戸町,,011,網走東部,03,網走・湧別川,未確認,2010年包括区域の名称条件一致,常呂郡,要現行資料照合,2010-02-01,2026-01-01,1,https://www.e-stat.go.jp/SG1/estat/Pdfdl.do?sinfid=000012449985,2010-02-01,https://www.e-stat.go.jp/SG1/estat/Pdfdl.do?sinfid=000012449985,2026-10-03,false
01552,北海道,オホーツク総合振興局,常呂郡,佐呂間町,,011,網走東部,03,網走・湧別川,未確認,2010年包括区域の名称条件一致,常呂郡,要現行資料照合,2010-02-01,2026-01-01,1,https://www.e-stat.go.jp/SG1/estat/Pdfdl.do?sinfid=000012449985,2010-02-01,https://www.e-stat.go.jp/SG1/estat/Pdfdl.do?sinfid=000012449985,2026-10-03,false
01555,北海道,オホーツク総合振興局,紋別郡,遠軽町,,010,網走西部,03,網走・湧別川,未確認,2010年包括区域の名称条件一致,紋別郡,要現行資料照合,2010-02-01,2026-01-01,1,https://www.e-stat.go.jp/SG1/estat/Pdfdl.do?sinfid=000012449985,2010-02-01,https://www.e-stat.go.jp/SG1/estat/Pdfdl.do?sinfid=000012449985,2026-10-03,false
01559,北海道,オホーツク総合振興局,紋別郡,湧別町,,010,網走西部,03,網走・湧別川,未確認,2010年包括区域の名称条件一致,紋別郡,要現行資料照合,2010-02-01,2026-01-01,1,https://www.e-stat.go.jp/SG1/estat/Pdfdl.do?sinfid=000012449985,2010-02-01,https://www.e-stat.go.jp/SG1/estat/Pdfdl.do?sinfid=000012449985,2026-10-03,false
01560,北海道,オホーツク総合振興局,紋別郡,滝上町,,010,網走西部,03,網走・湧別川,未確認,2010年包括区域の名称条件一致,紋別郡,要現行資料照合,2010-02-01,2026-01-01,1,https://www.e-stat.go.jp/SG1/estat/Pdfdl.do?sinfid=000012449985,2010-02-01,https://www.e-stat.go.jp/SG1/estat/Pdfdl.do?sinfid=000012449985,2026-10-03,false
01561,北海道,オホーツク総合振興局,紋別郡,興部町,,010,網走西部,03,網走・湧別川,未確認,2010年包括区域の名称条件一致,紋別郡,要現行資料照合,2010-02-01,2026-01-01,1,https://www.e-stat.go.jp/SG1/estat/Pdfdl.do?sinfid=000012449985,2010-02-01,https://www.e-stat.go.jp/SG1/estat/Pdfdl.do?sinfid=000012449985,2026-10-03,false
01562,北海道,オホーツク総合振興局,紋別郡,西興部村,,010,網走西部,03,網走・湧別川,未確認,2010年包括区域の名称条件一致,紋別郡,要現行資料照合,2010-02-01,2026-01-01,1,https://www.e-stat.go.jp/SG1/estat/Pdfdl.do?sinfid=000012449985,2010-02-01,https://www.e-stat.go.jp/SG1/estat/Pdfdl.do?sinfid=000012449985,2026-10-03,false
01563,北海道,オホーツク総合振興局,紋別郡,雄武町,,010,網走西部,03,網走・湧別川,未確認,2010年包括区域の名称条件一致,紋別郡,要現行資料照合,2010-02-01,2026-01-01,1,https://www.e-stat.go.jp/SG1/estat/Pdfdl.do?sinfid=000012449985,2010-02-01,https://www.e-stat.go.jp/SG1/estat/Pdfdl.do?sinfid=000012449985,2026-10-03,false
01564,北海道,オホーツク総合振興局,網走郡,大空町,,011,網走東部,03,網走・湧別川,未確認,2010年包括区域の名称条件一致,網走郡,要現行資料照合,2010-02-01,2026-01-01,1,https://www.e-stat.go.jp/SG1/estat/Pdfdl.do?sinfid=000012449985,2010-02-01,https://www.e-stat.go.jp/SG1/estat/Pdfdl.do?sinfid=000012449985,2026-10-03,false
01571,北海道,胆振総合振興局,虻田郡,豊浦町,,002,後志胆振,06,渡島・尻別川,未確認,2010年包括区域の名称条件一致,虻田郡（豊浦町、洞爺湖町）,要現行資料照合,2010-02-01,2026-01-01,1,https://www.e-stat.go.jp/SG1/estat/Pdfdl.do?sinfid=000012449985,2010-02-01,https://www.e-stat.go.jp/SG1/estat/Pdfdl.do?sinfid=000012449985,2026-10-03,false
01575,北海道,胆振総合振興局,有珠郡,壮瞥町,,002,後志胆振,06,渡島・尻別川,未確認,2010年包括区域の名称条件一致,有珠郡,要現行資料照合,2010-02-01,2026-01-01,1,https://www.e-stat.go.jp/SG1/estat/Pdfdl.do?sinfid=000012449985,2010-02-01,https://www.e-stat.go.jp/SG1/estat/Pdfdl.do?sinfid=000012449985,2026-10-03,false
01578,北海道,胆振総合振興局,白老郡,白老町,,003,胆振東部,05,沙流川,未確認,2010年包括区域の名称条件一致,白老郡,要現行資料照合,2010-02-01,2026-01-01,1,https://www.e-stat.go.jp/SG1/estat/Pdfdl.do?sinfid=000012449985,2010-02-01,https://www.e-stat.go.jp/SG1/estat/Pdfdl.do?sinfid=000012449985,2026-10-03,false
01581,北海道,胆振総合振興局,勇払郡,厚真町,,003,胆振東部,05,沙流川,未確認,2010年包括区域の名称条件一致,勇払郡（占冠村を除く）,要現行資料照合,2010-02-01,2026-01-01,1,https://www.e-stat.go.jp/SG1/estat/Pdfdl.do?sinfid=000012449985,2010-02-01,https://www.e-stat.go.jp/SG1/estat/Pdfdl.do?sinfid=000012449985,2026-10-03,false
01584,北海道,胆振総合振興局,虻田郡,洞爺湖町,,002,後志胆振,06,渡島・尻別川,未確認,2010年包括区域の名称条件一致,虻田郡（豊浦町、洞爺湖町）,要現行資料照合,2010-02-01,2026-01-01,1,https://www.e-stat.go.jp/SG1/estat/Pdfdl.do?sinfid=000012449985,2010-02-01,https://www.e-stat.go.jp/SG1/estat/Pdfdl.do?sinfid=000012449985,2026-10-03,false
01585,北海道,胆振総合振興局,勇払郡,安平町,,003,胆振東部,05,沙流川,未確認,2010年包括区域の名称条件一致,勇払郡（占冠村を除く）,要現行資料照合,2010-02-01,2026-01-01,1,https://www.e-stat.go.jp/SG1/estat/Pdfdl.do?sinfid=000012449985,2010-02-01,https://www.e-stat.go.jp/SG1/estat/Pdfdl.do?sinfid=000012449985,2026-10-03,false
01586,北海道,胆振総合振興局,勇払郡,むかわ町,,003,胆振東部,05,沙流川,未確認,2010年包括区域の名称条件一致,勇払郡（占冠村を除く）,要現行資料照合,2010-02-01,2026-01-01,1,https://www.e-stat.go.jp/SG1/estat/Pdfdl.do?sinfid=000012449985,2010-02-01,https://www.e-stat.go.jp/SG1/estat/Pdfdl.do?sinfid=000012449985,2026-10-03,false
01601,北海道,日高振興局,沙流郡,日高町,,004,日高,05,沙流川,未確認,2010年包括区域の名称条件一致,沙流郡,要現行資料照合,2010-02-01,2026-01-01,1,https://www.e-stat.go.jp/SG1/estat/Pdfdl.do?sinfid=000012449985,2010-02-01,https://www.e-stat.go.jp/SG1/estat/Pdfdl.do?sinfid=000012449985,2026-10-03,false
01602,北海道,日高振興局,沙流郡,平取町,,004,日高,05,沙流川,未確認,2010年包括区域の名称条件一致,沙流郡,要現行資料照合,2010-02-01,2026-01-01,1,https://www.e-stat.go.jp/SG1/estat/Pdfdl.do?sinfid=000012449985,2010-02-01,https://www.e-stat.go.jp/SG1/estat/Pdfdl.do?sinfid=000012449985,2026-10-03,false
01604,北海道,日高振興局,新冠郡,新冠町,,004,日高,05,沙流川,未確認,2010年包括区域の名称条件一致,新冠郡,要現行資料照合,2010-02-01,2026-01-01,1,https://www.e-stat.go.jp/SG1/estat/Pdfdl.do?sinfid=000012449985,2010-02-01,https://www.e-stat.go.jp/SG1/estat/Pdfdl.do?sinfid=000012449985,2026-10-03,false
01607,北海道,日高振興局,浦河郡,浦河町,,004,日高,05,沙流川,未確認,2010年包括区域の名称条件一致,浦河郡,要現行資料照合,2010-02-01,2026-01-01,1,https://www.e-stat.go.jp/SG1/estat/Pdfdl.do?sinfid=000012449985,2010-02-01,https://www.e-stat.go.jp/SG1/estat/Pdfdl.do?sinfid=000012449985,2026-10-03,false
01608,北海道,日高振興局,様似郡,様似町,,004,日高,05,沙流川,未確認,2010年包括区域の名称条件一致,様似郡,要現行資料照合,2010-02-01,2026-01-01,1,https://www.e-stat.go.jp/SG1/estat/Pdfdl.do?sinfid=000012449985,2010-02-01,https://www.e-stat.go.jp/SG1/estat/Pdfdl.do?sinfid=000012449985,2026-10-03,false
01609,北海道,日高振興局,幌泉郡,えりも町,,004,日高,05,沙流川,未確認,2010年包括区域の名称条件一致,幌泉郡,要現行資料照合,2010-02-01,2026-01-01,1,https://www.e-stat.go.jp/SG1/estat/Pdfdl.do?sinfid=000012449985,2010-02-01,https://www.e-stat.go.jp/SG1/estat/Pdfdl.do?sinfid=000012449985,2026-10-03,false
01610,北海道,日高振興局,日高郡,新ひだか町,,004,日高,05,沙流川,未確認,2010年包括区域の名称条件一致,日高郡,要現行資料照合,2010-02-01,2026-01-01,1,https://www.e-stat.go.jp/SG1/estat/Pdfdl.do?sinfid=000012449985,2010-02-01,https://www.e-stat.go.jp/SG1/estat/Pdfdl.do?sinfid=000012449985,2026-10-03,false
01631,北海道,十勝総合振興局,河東郡,音更町,,013,十勝,04,十勝・釧路川,未確認,2010年包括区域の名称条件一致,河東郡,要現行資料照合,2010-02-01,2026-01-01,1,https://www.e-stat.go.jp/SG1/estat/Pdfdl.do?sinfid=000012449985,2010-02-01,https://www.e-stat.go.jp/SG1/estat/Pdfdl.do?sinfid=000012449985,2026-10-03,false
01632,北海道,十勝総合振興局,河東郡,士幌町,,013,十勝,04,十勝・釧路川,未確認,2010年包括区域の名称条件一致,河東郡,要現行資料照合,2010-02-01,2026-01-01,1,https://www.e-stat.go.jp/SG1/estat/Pdfdl.do?sinfid=000012449985,2010-02-01,https://www.e-stat.go.jp/SG1/estat/Pdfdl.do?sinfid=000012449985,2026-10-03,false
01633,北海道,十勝総合振興局,河東郡,上士幌町,,013,十勝,04,十勝・釧路川,未確認,2010年包括区域の名称条件一致,河東郡,要現行資料照合,2010-02-01,2026-01-01,1,https://www.e-stat.go.jp/SG1/estat/Pdfdl.do?sinfid=000012449985,2010-02-01,https://www.e-stat.go.jp/SG1/estat/Pdfdl.do?sinfid=000012449985,2026-10-03,false
01634,北海道,十勝総合振興局,河東郡,鹿追町,,013,十勝,04,十勝・釧路川,未確認,2010年包括区域の名称条件一致,河東郡,要現行資料照合,2010-02-01,2026-01-01,1,https://www.e-stat.go.jp/SG1/estat/Pdfdl.do?sinfid=000012449985,2010-02-01,https://www.e-stat.go.jp/SG1/estat/Pdfdl.do?sinfid=000012449985,2026-10-03,false
01635,北海道,十勝総合振興局,上川郡,新得町,,013,十勝,04,十勝・釧路川,未確認,2010年包括区域の名称条件一致,上川郡（新得町、清水町）,要現行資料照合,2010-02-01,2026-01-01,1,https://www.e-stat.go.jp/SG1/estat/Pdfdl.do?sinfid=000012449985,2010-02-01,https://www.e-stat.go.jp/SG1/estat/Pdfdl.do?sinfid=000012449985,2026-10-03,false
01636,北海道,十勝総合振興局,上川郡,清水町,,013,十勝,04,十勝・釧路川,未確認,2010年包括区域の名称条件一致,上川郡（新得町、清水町）,要現行資料照合,2010-02-01,2026-01-01,1,https://www.e-stat.go.jp/SG1/estat/Pdfdl.do?sinfid=000012449985,2010-02-01,https://www.e-stat.go.jp/SG1/estat/Pdfdl.do?sinfid=000012449985,2026-10-03,false
01637,北海道,十勝総合振興局,河西郡,芽室町,,013,十勝,04,十勝・釧路川,未確認,2010年包括区域の名称条件一致,河西郡,要現行資料照合,2010-02-01,2026-01-01,1,https://www.e-stat.go.jp/SG1/estat/Pdfdl.do?sinfid=000012449985,2010-02-01,https://www.e-stat.go.jp/SG1/estat/Pdfdl.do?sinfid=000012449985,2026-10-03,false
01638,北海道,十勝総合振興局,河西郡,中札内村,,013,十勝,04,十勝・釧路川,未確認,2010年包括区域の名称条件一致,河西郡,要現行資料照合,2010-02-01,2026-01-01,1,https://www.e-stat.go.jp/SG1/estat/Pdfdl.do?sinfid=000012449985,2010-02-01,https://www.e-stat.go.jp/SG1/estat/Pdfdl.do?sinfid=000012449985,2026-10-03,false
01639,北海道,十勝総合振興局,河西郡,更別村,,013,十勝,04,十勝・釧路川,未確認,2010年包括区域の名称条件一致,河西郡,要現行資料照合,2010-02-01,2026-01-01,1,https://www.e-stat.go.jp/SG1/estat/Pdfdl.do?sinfid=000012449985,2010-02-01,https://www.e-stat.go.jp/SG1/estat/Pdfdl.do?sinfid=000012449985,2026-10-03,false
01641,北海道,十勝総合振興局,広尾郡,大樹町,,013,十勝,04,十勝・釧路川,未確認,2010年包括区域の名称条件一致,広尾郡,要現行資料照合,2010-02-01,2026-01-01,1,https://www.e-stat.go.jp/SG1/estat/Pdfdl.do?sinfid=000012449985,2010-02-01,https://www.e-stat.go.jp/SG1/estat/Pdfdl.do?sinfid=000012449985,2026-10-03,false
01642,北海道,十勝総合振興局,広尾郡,広尾町,,013,十勝,04,十勝・釧路川,未確認,2010年包括区域の名称条件一致,広尾郡,要現行資料照合,2010-02-01,2026-01-01,1,https://www.e-stat.go.jp/SG1/estat/Pdfdl.do?sinfid=000012449985,2010-02-01,https://www.e-stat.go.jp/SG1/estat/Pdfdl.do?sinfid=000012449985,2026-10-03,false
01643,北海道,十勝総合振興局,中川郡,幕別町,,013,十勝,04,十勝・釧路川,未確認,2010年包括区域の名称条件一致,中川郡（美深町、音威子府村、中川町を除く）,要現行資料照合,2010-02-01,2026-01-01,1,https://www.e-stat.go.jp/SG1/estat/Pdfdl.do?sinfid=000012449985,2010-02-01,https://www.e-stat.go.jp/SG1/estat/Pdfdl.do?sinfid=000012449985,2026-10-03,false
01644,北海道,十勝総合振興局,中川郡,池田町,,013,十勝,04,十勝・釧路川,未確認,2010年包括区域の名称条件一致,中川郡（美深町、音威子府村、中川町を除く）,要現行資料照合,2010-02-01,2026-01-01,1,https://www.e-stat.go.jp/SG1/estat/Pdfdl.do?sinfid=000012449985,2010-02-01,https://www.e-stat.go.jp/SG1/estat/Pdfdl.do?sinfid=000012449985,2026-10-03,false
01645,北海道,十勝総合振興局,中川郡,豊頃町,,013,十勝,04,十勝・釧路川,未確認,2010年包括区域の名称条件一致,中川郡（美深町、音威子府村、中川町を除く）,要現行資料照合,2010-02-01,2026-01-01,1,https://www.e-stat.go.jp/SG1/estat/Pdfdl.do?sinfid=000012449985,2010-02-01,https://www.e-stat.go.jp/SG1/estat/Pdfdl.do?sinfid=000012449985,2026-10-03,false
01646,北海道,十勝総合振興局,中川郡,本別町,,013,十勝,04,十勝・釧路川,未確認,2010年包括区域の名称条件一致,中川郡（美深町、音威子府村、中川町を除く）,要現行資料照合,2010-02-01,2026-01-01,1,https://www.e-stat.go.jp/SG1/estat/Pdfdl.do?sinfid=000012449985,2010-02-01,https://www.e-stat.go.jp/SG1/estat/Pdfdl.do?sinfid=000012449985,2026-10-03,false
01647,北海道,十勝総合振興局,足寄郡,足寄町,,013,十勝,04,十勝・釧路川,未確認,2010年包括区域の名称条件一致,足寄郡,要現行資料照合,2010-02-01,2026-01-01,1,https://www.e-stat.go.jp/SG1/estat/Pdfdl.do?sinfid=000012449985,2010-02-01,https://www.e-stat.go.jp/SG1/estat/Pdfdl.do?sinfid=000012449985,2026-10-03,false
01648,北海道,十勝総合振興局,足寄郡,陸別町,,013,十勝,04,十勝・釧路川,未確認,2010年包括区域の名称条件一致,足寄郡,要現行資料照合,2010-02-01,2026-01-01,1,https://www.e-stat.go.jp/SG1/estat/Pdfdl.do?sinfid=000012449985,2010-02-01,https://www.e-stat.go.jp/SG1/estat/Pdfdl.do?sinfid=000012449985,2026-10-03,false
01649,北海道,十勝総合振興局,十勝郡,浦幌町,,013,十勝,04,十勝・釧路川,未確認,2010年包括区域の名称条件一致,十勝郡,要現行資料照合,2010-02-01,2026-01-01,1,https://www.e-stat.go.jp/SG1/estat/Pdfdl.do?sinfid=000012449985,2010-02-01,https://www.e-stat.go.jp/SG1/estat/Pdfdl.do?sinfid=000012449985,2026-10-03,false
01661,北海道,釧路総合振興局,釧路郡,釧路町,,012,釧路根室,04,十勝・釧路川,未確認,2010年包括区域の名称条件一致,釧路郡,要現行資料照合,2010-02-01,2026-01-01,1,https://www.e-stat.go.jp/SG1/estat/Pdfdl.do?sinfid=000012449985,2010-02-01,https://www.e-stat.go.jp/SG1/estat/Pdfdl.do?sinfid=000012449985,2026-10-03,false
01662,北海道,釧路総合振興局,厚岸郡,厚岸町,,012,釧路根室,04,十勝・釧路川,未確認,2010年包括区域の名称条件一致,厚岸郡,要現行資料照合,2010-02-01,2026-01-01,1,https://www.e-stat.go.jp/SG1/estat/Pdfdl.do?sinfid=000012449985,2010-02-01,https://www.e-stat.go.jp/SG1/estat/Pdfdl.do?sinfid=000012449985,2026-10-03,false
01663,北海道,釧路総合振興局,厚岸郡,浜中町,,012,釧路根室,04,十勝・釧路川,未確認,2010年包括区域の名称条件一致,厚岸郡,要現行資料照合,2010-02-01,2026-01-01,1,https://www.e-stat.go.jp/SG1/estat/Pdfdl.do?sinfid=000012449985,2010-02-01,https://www.e-stat.go.jp/SG1/estat/Pdfdl.do?sinfid=000012449985,2026-10-03,false
01664,北海道,釧路総合振興局,川上郡,標茶町,,012,釧路根室,04,十勝・釧路川,未確認,2010年包括区域の名称条件一致,川上郡,要現行資料照合,2010-02-01,2026-01-01,1,https://www.e-stat.go.jp/SG1/estat/Pdfdl.do?sinfid=000012449985,2010-02-01,https://www.e-stat.go.jp/SG1/estat/Pdfdl.do?sinfid=000012449985,2026-10-03,false
01665,北海道,釧路総合振興局,川上郡,弟子屈町,,012,釧路根室,04,十勝・釧路川,未確認,2010年包括区域の名称条件一致,川上郡,要現行資料照合,2010-02-01,2026-01-01,1,https://www.e-stat.go.jp/SG1/estat/Pdfdl.do?sinfid=000012449985,2010-02-01,https://www.e-stat.go.jp/SG1/estat/Pdfdl.do?sinfid=000012449985,2026-10-03,false
01667,北海道,釧路総合振興局,阿寒郡,鶴居村,,012,釧路根室,04,十勝・釧路川,未確認,2010年包括区域の名称条件一致,阿寒郡,要現行資料照合,2010-02-01,2026-01-01,1,https://www.e-stat.go.jp/SG1/estat/Pdfdl.do?sinfid=000012449985,2010-02-01,https://www.e-stat.go.jp/SG1/estat/Pdfdl.do?sinfid=000012449985,2026-10-03,false
01668,北海道,釧路総合振興局,白糠郡,白糠町,,012,釧路根室,04,十勝・釧路川,未確認,2010年包括区域の名称条件一致,白糠郡,要現行資料照合,2010-02-01,2026-01-01,1,https://www.e-stat.go.jp/SG1/estat/Pdfdl.do?sinfid=000012449985,2010-02-01,https://www.e-stat.go.jp/SG1/estat/Pdfdl.do?sinfid=000012449985,2026-10-03,false
01691,北海道,根室振興局,野付郡,別海町,,012,釧路根室,04,十勝・釧路川,未確認,2010年包括区域の名称条件一致,野付郡,要現行資料照合,2010-02-01,2026-01-01,1,https://www.e-stat.go.jp/SG1/estat/Pdfdl.do?sinfid=000012449985,2010-02-01,https://www.e-stat.go.jp/SG1/estat/Pdfdl.do?sinfid=000012449985,2026-10-03,false
01692,北海道,根室振興局,標津郡,中標津町,,012,釧路根室,04,十勝・釧路川,未確認,2010年包括区域の名称条件一致,標津郡,要現行資料照合,2010-02-01,2026-01-01,1,https://www.e-stat.go.jp/SG1/estat/Pdfdl.do?sinfid=000012449985,2010-02-01,https://www.e-stat.go.jp/SG1/estat/Pdfdl.do?sinfid=000012449985,2026-10-03,false
01693,北海道,根室振興局,標津郡,標津町,,012,釧路根室,04,十勝・釧路川,未確認,2010年包括区域の名称条件一致,標津郡,要現行資料照合,2010-02-01,2026-01-01,1,https://www.e-stat.go.jp/SG1/estat/Pdfdl.do?sinfid=000012449985,2010-02-01,https://www.e-stat.go.jp/SG1/estat/Pdfdl.do?sinfid=000012449985,2026-10-03,false
01694,北海道,根室振興局,目梨郡,羅臼町,,012,釧路根室,04,十勝・釧路川,未確認,2010年包括区域の名称条件一致,目梨郡,要現行資料照合,2010-02-01,2026-01-01,1,https://www.e-stat.go.jp/SG1/estat/Pdfdl.do?sinfid=000012449985,2010-02-01,https://www.e-stat.go.jp/SG1/estat/Pdfdl.do?sinfid=000012449985,2026-10-03,false
01695,北海道,根室振興局,色丹郡,色丹村,,012,釧路根室,04,十勝・釧路川,未確認,2010年包括区域の名称条件一致,色丹郡,要現行資料照合,2010-02-01,2026-01-01,1,https://www.e-stat.go.jp/SG1/estat/Pdfdl.do?sinfid=000012449985,2010-02-01,https://www.e-stat.go.jp/SG1/estat/Pdfdl.do?sinfid=000012449985,2026-10-03,false
01696,北海道,根室振興局,国後郡,泊村,,012,釧路根室,04,十勝・釧路川,未確認,2010年包括区域の名称条件一致,国後郡,要現行資料照合,2010-02-01,2026-01-01,1,https://www.e-stat.go.jp/SG1/estat/Pdfdl.do?sinfid=000012449985,2010-02-01,https://www.e-stat.go.jp/SG1/estat/Pdfdl.do?sinfid=000012449985,2026-10-03,false
01697,北海道,根室振興局,国後郡,留夜別村,,012,釧路根室,04,十勝・釧路川,未確認,2010年包括区域の名称条件一致,国後郡,要現行資料照合,2010-02-01,2026-01-01,1,https://www.e-stat.go.jp/SG1/estat/Pdfdl.do?sinfid=000012449985,2010-02-01,https://www.e-stat.go.jp/SG1/estat/Pdfdl.do?sinfid=000012449985,2026-10-03,false
01698,北海道,根室振興局,択捉郡,留別村,,012,釧路根室,04,十勝・釧路川,未確認,2010年包括区域の名称条件一致,択捉郡,要現行資料照合,2010-02-01,2026-01-01,1,https://www.e-stat.go.jp/SG1/estat/Pdfdl.do?sinfid=000012449985,2010-02-01,https://www.e-stat.go.jp/SG1/estat/Pdfdl.do?sinfid=000012449985,2026-10-03,false
01699,北海道,根室振興局,紗那郡,紗那村,,,,,,未確認,名称一致なし,,未対応・要調査,2010-02-01,2026-01-01,,https://www.e-stat.go.jp/SG1/estat/Pdfdl.do?sinfid=000012449985,2010-02-01,https://www.e-stat.go.jp/SG1/estat/Pdfdl.do?sinfid=000012449985,2026-10-03,false
01700,北海道,根室振興局,蘂取郡,蘂取村,,012,釧路根室,04,十勝・釧路川,未確認,2010年包括区域の名称条件一致,蘂取郡,要現行資料照合,2010-02-01,2026-01-01,1,https://www.e-stat.go.jp/SG1/estat/Pdfdl.do?sinfid=000012449985,2010-02-01,https://www.e-stat.go.jp/SG1/estat/Pdfdl.do?sinfid=000012449985,2026-10-03,false
02201,青森県,,,青森市,,015,東青,07,岩木川,未確認,2010年包括区域の名称条件一致,青森市,要現行資料照合,2010-02-01,2026-01-01,1,https://www.e-stat.go.jp/SG1/estat/Pdfdl.do?sinfid=000012449985,2010-02-01,https://www.e-stat.go.jp/SG1/estat/Pdfdl.do?sinfid=000012449985,2026-10-03,false
02202,青森県,,,弘前市,,014,津軽,07,岩木川,未確認,2010年包括区域の名称条件一致,弘前市,要現行資料照合,2010-02-01,2026-01-01,1,https://www.e-stat.go.jp/SG1/estat/Pdfdl.do?sinfid=000012449985,2010-02-01,https://www.e-stat.go.jp/SG1/estat/Pdfdl.do?sinfid=000012449985,2026-10-03,false
02203,青森県,,,八戸市,,017,三八上北,08,馬淵川,未確認,2010年包括区域の名称条件一致,八戸市,要現行資料照合,2010-02-01,2026-01-01,1,https://www.e-stat.go.jp/SG1/estat/Pdfdl.do?sinfid=000012449985,2010-02-01,https://www.e-stat.go.jp/SG1/estat/Pdfdl.do?sinfid=000012449985,2026-10-03,false
02204,青森県,,,黒石市,,014,津軽,07,岩木川,未確認,2010年包括区域の名称条件一致,黒石市,要現行資料照合,2010-02-01,2026-01-01,1,https://www.e-stat.go.jp/SG1/estat/Pdfdl.do?sinfid=000012449985,2010-02-01,https://www.e-stat.go.jp/SG1/estat/Pdfdl.do?sinfid=000012449985,2026-10-03,false
02205,青森県,,,五所川原市,,014,津軽,07,岩木川,未確認,2010年包括区域の名称条件一致,五所川原市,要現行資料照合,2010-02-01,2026-01-01,1,https://www.e-stat.go.jp/SG1/estat/Pdfdl.do?sinfid=000012449985,2010-02-01,https://www.e-stat.go.jp/SG1/estat/Pdfdl.do?sinfid=000012449985,2026-10-03,false
02206,青森県,,,十和田市,,017,三八上北,08,馬淵川,未確認,2010年包括区域の名称条件一致,十和田市,要現行資料照合,2010-02-01,2026-01-01,1,https://www.e-stat.go.jp/SG1/estat/Pdfdl.do?sinfid=000012449985,2010-02-01,https://www.e-stat.go.jp/SG1/estat/Pdfdl.do?sinfid=000012449985,2026-10-03,false
02207,青森県,,,三沢市,,017,三八上北,08,馬淵川,未確認,2010年包括区域の名称条件一致,三沢市,要現行資料照合,2010-02-01,2026-01-01,1,https://www.e-stat.go.jp/SG1/estat/Pdfdl.do?sinfid=000012449985,2010-02-01,https://www.e-stat.go.jp/SG1/estat/Pdfdl.do?sinfid=000012449985,2026-10-03,false
02208,青森県,,,むつ市,,016,下北,08,馬淵川,未確認,2010年包括区域の名称条件一致,むつ市,要現行資料照合,2010-02-01,2026-01-01,1,https://www.e-stat.go.jp/SG1/estat/Pdfdl.do?sinfid=000012449985,2010-02-01,https://www.e-stat.go.jp/SG1/estat/Pdfdl.do?sinfid=000012449985,2026-10-03,false
02209,青森県,,,つがる市,,014,津軽,07,岩木川,未確認,2010年包括区域の名称条件一致,つがる市,要現行資料照合,2010-02-01,2026-01-01,1,https://www.e-stat.go.jp/SG1/estat/Pdfdl.do?sinfid=000012449985,2010-02-01,https://www.e-stat.go.jp/SG1/estat/Pdfdl.do?sinfid=000012449985,2026-10-03,false
02210,青森県,,,平川市,,014,津軽,07,岩木川,未確認,2010年包括区域の名称条件一致,平川市,要現行資料照合,2010-02-01,2026-01-01,1,https://www.e-stat.go.jp/SG1/estat/Pdfdl.do?sinfid=000012449985,2010-02-01,https://www.e-stat.go.jp/SG1/estat/Pdfdl.do?sinfid=000012449985,2026-10-03,false
02301,青森県,,東津軽郡,平内町,,015,東青,07,岩木川,未確認,2010年包括区域の名称条件一致,東津軽郡,要現行資料照合,2010-02-01,2026-01-01,1,https://www.e-stat.go.jp/SG1/estat/Pdfdl.do?sinfid=000012449985,2010-02-01,https://www.e-stat.go.jp/SG1/estat/Pdfdl.do?sinfid=000012449985,2026-10-03,false
02303,青森県,,東津軽郡,今別町,,015,東青,07,岩木川,未確認,2010年包括区域の名称条件一致,東津軽郡,要現行資料照合,2010-02-01,2026-01-01,1,https://www.e-stat.go.jp/SG1/estat/Pdfdl.do?sinfid=000012449985,2010-02-01,https://www.e-stat.go.jp/SG1/estat/Pdfdl.do?sinfid=000012449985,2026-10-03,false
02304,青森県,,東津軽郡,蓬田村,,015,東青,07,岩木川,未確認,2010年包括区域の名称条件一致,東津軽郡,要現行資料照合,2010-02-01,2026-01-01,1,https://www.e-stat.go.jp/SG1/estat/Pdfdl.do?sinfid=000012449985,2010-02-01,https://www.e-stat.go.jp/SG1/estat/Pdfdl.do?sinfid=000012449985,2026-10-03,false
02307,青森県,,東津軽郡,外ヶ浜町,,015,東青,07,岩木川,未確認,2010年包括区域の名称条件一致,東津軽郡,要現行資料照合,2010-02-01,2026-01-01,1,https://www.e-stat.go.jp/SG1/estat/Pdfdl.do?sinfid=000012449985,2010-02-01,https://www.e-stat.go.jp/SG1/estat/Pdfdl.do?sinfid=000012449985,2026-10-03,false
02321,青森県,,西津軽郡,鰺ヶ沢町,,014,津軽,07,岩木川,未確認,2010年包括区域の名称条件一致,西津軽郡,要現行資料照合,2010-02-01,2026-01-01,1,https://www.e-stat.go.jp/SG1/estat/Pdfdl.do?sinfid=000012449985,2010-02-01,https://www.e-stat.go.jp/SG1/estat/Pdfdl.do?sinfid=000012449985,2026-10-03,false
02323,青森県,,西津軽郡,深浦町,,014,津軽,07,岩木川,未確認,2010年包括区域の名称条件一致,西津軽郡,要現行資料照合,2010-02-01,2026-01-01,1,https://www.e-stat.go.jp/SG1/estat/Pdfdl.do?sinfid=000012449985,2010-02-01,https://www.e-stat.go.jp/SG1/estat/Pdfdl.do?sinfid=000012449985,2026-10-03,false
02343,青森県,,中津軽郡,西目屋村,,014,津軽,07,岩木川,未確認,2010年包括区域の名称条件一致,中津軽郡,要現行資料照合,2010-02-01,2026-01-01,1,https://www.e-stat.go.jp/SG1/estat/Pdfdl.do?sinfid=000012449985,2010-02-01,https://www.e-stat.go.jp/SG1/estat/Pdfdl.do?sinfid=000012449985,2026-10-03,false
02361,青森県,,南津軽郡,藤崎町,,014,津軽,07,岩木川,未確認,2010年包括区域の名称条件一致,南津軽郡,要現行資料照合,2010-02-01,2026-01-01,1,https://www.e-stat.go.jp/SG1/estat/Pdfdl.do?sinfid=000012449985,2010-02-01,https://www.e-stat.go.jp/SG1/estat/Pdfdl.do?sinfid=000012449985,2026-10-03,false
02362,青森県,,南津軽郡,大鰐町,,014,津軽,07,岩木川,未確認,2010年包括区域の名称条件一致,南津軽郡,要現行資料照合,2010-02-01,2026-01-01,1,https://www.e-stat.go.jp/SG1/estat/Pdfdl.do?sinfid=000012449985,2010-02-01,https://www.e-stat.go.jp/SG1/estat/Pdfdl.do?sinfid=000012449985,2026-10-03,false
02367,青森県,,南津軽郡,田舎館村,,014,津軽,07,岩木川,未確認,2010年包括区域の名称条件一致,南津軽郡,要現行資料照合,2010-02-01,2026-01-01,1,https://www.e-stat.go.jp/SG1/estat/Pdfdl.do?sinfid=000012449985,2010-02-01,https://www.e-stat.go.jp/SG1/estat/Pdfdl.do?sinfid=000012449985,2026-10-03,false
02381,青森県,,北津軽郡,板柳町,,014,津軽,07,岩木川,未確認,2010年包括区域の名称条件一致,北津軽郡,要現行資料照合,2010-02-01,2026-01-01,1,https://www.e-stat.go.jp/SG1/estat/Pdfdl.do?sinfid=000012449985,2010-02-01,https://www.e-stat.go.jp/SG1/estat/Pdfdl.do?sinfid=000012449985,2026-10-03,false
02384,青森県,,北津軽郡,鶴田町,,014,津軽,07,岩木川,未確認,2010年包括区域の名称条件一致,北津軽郡,要現行資料照合,2010-02-01,2026-01-01,1,https://www.e-stat.go.jp/SG1/estat/Pdfdl.do?sinfid=000012449985,2010-02-01,https://www.e-stat.go.jp/SG1/estat/Pdfdl.do?sinfid=000012449985,2026-10-03,false
02387,青森県,,北津軽郡,中泊町,,014,津軽,07,岩木川,未確認,2010年包括区域の名称条件一致,北津軽郡,要現行資料照合,2010-02-01,2026-01-01,1,https://www.e-stat.go.jp/SG1/estat/Pdfdl.do?sinfid=000012449985,2010-02-01,https://www.e-stat.go.jp/SG1/estat/Pdfdl.do?sinfid=000012449985,2026-10-03,false
02401,青森県,,上北郡,野辺地町,,017,三八上北,08,馬淵川,未確認,2010年包括区域の名称条件一致,上北郡,要現行資料照合,2010-02-01,2026-01-01,1,https://www.e-stat.go.jp/SG1/estat/Pdfdl.do?sinfid=000012449985,2010-02-01,https://www.e-stat.go.jp/SG1/estat/Pdfdl.do?sinfid=000012449985,2026-10-03,false
02402,青森県,,上北郡,七戸町,,017,三八上北,08,馬淵川,未確認,2010年包括区域の名称条件一致,上北郡,要現行資料照合,2010-02-01,2026-01-01,1,https://www.e-stat.go.jp/SG1/estat/Pdfdl.do?sinfid=000012449985,2010-02-01,https://www.e-stat.go.jp/SG1/estat/Pdfdl.do?sinfid=000012449985,2026-10-03,false
02405,青森県,,上北郡,六戸町,,017,三八上北,08,馬淵川,未確認,2010年包括区域の名称条件一致,上北郡,要現行資料照合,2010-02-01,2026-01-01,1,https://www.e-stat.go.jp/SG1/estat/Pdfdl.do?sinfid=000012449985,2010-02-01,https://www.e-stat.go.jp/SG1/estat/Pdfdl.do?sinfid=000012449985,2026-10-03,false
02406,青森県,,上北郡,横浜町,,017,三八上北,08,馬淵川,未確認,2010年包括区域の名称条件一致,上北郡,要現行資料照合,2010-02-01,2026-01-01,1,https://www.e-stat.go.jp/SG1/estat/Pdfdl.do?sinfid=000012449985,2010-02-01,https://www.e-stat.go.jp/SG1/estat/Pdfdl.do?sinfid=000012449985,2026-10-03,false
02408,青森県,,上北郡,東北町,,017,三八上北,08,馬淵川,未確認,2010年包括区域の名称条件一致,上北郡,要現行資料照合,2010-02-01,2026-01-01,1,https://www.e-stat.go.jp/SG1/estat/Pdfdl.do?sinfid=000012449985,2010-02-01,https://www.e-stat.go.jp/SG1/estat/Pdfdl.do?sinfid=000012449985,2026-10-03,false
02411,青森県,,上北郡,六ヶ所村,,017,三八上北,08,馬淵川,未確認,2010年包括区域の名称条件一致,上北郡,要現行資料照合,2010-02-01,2026-01-01,1,https://www.e-stat.go.jp/SG1/estat/Pdfdl.do?sinfid=000012449985,2010-02-01,https://www.e-stat.go.jp/SG1/estat/Pdfdl.do?sinfid=000012449985,2026-10-03,false
02412,青森県,,上北郡,おいらせ町,,017,三八上北,08,馬淵川,未確認,2010年包括区域の名称条件一致,上北郡,要現行資料照合,2010-02-01,2026-01-01,1,https://www.e-stat.go.jp/SG1/estat/Pdfdl.do?sinfid=000012449985,2010-02-01,https://www.e-stat.go.jp/SG1/estat/Pdfdl.do?sinfid=000012449985,2026-10-03,false
02423,青森県,,下北郡,大間町,,016,下北,08,馬淵川,未確認,2010年包括区域の名称条件一致,下北郡,要現行資料照合,2010-02-01,2026-01-01,1,https://www.e-stat.go.jp/SG1/estat/Pdfdl.do?sinfid=000012449985,2010-02-01,https://www.e-stat.go.jp/SG1/estat/Pdfdl.do?sinfid=000012449985,2026-10-03,false
02424,青森県,,下北郡,東通村,,016,下北,08,馬淵川,未確認,2010年包括区域の名称条件一致,下北郡,要現行資料照合,2010-02-01,2026-01-01,1,https://www.e-stat.go.jp/SG1/estat/Pdfdl.do?sinfid=000012449985,2010-02-01,https://www.e-stat.go.jp/SG1/estat/Pdfdl.do?sinfid=000012449985,2026-10-03,false
02425,青森県,,下北郡,風間浦村,,016,下北,08,馬淵川,未確認,2010年包括区域の名称条件一致,下北郡,要現行資料照合,2010-02-01,2026-01-01,1,https://www.e-stat.go.jp/SG1/estat/Pdfdl.do?sinfid=000012449985,2010-02-01,https://www.e-stat.go.jp/SG1/estat/Pdfdl.do?sinfid=000012449985,2026-10-03,false
02426,青森県,,下北郡,佐井村,,016,下北,08,馬淵川,未確認,2010年包括区域の名称条件一致,下北郡,要現行資料照合,2010-02-01,2026-01-01,1,https://www.e-stat.go.jp/SG1/estat/Pdfdl.do?sinfid=000012449985,2010-02-01,https://www.e-stat.go.jp/SG1/estat/Pdfdl.do?sinfid=000012449985,2026-10-03,false
02441,青森県,,三戸郡,三戸町,,017,三八上北,08,馬淵川,未確認,2010年包括区域の名称条件一致,三戸郡,要現行資料照合,2010-02-01,2026-01-01,1,https://www.e-stat.go.jp/SG1/estat/Pdfdl.do?sinfid=000012449985,2010-02-01,https://www.e-stat.go.jp/SG1/estat/Pdfdl.do?sinfid=000012449985,2026-10-03,false
02442,青森県,,三戸郡,五戸町,,017,三八上北,08,馬淵川,未確認,2010年包括区域の名称条件一致,三戸郡,要現行資料照合,2010-02-01,2026-01-01,1,https://www.e-stat.go.jp/SG1/estat/Pdfdl.do?sinfid=000012449985,2010-02-01,https://www.e-stat.go.jp/SG1/estat/Pdfdl.do?sinfid=000012449985,2026-10-03,false
02443,青森県,,三戸郡,田子町,,017,三八上北,08,馬淵川,未確認,2010年包括区域の名称条件一致,三戸郡,要現行資料照合,2010-02-01,2026-01-01,1,https://www.e-stat.go.jp/SG1/estat/Pdfdl.do?sinfid=000012449985,2010-02-01,https://www.e-stat.go.jp/SG1/estat/Pdfdl.do?sinfid=000012449985,2026-10-03,false
02445,青森県,,三戸郡,南部町,,017,三八上北,08,馬淵川,未確認,2010年包括区域の名称条件一致,三戸郡,要現行資料照合,2010-02-01,2026-01-01,1,https://www.e-stat.go.jp/SG1/estat/Pdfdl.do?sinfid=000012449985,2010-02-01,https://www.e-stat.go.jp/SG1/estat/Pdfdl.do?sinfid=000012449985,2026-10-03,false
02446,青森県,,三戸郡,階上町,,017,三八上北,08,馬淵川,未確認,2010年包括区域の名称条件一致,三戸郡,要現行資料照合,2010-02-01,2026-01-01,1,https://www.e-stat.go.jp/SG1/estat/Pdfdl.do?sinfid=000012449985,2010-02-01,https://www.e-stat.go.jp/SG1/estat/Pdfdl.do?sinfid=000012449985,2026-10-03,false
02450,青森県,,三戸郡,新郷村,,017,三八上北,08,馬淵川,未確認,2010年包括区域の名称条件一致,三戸郡,要現行資料照合,2010-02-01,2026-01-01,1,https://www.e-stat.go.jp/SG1/estat/Pdfdl.do?sinfid=000012449985,2010-02-01,https://www.e-stat.go.jp/SG1/estat/Pdfdl.do?sinfid=000012449985,2026-10-03,false
03201,岩手県,,,盛岡市,,021,北上川上流,10,北上川,未確認,2010年包括区域の名称条件一致,盛岡市,要現行資料照合,2010-02-01,2026-01-01,1,https://www.e-stat.go.jp/SG1/estat/Pdfdl.do?sinfid=000012449985,2010-02-01,https://www.e-stat.go.jp/SG1/estat/Pdfdl.do?sinfid=000012449985,2026-10-03,false
03202,岩手県,,,宮古市,,019,久慈・閉伊川,09,閉伊川,未確認,2010年包括区域の名称条件一致,宮古市,要現行資料照合,2010-02-01,2026-01-01,1,https://www.e-stat.go.jp/SG1/estat/Pdfdl.do?sinfid=000012449985,2010-02-01,https://www.e-stat.go.jp/SG1/estat/Pdfdl.do?sinfid=000012449985,2026-10-03,false
03203,岩手県,,,大船渡市,,020,大槌・気仙川,09,閉伊川,未確認,2010年包括区域の名称条件一致,大船渡市,要現行資料照合,2010-02-01,2026-01-01,1,https://www.e-stat.go.jp/SG1/estat/Pdfdl.do?sinfid=000012449985,2010-02-01,https://www.e-stat.go.jp/SG1/estat/Pdfdl.do?sinfid=000012449985,2026-10-03,false
03205,岩手県,,,花巻市,,022,北上川中流,10,北上川,未確認,2010年包括区域の名称条件一致,花巻市,要現行資料照合,2010-02-01,2026-01-01,1,https://www.e-stat.go.jp/SG1/estat/Pdfdl.do?sinfid=000012449985,2010-02-01,https://www.e-stat.go.jp/SG1/estat/Pdfdl.do?sinfid=000012449985,2026-10-03,false
03206,岩手県,,,北上市,,022,北上川中流,10,北上川,未確認,2010年包括区域の名称条件一致,北上市,要現行資料照合,2010-02-01,2026-01-01,1,https://www.e-stat.go.jp/SG1/estat/Pdfdl.do?sinfid=000012449985,2010-02-01,https://www.e-stat.go.jp/SG1/estat/Pdfdl.do?sinfid=000012449985,2026-10-03,false
03207,岩手県,,,久慈市,,019,久慈・閉伊川,09,閉伊川,未確認,2010年包括区域の名称条件一致,久慈市,要現行資料照合,2010-02-01,2026-01-01,1,https://www.e-stat.go.jp/SG1/estat/Pdfdl.do?sinfid=000012449985,2010-02-01,https://www.e-stat.go.jp/SG1/estat/Pdfdl.do?sinfid=000012449985,2026-10-03,false
03208,岩手県,,,遠野市,,022,北上川中流,10,北上川,未確認,2010年包括区域の名称条件一致,遠野市,要現行資料照合,2010-02-01,2026-01-01,1,https://www.e-stat.go.jp/SG1/estat/Pdfdl.do?sinfid=000012449985,2010-02-01,https://www.e-stat.go.jp/SG1/estat/Pdfdl.do?sinfid=000012449985,2026-10-03,false
03209,岩手県,,,一関市,,022,北上川中流,10,北上川,未確認,2010年包括区域の名称条件一致,一関市,要現行資料照合,2010-02-01,2026-01-01,1,https://www.e-stat.go.jp/SG1/estat/Pdfdl.do?sinfid=000012449985,2010-02-01,https://www.e-stat.go.jp/SG1/estat/Pdfdl.do?sinfid=000012449985,2026-10-03,false
03210,岩手県,,,陸前高田市,,020,大槌・気仙川,09,閉伊川,未確認,2010年包括区域の名称条件一致,陸前高田市,要現行資料照合,2010-02-01,2026-01-01,1,https://www.e-stat.go.jp/SG1/estat/Pdfdl.do?sinfid=000012449985,2010-02-01,https://www.e-stat.go.jp/SG1/estat/Pdfdl.do?sinfid=000012449985,2026-10-03,false
03211,岩手県,,,釜石市,,020,大槌・気仙川,09,閉伊川,未確認,2010年包括区域の名称条件一致,釜石市,要現行資料照合,2010-02-01,2026-01-01,1,https://www.e-stat.go.jp/SG1/estat/Pdfdl.do?sinfid=000012449985,2010-02-01,https://www.e-stat.go.jp/SG1/estat/Pdfdl.do?sinfid=000012449985,2026-10-03,false
03213,岩手県,,,二戸市,,018,馬淵川上流,08,馬淵川,未確認,2010年包括区域の名称条件一致,二戸市,要現行資料照合,2010-02-01,2026-01-01,1,https://www.e-stat.go.jp/SG1/estat/Pdfdl.do?sinfid=000012449985,2010-02-01,https://www.e-stat.go.jp/SG1/estat/Pdfdl.do?sinfid=000012449985,2026-10-03,false
03214,岩手県,,,八幡平市,,018,馬淵川上流,08,馬淵川,未確認,2010年包括区域の名称条件一致,八幡平市,要現行資料照合,2010-02-01,2026-01-01,1,https://www.e-stat.go.jp/SG1/estat/Pdfdl.do?sinfid=000012449985,2010-02-01,https://www.e-stat.go.jp/SG1/estat/Pdfdl.do?sinfid=000012449985,2026-10-03,false
03215,岩手県,,,奥州市,,022,北上川中流,10,北上川,未確認,2010年包括区域の名称条件一致,奥州市,要現行資料照合,2010-02-01,2026-01-01,1,https://www.e-stat.go.jp/SG1/estat/Pdfdl.do?sinfid=000012449985,2010-02-01,https://www.e-stat.go.jp/SG1/estat/Pdfdl.do?sinfid=000012449985,2026-10-03,false
03216,岩手県,,,滝沢市,,,,,,未確認,名称一致なし,,未対応・要調査,2010-02-01,2026-01-01,,https://www.e-stat.go.jp/SG1/estat/Pdfdl.do?sinfid=000012449985,2010-02-01,https://www.e-stat.go.jp/SG1/estat/Pdfdl.do?sinfid=000012449985,2026-10-03,false
03301,岩手県,,岩手郡,雫石町,,021,北上川上流,10,北上川,未確認,2010年包括区域の名称条件一致,岩手郡（葛巻町を除く）,要現行資料照合,2010-02-01,2026-01-01,1,https://www.e-stat.go.jp/SG1/estat/Pdfdl.do?sinfid=000012449985,2010-02-01,https://www.e-stat.go.jp/SG1/estat/Pdfdl.do?sinfid=000012449985,2026-10-03,false
03302,岩手県,,岩手郡,葛巻町,,018,馬淵川上流,08,馬淵川,未確認,2010年包括区域の名称条件一致,岩手郡（葛巻町）,要現行資料照合,2010-02-01,2026-01-01,1,https://www.e-stat.go.jp/SG1/estat/Pdfdl.do?sinfid=000012449985,2010-02-01,https://www.e-stat.go.jp/SG1/estat/Pdfdl.do?sinfid=000012449985,2026-10-03,false
03303,岩手県,,岩手郡,岩手町,,021,北上川上流,10,北上川,未確認,2010年包括区域の名称条件一致,岩手郡（葛巻町を除く）,要現行資料照合,2010-02-01,2026-01-01,1,https://www.e-stat.go.jp/SG1/estat/Pdfdl.do?sinfid=000012449985,2010-02-01,https://www.e-stat.go.jp/SG1/estat/Pdfdl.do?sinfid=000012449985,2026-10-03,false
03321,岩手県,,紫波郡,紫波町,,021,北上川上流,10,北上川,未確認,2010年包括区域の名称条件一致,紫波郡,要現行資料照合,2010-02-01,2026-01-01,1,https://www.e-stat.go.jp/SG1/estat/Pdfdl.do?sinfid=000012449985,2010-02-01,https://www.e-stat.go.jp/SG1/estat/Pdfdl.do?sinfid=000012449985,2026-10-03,false
03322,岩手県,,紫波郡,矢巾町,,021,北上川上流,10,北上川,未確認,2010年包括区域の名称条件一致,紫波郡,要現行資料照合,2010-02-01,2026-01-01,1,https://www.e-stat.go.jp/SG1/estat/Pdfdl.do?sinfid=000012449985,2010-02-01,https://www.e-stat.go.jp/SG1/estat/Pdfdl.do?sinfid=000012449985,2026-10-03,false
03366,岩手県,,和賀郡,西和賀町,,022,北上川中流,10,北上川,未確認,2010年包括区域の名称条件一致,和賀郡,要現行資料照合,2010-02-01,2026-01-01,1,https://www.e-stat.go.jp/SG1/estat/Pdfdl.do?sinfid=000012449985,2010-02-01,https://www.e-stat.go.jp/SG1/estat/Pdfdl.do?sinfid=000012449985,2026-10-03,false
03381,岩手県,,胆沢郡,金ケ崎町,,022,北上川中流,10,北上川,未確認,2010年包括区域の名称条件一致,胆沢郡,要現行資料照合,2010-02-01,2026-01-01,1,https://www.e-stat.go.jp/SG1/estat/Pdfdl.do?sinfid=000012449985,2010-02-01,https://www.e-stat.go.jp/SG1/estat/Pdfdl.do?sinfid=000012449985,2026-10-03,false
03402,岩手県,,西磐井郡,平泉町,,022,北上川中流,10,北上川,未確認,2010年包括区域の名称条件一致,西磐井郡,要現行資料照合,2010-02-01,2026-01-01,1,https://www.e-stat.go.jp/SG1/estat/Pdfdl.do?sinfid=000012449985,2010-02-01,https://www.e-stat.go.jp/SG1/estat/Pdfdl.do?sinfid=000012449985,2026-10-03,false
03441,岩手県,,気仙郡,住田町,,020,大槌・気仙川,09,閉伊川,未確認,2010年包括区域の名称条件一致,気仙郡,要現行資料照合,2010-02-01,2026-01-01,1,https://www.e-stat.go.jp/SG1/estat/Pdfdl.do?sinfid=000012449985,2010-02-01,https://www.e-stat.go.jp/SG1/estat/Pdfdl.do?sinfid=000012449985,2026-10-03,false
03461,岩手県,,上閉伊郡,大槌町,,020,大槌・気仙川,09,閉伊川,未確認,2010年包括区域の名称条件一致,上閉伊郡,要現行資料照合,2010-02-01,2026-01-01,1,https://www.e-stat.go.jp/SG1/estat/Pdfdl.do?sinfid=000012449985,2010-02-01,https://www.e-stat.go.jp/SG1/estat/Pdfdl.do?sinfid=000012449985,2026-10-03,false
03482,岩手県,,下閉伊郡,山田町,,019,久慈・閉伊川,09,閉伊川,未確認,2010年包括区域の名称条件一致,下閉伊郡,要現行資料照合,2010-02-01,2026-01-01,1,https://www.e-stat.go.jp/SG1/estat/Pdfdl.do?sinfid=000012449985,2010-02-01,https://www.e-stat.go.jp/SG1/estat/Pdfdl.do?sinfid=000012449985,2026-10-03,false
03483,岩手県,,下閉伊郡,岩泉町,,019,久慈・閉伊川,09,閉伊川,未確認,2010年包括区域の名称条件一致,下閉伊郡,要現行資料照合,2010-02-01,2026-01-01,1,https://www.e-stat.go.jp/SG1/estat/Pdfdl.do?sinfid=000012449985,2010-02-01,https://www.e-stat.go.jp/SG1/estat/Pdfdl.do?sinfid=000012449985,2026-10-03,false
03484,岩手県,,下閉伊郡,田野畑村,,019,久慈・閉伊川,09,閉伊川,未確認,2010年包括区域の名称条件一致,下閉伊郡,要現行資料照合,2010-02-01,2026-01-01,1,https://www.e-stat.go.jp/SG1/estat/Pdfdl.do?sinfid=000012449985,2010-02-01,https://www.e-stat.go.jp/SG1/estat/Pdfdl.do?sinfid=000012449985,2026-10-03,false
03485,岩手県,,下閉伊郡,普代村,,019,久慈・閉伊川,09,閉伊川,未確認,2010年包括区域の名称条件一致,下閉伊郡,要現行資料照合,2010-02-01,2026-01-01,1,https://www.e-stat.go.jp/SG1/estat/Pdfdl.do?sinfid=000012449985,2010-02-01,https://www.e-stat.go.jp/SG1/estat/Pdfdl.do?sinfid=000012449985,2026-10-03,false
03501,岩手県,,九戸郡,軽米町,,018,馬淵川上流,08,馬淵川,未確認,2010年包括区域の名称条件一致,九戸郡（軽米町、九戸村）,要現行資料照合,2010-02-01,2026-01-01,1,https://www.e-stat.go.jp/SG1/estat/Pdfdl.do?sinfid=000012449985,2010-02-01,https://www.e-stat.go.jp/SG1/estat/Pdfdl.do?sinfid=000012449985,2026-10-03,false
03503,岩手県,,九戸郡,野田村,,019,久慈・閉伊川,09,閉伊川,未確認,2010年包括区域の名称条件一致,九戸郡（軽米町、九戸村を除く）,要現行資料照合,2010-02-01,2026-01-01,1,https://www.e-stat.go.jp/SG1/estat/Pdfdl.do?sinfid=000012449985,2010-02-01,https://www.e-stat.go.jp/SG1/estat/Pdfdl.do?sinfid=000012449985,2026-10-03,false
03506,岩手県,,九戸郡,九戸村,,018,馬淵川上流,08,馬淵川,未確認,2010年包括区域の名称条件一致,九戸郡（軽米町、九戸村）,要現行資料照合,2010-02-01,2026-01-01,1,https://www.e-stat.go.jp/SG1/estat/Pdfdl.do?sinfid=000012449985,2010-02-01,https://www.e-stat.go.jp/SG1/estat/Pdfdl.do?sinfid=000012449985,2026-10-03,false
03507,岩手県,,九戸郡,洋野町,,019,久慈・閉伊川,09,閉伊川,未確認,2010年包括区域の名称条件一致,九戸郡（軽米町、九戸村を除く）,要現行資料照合,2010-02-01,2026-01-01,1,https://www.e-stat.go.jp/SG1/estat/Pdfdl.do?sinfid=000012449985,2010-02-01,https://www.e-stat.go.jp/SG1/estat/Pdfdl.do?sinfid=000012449985,2026-10-03,false
03524,岩手県,,二戸郡,一戸町,,018,馬淵川上流,08,馬淵川,未確認,2010年包括区域の名称条件一致,二戸郡,要現行資料照合,2010-02-01,2026-01-01,1,https://www.e-stat.go.jp/SG1/estat/Pdfdl.do?sinfid=000012449985,2010-02-01,https://www.e-stat.go.jp/SG1/estat/Pdfdl.do?sinfid=000012449985,2026-10-03,false
04101,宮城県,,,仙台市,青葉区,024,宮城南部,13,阿武隈川,未確認,県公式の区域一覧と名称一致,仙台市,所属計画区を県資料で照合・境界未確認,2026-04-01,2026-01-01,,https://www.pref.miyagi.jp/soshiki/ringyo-sk/chiikishinrinkeikaku.html,2010-02-01,https://www.e-stat.go.jp/SG1/estat/Pdfdl.do?sinfid=000012449985,2026-10-03,false
04102,宮城県,,,仙台市,宮城野区,024,宮城南部,13,阿武隈川,未確認,県公式の区域一覧と名称一致,仙台市,所属計画区を県資料で照合・境界未確認,2026-04-01,2026-01-01,,https://www.pref.miyagi.jp/soshiki/ringyo-sk/chiikishinrinkeikaku.html,2010-02-01,https://www.e-stat.go.jp/SG1/estat/Pdfdl.do?sinfid=000012449985,2026-10-03,false
04103,宮城県,,,仙台市,若林区,024,宮城南部,13,阿武隈川,未確認,県公式の区域一覧と名称一致,仙台市,所属計画区を県資料で照合・境界未確認,2026-04-01,2026-01-01,,https://www.pref.miyagi.jp/soshiki/ringyo-sk/chiikishinrinkeikaku.html,2010-02-01,https://www.e-stat.go.jp/SG1/estat/Pdfdl.do?sinfid=000012449985,2026-10-03,false
04104,宮城県,,,仙台市,太白区,024,宮城南部,13,阿武隈川,未確認,県公式の区域一覧と名称一致,仙台市,所属計画区を県資料で照合・境界未確認,2026-04-01,2026-01-01,,https://www.pref.miyagi.jp/soshiki/ringyo-sk/chiikishinrinkeikaku.html,2010-02-01,https://www.e-stat.go.jp/SG1/estat/Pdfdl.do?sinfid=000012449985,2026-10-03,false
04105,宮城県,,,仙台市,泉区,024,宮城南部,13,阿武隈川,未確認,県公式の区域一覧と名称一致,仙台市,所属計画区を県資料で照合・境界未確認,2026-04-01,2026-01-01,,https://www.pref.miyagi.jp/soshiki/ringyo-sk/chiikishinrinkeikaku.html,2010-02-01,https://www.e-stat.go.jp/SG1/estat/Pdfdl.do?sinfid=000012449985,2026-10-03,false
04202,宮城県,,,石巻市,,023,宮城北部,10,北上川,未確認,県公式の区域一覧と名称一致,石巻市,所属計画区を県資料で照合・境界未確認,2026-04-01,2026-01-01,,https://www.pref.miyagi.jp/soshiki/ringyo-sk/chiikishinrinkeikaku.html,2010-02-01,https://www.e-stat.go.jp/SG1/estat/Pdfdl.do?sinfid=000012449985,2026-10-03,false
04203,宮城県,,,塩竈市,,024,宮城南部,13,阿武隈川,未確認,県公式の区域一覧と名称一致,塩竈市,所属計画区を県資料で照合・境界未確認,2026-04-01,2026-01-01,,https://www.pref.miyagi.jp/soshiki/ringyo-sk/chiikishinrinkeikaku.html,2010-02-01,https://www.e-stat.go.jp/SG1/estat/Pdfdl.do?sinfid=000012449985,2026-10-03,false
04205,宮城県,,,気仙沼市,,023,宮城北部,10,北上川,未確認,県公式の区域一覧と名称一致,気仙沼市,所属計画区を県資料で照合・境界未確認,2026-04-01,2026-01-01,,https://www.pref.miyagi.jp/soshiki/ringyo-sk/chiikishinrinkeikaku.html,2010-02-01,https://www.e-stat.go.jp/SG1/estat/Pdfdl.do?sinfid=000012449985,2026-10-03,false
04206,宮城県,,,白石市,,024,宮城南部,13,阿武隈川,未確認,県公式の区域一覧と名称一致,白石市,所属計画区を県資料で照合・境界未確認,2026-04-01,2026-01-01,,https://www.pref.miyagi.jp/soshiki/ringyo-sk/chiikishinrinkeikaku.html,2010-02-01,https://www.e-stat.go.jp/SG1/estat/Pdfdl.do?sinfid=000012449985,2026-10-03,false
04207,宮城県,,,名取市,,024,宮城南部,13,阿武隈川,未確認,県公式の区域一覧と名称一致,名取市,所属計画区を県資料で照合・境界未確認,2026-04-01,2026-01-01,,https://www.pref.miyagi.jp/soshiki/ringyo-sk/chiikishinrinkeikaku.html,2010-02-01,https://www.e-stat.go.jp/SG1/estat/Pdfdl.do?sinfid=000012449985,2026-10-03,false
04208,宮城県,,,角田市,,024,宮城南部,13,阿武隈川,未確認,県公式の区域一覧と名称一致,角田市,所属計画区を県資料で照合・境界未確認,2026-04-01,2026-01-01,,https://www.pref.miyagi.jp/soshiki/ringyo-sk/chiikishinrinkeikaku.html,2010-02-01,https://www.e-stat.go.jp/SG1/estat/Pdfdl.do?sinfid=000012449985,2026-10-03,false
04209,宮城県,,,多賀城市,,024,宮城南部,13,阿武隈川,未確認,県公式の区域一覧と名称一致,多賀城市,所属計画区を県資料で照合・境界未確認,2026-04-01,2026-01-01,,https://www.pref.miyagi.jp/soshiki/ringyo-sk/chiikishinrinkeikaku.html,2010-02-01,https://www.e-stat.go.jp/SG1/estat/Pdfdl.do?sinfid=000012449985,2026-10-03,false
04211,宮城県,,,岩沼市,,024,宮城南部,13,阿武隈川,未確認,県公式の区域一覧と名称一致,岩沼市,所属計画区を県資料で照合・境界未確認,2026-04-01,2026-01-01,,https://www.pref.miyagi.jp/soshiki/ringyo-sk/chiikishinrinkeikaku.html,2010-02-01,https://www.e-stat.go.jp/SG1/estat/Pdfdl.do?sinfid=000012449985,2026-10-03,false
04212,宮城県,,,登米市,,023,宮城北部,10,北上川,未確認,県公式の区域一覧と名称一致,登米市,所属計画区を県資料で照合・境界未確認,2026-04-01,2026-01-01,,https://www.pref.miyagi.jp/soshiki/ringyo-sk/chiikishinrinkeikaku.html,2010-02-01,https://www.e-stat.go.jp/SG1/estat/Pdfdl.do?sinfid=000012449985,2026-10-03,false
04213,宮城県,,,栗原市,,023,宮城北部,10,北上川,未確認,県公式の区域一覧と名称一致,栗原市,所属計画区を県資料で照合・境界未確認,2026-04-01,2026-01-01,,https://www.pref.miyagi.jp/soshiki/ringyo-sk/chiikishinrinkeikaku.html,2010-02-01,https://www.e-stat.go.jp/SG1/estat/Pdfdl.do?sinfid=000012449985,2026-10-03,false
04214,宮城県,,,東松島市,,023,宮城北部,10,北上川,未確認,県公式の区域一覧と名称一致,東松島市,所属計画区を県資料で照合・境界未確認,2026-04-01,2026-01-01,,https://www.pref.miyagi.jp/soshiki/ringyo-sk/chiikishinrinkeikaku.html,2010-02-01,https://www.e-stat.go.jp/SG1/estat/Pdfdl.do?sinfid=000012449985,2026-10-03,false
04215,宮城県,,,大崎市,,023,宮城北部,10,北上川,未確認,県公式の区域一覧と名称一致,大崎市,所属計画区を県資料で照合・境界未確認,2026-04-01,2026-01-01,,https://www.pref.miyagi.jp/soshiki/ringyo-sk/chiikishinrinkeikaku.html,2010-02-01,https://www.e-stat.go.jp/SG1/estat/Pdfdl.do?sinfid=000012449985,2026-10-03,false
04216,宮城県,,,富谷市,,023,宮城北部,10,北上川,未確認,県公式の区域一覧と名称一致,富谷市,所属計画区を県資料で照合・境界未確認,2026-04-01,2026-01-01,,https://www.pref.miyagi.jp/soshiki/ringyo-sk/chiikishinrinkeikaku.html,2010-02-01,https://www.e-stat.go.jp/SG1/estat/Pdfdl.do?sinfid=000012449985,2026-10-03,false
04301,宮城県,,刈田郡,蔵王町,,024,宮城南部,13,阿武隈川,未確認,県公式の区域一覧と名称一致,蔵王町,所属計画区を県資料で照合・境界未確認,2026-04-01,2026-01-01,,https://www.pref.miyagi.jp/soshiki/ringyo-sk/chiikishinrinkeikaku.html,2010-02-01,https://www.e-stat.go.jp/SG1/estat/Pdfdl.do?sinfid=000012449985,2026-10-03,false
04302,宮城県,,刈田郡,七ヶ宿町,,024,宮城南部,13,阿武隈川,未確認,県公式の区域一覧と名称一致,七ヶ宿町,所属計画区を県資料で照合・境界未確認,2026-04-01,2026-01-01,,https://www.pref.miyagi.jp/soshiki/ringyo-sk/chiikishinrinkeikaku.html,2010-02-01,https://www.e-stat.go.jp/SG1/estat/Pdfdl.do?sinfid=000012449985,2026-10-03,false
04321,宮城県,,柴田郡,大河原町,,024,宮城南部,13,阿武隈川,未確認,県公式の区域一覧と名称一致,大河原町,所属計画区を県資料で照合・境界未確認,2026-04-01,2026-01-01,,https://www.pref.miyagi.jp/soshiki/ringyo-sk/chiikishinrinkeikaku.html,2010-02-01,https://www.e-stat.go.jp/SG1/estat/Pdfdl.do?sinfid=000012449985,2026-10-03,false
04322,宮城県,,柴田郡,村田町,,024,宮城南部,13,阿武隈川,未確認,県公式の区域一覧と名称一致,村田町,所属計画区を県資料で照合・境界未確認,2026-04-01,2026-01-01,,https://www.pref.miyagi.jp/soshiki/ringyo-sk/chiikishinrinkeikaku.html,2010-02-01,https://www.e-stat.go.jp/SG1/estat/Pdfdl.do?sinfid=000012449985,2026-10-03,false
04323,宮城県,,柴田郡,柴田町,,024,宮城南部,13,阿武隈川,未確認,県公式の区域一覧と名称一致,柴田町,所属計画区を県資料で照合・境界未確認,2026-04-01,2026-01-01,,https://www.pref.miyagi.jp/soshiki/ringyo-sk/chiikishinrinkeikaku.html,2010-02-01,https://www.e-stat.go.jp/SG1/estat/Pdfdl.do?sinfid=000012449985,2026-10-03,false
04324,宮城県,,柴田郡,川崎町,,024,宮城南部,13,阿武隈川,未確認,県公式の区域一覧と名称一致,川崎町,所属計画区を県資料で照合・境界未確認,2026-04-01,2026-01-01,,https://www.pref.miyagi.jp/soshiki/ringyo-sk/chiikishinrinkeikaku.html,2010-02-01,https://www.e-stat.go.jp/SG1/estat/Pdfdl.do?sinfid=000012449985,2026-10-03,false
04341,宮城県,,伊具郡,丸森町,,024,宮城南部,13,阿武隈川,未確認,県公式の区域一覧と名称一致,丸森町,所属計画区を県資料で照合・境界未確認,2026-04-01,2026-01-01,,https://www.pref.miyagi.jp/soshiki/ringyo-sk/chiikishinrinkeikaku.html,2010-02-01,https://www.e-stat.go.jp/SG1/estat/Pdfdl.do?sinfid=000012449985,2026-10-03,false
04361,宮城県,,亘理郡,亘理町,,024,宮城南部,13,阿武隈川,未確認,県公式の区域一覧と名称一致,亘理町,所属計画区を県資料で照合・境界未確認,2026-04-01,2026-01-01,,https://www.pref.miyagi.jp/soshiki/ringyo-sk/chiikishinrinkeikaku.html,2010-02-01,https://www.e-stat.go.jp/SG1/estat/Pdfdl.do?sinfid=000012449985,2026-10-03,false
04362,宮城県,,亘理郡,山元町,,024,宮城南部,13,阿武隈川,未確認,県公式の区域一覧と名称一致,山元町,所属計画区を県資料で照合・境界未確認,2026-04-01,2026-01-01,,https://www.pref.miyagi.jp/soshiki/ringyo-sk/chiikishinrinkeikaku.html,2010-02-01,https://www.e-stat.go.jp/SG1/estat/Pdfdl.do?sinfid=000012449985,2026-10-03,false
04401,宮城県,,宮城郡,松島町,,024,宮城南部,13,阿武隈川,未確認,県公式の区域一覧と名称一致,松島町,所属計画区を県資料で照合・境界未確認,2026-04-01,2026-01-01,,https://www.pref.miyagi.jp/soshiki/ringyo-sk/chiikishinrinkeikaku.html,2010-02-01,https://www.e-stat.go.jp/SG1/estat/Pdfdl.do?sinfid=000012449985,2026-10-03,false
04404,宮城県,,宮城郡,七ヶ浜町,,024,宮城南部,13,阿武隈川,未確認,県公式の区域一覧と名称一致,七ヶ浜町,所属計画区を県資料で照合・境界未確認,2026-04-01,2026-01-01,,https://www.pref.miyagi.jp/soshiki/ringyo-sk/chiikishinrinkeikaku.html,2010-02-01,https://www.e-stat.go.jp/SG1/estat/Pdfdl.do?sinfid=000012449985,2026-10-03,false
04406,宮城県,,宮城郡,利府町,,024,宮城南部,13,阿武隈川,未確認,県公式の区域一覧と名称一致,利府町,所属計画区を県資料で照合・境界未確認,2026-04-01,2026-01-01,,https://www.pref.miyagi.jp/soshiki/ringyo-sk/chiikishinrinkeikaku.html,2010-02-01,https://www.e-stat.go.jp/SG1/estat/Pdfdl.do?sinfid=000012449985,2026-10-03,false
04421,宮城県,,黒川郡,大和町,,023,宮城北部,10,北上川,未確認,県公式の区域一覧と名称一致,大和町,所属計画区を県資料で照合・境界未確認,2026-04-01,2026-01-01,,https://www.pref.miyagi.jp/soshiki/ringyo-sk/chiikishinrinkeikaku.html,2010-02-01,https://www.e-stat.go.jp/SG1/estat/Pdfdl.do?sinfid=000012449985,2026-10-03,false
04422,宮城県,,黒川郡,大郷町,,023,宮城北部,10,北上川,未確認,県公式の区域一覧と名称一致,大郷町,所属計画区を県資料で照合・境界未確認,2026-04-01,2026-01-01,,https://www.pref.miyagi.jp/soshiki/ringyo-sk/chiikishinrinkeikaku.html,2010-02-01,https://www.e-stat.go.jp/SG1/estat/Pdfdl.do?sinfid=000012449985,2026-10-03,false
04424,宮城県,,黒川郡,大衡村,,023,宮城北部,10,北上川,未確認,県公式の区域一覧と名称一致,大衡村,所属計画区を県資料で照合・境界未確認,2026-04-01,2026-01-01,,https://www.pref.miyagi.jp/soshiki/ringyo-sk/chiikishinrinkeikaku.html,2010-02-01,https://www.e-stat.go.jp/SG1/estat/Pdfdl.do?sinfid=000012449985,2026-10-03,false
04444,宮城県,,加美郡,色麻町,,023,宮城北部,10,北上川,未確認,県公式の区域一覧と名称一致,色麻町,所属計画区を県資料で照合・境界未確認,2026-04-01,2026-01-01,,https://www.pref.miyagi.jp/soshiki/ringyo-sk/chiikishinrinkeikaku.html,2010-02-01,https://www.e-stat.go.jp/SG1/estat/Pdfdl.do?sinfid=000012449985,2026-10-03,false
04445,宮城県,,加美郡,加美町,,023,宮城北部,10,北上川,未確認,県公式の区域一覧と名称一致,加美町,所属計画区を県資料で照合・境界未確認,2026-04-01,2026-01-01,,https://www.pref.miyagi.jp/soshiki/ringyo-sk/chiikishinrinkeikaku.html,2010-02-01,https://www.e-stat.go.jp/SG1/estat/Pdfdl.do?sinfid=000012449985,2026-10-03,false
04501,宮城県,,遠田郡,涌谷町,,023,宮城北部,10,北上川,未確認,県公式の区域一覧と名称一致,涌谷町,所属計画区を県資料で照合・境界未確認,2026-04-01,2026-01-01,,https://www.pref.miyagi.jp/soshiki/ringyo-sk/chiikishinrinkeikaku.html,2010-02-01,https://www.e-stat.go.jp/SG1/estat/Pdfdl.do?sinfid=000012449985,2026-10-03,false
04505,宮城県,,遠田郡,美里町,,023,宮城北部,10,北上川,未確認,県公式の区域一覧と名称一致,美里町,所属計画区を県資料で照合・境界未確認,2026-04-01,2026-01-01,,https://www.pref.miyagi.jp/soshiki/ringyo-sk/chiikishinrinkeikaku.html,2010-02-01,https://www.e-stat.go.jp/SG1/estat/Pdfdl.do?sinfid=000012449985,2026-10-03,false
04581,宮城県,,牡鹿郡,女川町,,023,宮城北部,10,北上川,未確認,県公式の区域一覧と名称一致,女川町,所属計画区を県資料で照合・境界未確認,2026-04-01,2026-01-01,,https://www.pref.miyagi.jp/soshiki/ringyo-sk/chiikishinrinkeikaku.html,2010-02-01,https://www.e-stat.go.jp/SG1/estat/Pdfdl.do?sinfid=000012449985,2026-10-03,false
04606,宮城県,,本吉郡,南三陸町,,023,宮城北部,10,北上川,未確認,県公式の区域一覧と名称一致,南三陸町,所属計画区を県資料で照合・境界未確認,2026-04-01,2026-01-01,,https://www.pref.miyagi.jp/soshiki/ringyo-sk/chiikishinrinkeikaku.html,2010-02-01,https://www.e-stat.go.jp/SG1/estat/Pdfdl.do?sinfid=000012449985,2026-10-03,false
05201,秋田県,,,秋田市,,026,雄物川,11,米代・雄物川,未確認,2010年包括区域の名称条件一致,秋田市,要現行資料照合,2010-02-01,2026-01-01,1,https://www.e-stat.go.jp/SG1/estat/Pdfdl.do?sinfid=000012449985,2010-02-01,https://www.e-stat.go.jp/SG1/estat/Pdfdl.do?sinfid=000012449985,2026-10-03,false
05202,秋田県,,,能代市,,025,米代川,11,米代・雄物川,未確認,2010年包括区域の名称条件一致,能代市,要現行資料照合,2010-02-01,2026-01-01,1,https://www.e-stat.go.jp/SG1/estat/Pdfdl.do?sinfid=000012449985,2010-02-01,https://www.e-stat.go.jp/SG1/estat/Pdfdl.do?sinfid=000012449985,2026-10-03,false
05203,秋田県,,,横手市,,026,雄物川,11,米代・雄物川,未確認,2010年包括区域の名称条件一致,横手市,要現行資料照合,2010-02-01,2026-01-01,1,https://www.e-stat.go.jp/SG1/estat/Pdfdl.do?sinfid=000012449985,2010-02-01,https://www.e-stat.go.jp/SG1/estat/Pdfdl.do?sinfid=000012449985,2026-10-03,false
05204,秋田県,,,大館市,,025,米代川,11,米代・雄物川,未確認,2010年包括区域の名称条件一致,大館市,要現行資料照合,2010-02-01,2026-01-01,1,https://www.e-stat.go.jp/SG1/estat/Pdfdl.do?sinfid=000012449985,2010-02-01,https://www.e-stat.go.jp/SG1/estat/Pdfdl.do?sinfid=000012449985,2026-10-03,false
05206,秋田県,,,男鹿市,,025,米代川,11,米代・雄物川,未確認,2010年包括区域の名称条件一致,男鹿市,要現行資料照合,2010-02-01,2026-01-01,1,https://www.e-stat.go.jp/SG1/estat/Pdfdl.do?sinfid=000012449985,2010-02-01,https://www.e-stat.go.jp/SG1/estat/Pdfdl.do?sinfid=000012449985,2026-10-03,false
05207,秋田県,,,湯沢市,,026,雄物川,11,米代・雄物川,未確認,2010年包括区域の名称条件一致,湯沢市,要現行資料照合,2010-02-01,2026-01-01,1,https://www.e-stat.go.jp/SG1/estat/Pdfdl.do?sinfid=000012449985,2010-02-01,https://www.e-stat.go.jp/SG1/estat/Pdfdl.do?sinfid=000012449985,2026-10-03,false
05209,秋田県,,,鹿角市,,025,米代川,11,米代・雄物川,未確認,2010年包括区域の名称条件一致,鹿角市,要現行資料照合,2010-02-01,2026-01-01,1,https://www.e-stat.go.jp/SG1/estat/Pdfdl.do?sinfid=000012449985,2010-02-01,https://www.e-stat.go.jp/SG1/estat/Pdfdl.do?sinfid=000012449985,2026-10-03,false
05210,秋田県,,,由利本荘市,,027,子吉川,11,米代・雄物川,未確認,2010年包括区域の名称条件一致,由利本荘市,要現行資料照合,2010-02-01,2026-01-01,1,https://www.e-stat.go.jp/SG1/estat/Pdfdl.do?sinfid=000012449985,2010-02-01,https://www.e-stat.go.jp/SG1/estat/Pdfdl.do?sinfid=000012449985,2026-10-03,false
05211,秋田県,,,潟上市,,025,米代川,11,米代・雄物川,未確認,2010年包括区域の名称条件一致,潟上市,要現行資料照合,2010-02-01,2026-01-01,1,https://www.e-stat.go.jp/SG1/estat/Pdfdl.do?sinfid=000012449985,2010-02-01,https://www.e-stat.go.jp/SG1/estat/Pdfdl.do?sinfid=000012449985,2026-10-03,false
05212,秋田県,,,大仙市,,026,雄物川,11,米代・雄物川,未確認,2010年包括区域の名称条件一致,大仙市,要現行資料照合,2010-02-01,2026-01-01,1,https://www.e-stat.go.jp/SG1/estat/Pdfdl.do?sinfid=000012449985,2010-02-01,https://www.e-stat.go.jp/SG1/estat/Pdfdl.do?sinfid=000012449985,2026-10-03,false
05213,秋田県,,,北秋田市,,025,米代川,11,米代・雄物川,未確認,2010年包括区域の名称条件一致,北秋田市,要現行資料照合,2010-02-01,2026-01-01,1,https://www.e-stat.go.jp/SG1/estat/Pdfdl.do?sinfid=000012449985,2010-02-01,https://www.e-stat.go.jp/SG1/estat/Pdfdl.do?sinfid=000012449985,2026-10-03,false
05214,秋田県,,,にかほ市,,027,子吉川,11,米代・雄物川,未確認,2010年包括区域の名称条件一致,にかほ市,要現行資料照合,2010-02-01,2026-01-01,1,https://www.e-stat.go.jp/SG1/estat/Pdfdl.do?sinfid=000012449985,2010-02-01,https://www.e-stat.go.jp/SG1/estat/Pdfdl.do?sinfid=000012449985,2026-10-03,false
05215,秋田県,,,仙北市,,026,雄物川,11,米代・雄物川,未確認,2010年包括区域の名称条件一致,仙北市,要現行資料照合,2010-02-01,2026-01-01,1,https://www.e-stat.go.jp/SG1/estat/Pdfdl.do?sinfid=000012449985,2010-02-01,https://www.e-stat.go.jp/SG1/estat/Pdfdl.do?sinfid=000012449985,2026-10-03,false
05303,秋田県,,鹿角郡,小坂町,,025,米代川,11,米代・雄物川,未確認,2010年包括区域の名称条件一致,鹿角郡,要現行資料照合,2010-02-01,2026-01-01,1,https://www.e-stat.go.jp/SG1/estat/Pdfdl.do?sinfid=000012449985,2010-02-01,https://www.e-stat.go.jp/SG1/estat/Pdfdl.do?sinfid=000012449985,2026-10-03,false
05327,秋田県,,北秋田郡,上小阿仁村,,025,米代川,11,米代・雄物川,未確認,2010年包括区域の名称条件一致,北秋田郡,要現行資料照合,2010-02-01,2026-01-01,1,https://www.e-stat.go.jp/SG1/estat/Pdfdl.do?sinfid=000012449985,2010-02-01,https://www.e-stat.go.jp/SG1/estat/Pdfdl.do?sinfid=000012449985,2026-10-03,false
05346,秋田県,,山本郡,藤里町,,025,米代川,11,米代・雄物川,未確認,2010年包括区域の名称条件一致,山本郡,要現行資料照合,2010-02-01,2026-01-01,1,https://www.e-stat.go.jp/SG1/estat/Pdfdl.do?sinfid=000012449985,2010-02-01,https://www.e-stat.go.jp/SG1/estat/Pdfdl.do?sinfid=000012449985,2026-10-03,false
05348,秋田県,,山本郡,三種町,,025,米代川,11,米代・雄物川,未確認,2010年包括区域の名称条件一致,山本郡,要現行資料照合,2010-02-01,2026-01-01,1,https://www.e-stat.go.jp/SG1/estat/Pdfdl.do?sinfid=000012449985,2010-02-01,https://www.e-stat.go.jp/SG1/estat/Pdfdl.do?sinfid=000012449985,2026-10-03,false
05349,秋田県,,山本郡,八峰町,,025,米代川,11,米代・雄物川,未確認,2010年包括区域の名称条件一致,山本郡,要現行資料照合,2010-02-01,2026-01-01,1,https://www.e-stat.go.jp/SG1/estat/Pdfdl.do?sinfid=000012449985,2010-02-01,https://www.e-stat.go.jp/SG1/estat/Pdfdl.do?sinfid=000012449985,2026-10-03,false
05361,秋田県,,南秋田郡,五城目町,,025,米代川,11,米代・雄物川,未確認,2010年包括区域の名称条件一致,南秋田郡,要現行資料照合,2010-02-01,2026-01-01,1,https://www.e-stat.go.jp/SG1/estat/Pdfdl.do?sinfid=000012449985,2010-02-01,https://www.e-stat.go.jp/SG1/estat/Pdfdl.do?sinfid=000012449985,2026-10-03,false
05363,秋田県,,南秋田郡,八郎潟町,,025,米代川,11,米代・雄物川,未確認,2010年包括区域の名称条件一致,南秋田郡,要現行資料照合,2010-02-01,2026-01-01,1,https://www.e-stat.go.jp/SG1/estat/Pdfdl.do?sinfid=000012449985,2010-02-01,https://www.e-stat.go.jp/SG1/estat/Pdfdl.do?sinfid=000012449985,2026-10-03,false
05366,秋田県,,南秋田郡,井川町,,025,米代川,11,米代・雄物川,未確認,2010年包括区域の名称条件一致,南秋田郡,要現行資料照合,2010-02-01,2026-01-01,1,https://www.e-stat.go.jp/SG1/estat/Pdfdl.do?sinfid=000012449985,2010-02-01,https://www.e-stat.go.jp/SG1/estat/Pdfdl.do?sinfid=000012449985,2026-10-03,false
05368,秋田県,,南秋田郡,大潟村,,025,米代川,11,米代・雄物川,未確認,2010年包括区域の名称条件一致,南秋田郡,要現行資料照合,2010-02-01,2026-01-01,1,https://www.e-stat.go.jp/SG1/estat/Pdfdl.do?sinfid=000012449985,2010-02-01,https://www.e-stat.go.jp/SG1/estat/Pdfdl.do?sinfid=000012449985,2026-10-03,false
05434,秋田県,,仙北郡,美郷町,,026,雄物川,11,米代・雄物川,未確認,2010年包括区域の名称条件一致,仙北郡,要現行資料照合,2010-02-01,2026-01-01,1,https://www.e-stat.go.jp/SG1/estat/Pdfdl.do?sinfid=000012449985,2010-02-01,https://www.e-stat.go.jp/SG1/estat/Pdfdl.do?sinfid=000012449985,2026-10-03,false
05463,秋田県,,雄勝郡,羽後町,,026,雄物川,11,米代・雄物川,未確認,2010年包括区域の名称条件一致,雄勝郡,要現行資料照合,2010-02-01,2026-01-01,1,https://www.e-stat.go.jp/SG1/estat/Pdfdl.do?sinfid=000012449985,2010-02-01,https://www.e-stat.go.jp/SG1/estat/Pdfdl.do?sinfid=000012449985,2026-10-03,false
05464,秋田県,,雄勝郡,東成瀬村,,026,雄物川,11,米代・雄物川,未確認,2010年包括区域の名称条件一致,雄勝郡,要現行資料照合,2010-02-01,2026-01-01,1,https://www.e-stat.go.jp/SG1/estat/Pdfdl.do?sinfid=000012449985,2010-02-01,https://www.e-stat.go.jp/SG1/estat/Pdfdl.do?sinfid=000012449985,2026-10-03,false
06201,山形県,,,山形市,,029,最上村山,12,最上川,未確認,2010年包括区域の名称条件一致,山形市,要現行資料照合,2010-02-01,2026-01-01,1,https://www.e-stat.go.jp/SG1/estat/Pdfdl.do?sinfid=000012449985,2010-02-01,https://www.e-stat.go.jp/SG1/estat/Pdfdl.do?sinfid=000012449985,2026-10-03,false
06202,山形県,,,米沢市,,030,置賜,12,最上川,未確認,2010年包括区域の名称条件一致,米沢市,要現行資料照合,2010-02-01,2026-01-01,1,https://www.e-stat.go.jp/SG1/estat/Pdfdl.do?sinfid=000012449985,2010-02-01,https://www.e-stat.go.jp/SG1/estat/Pdfdl.do?sinfid=000012449985,2026-10-03,false
06203,山形県,,,鶴岡市,,028,庄内,12,最上川,未確認,2010年包括区域の名称条件一致,鶴岡市,要現行資料照合,2010-02-01,2026-01-01,1,https://www.e-stat.go.jp/SG1/estat/Pdfdl.do?sinfid=000012449985,2010-02-01,https://www.e-stat.go.jp/SG1/estat/Pdfdl.do?sinfid=000012449985,2026-10-03,false
06204,山形県,,,酒田市,,028,庄内,12,最上川,未確認,2010年包括区域の名称条件一致,酒田市,要現行資料照合,2010-02-01,2026-01-01,1,https://www.e-stat.go.jp/SG1/estat/Pdfdl.do?sinfid=000012449985,2010-02-01,https://www.e-stat.go.jp/SG1/estat/Pdfdl.do?sinfid=000012449985,2026-10-03,false
06205,山形県,,,新庄市,,029,最上村山,12,最上川,未確認,2010年包括区域の名称条件一致,新庄市,要現行資料照合,2010-02-01,2026-01-01,1,https://www.e-stat.go.jp/SG1/estat/Pdfdl.do?sinfid=000012449985,2010-02-01,https://www.e-stat.go.jp/SG1/estat/Pdfdl.do?sinfid=000012449985,2026-10-03,false
06206,山形県,,,寒河江市,,029,最上村山,12,最上川,未確認,2010年包括区域の名称条件一致,寒河江市,要現行資料照合,2010-02-01,2026-01-01,1,https://www.e-stat.go.jp/SG1/estat/Pdfdl.do?sinfid=000012449985,2010-02-01,https://www.e-stat.go.jp/SG1/estat/Pdfdl.do?sinfid=000012449985,2026-10-03,false
06207,山形県,,,上山市,,029,最上村山,12,最上川,未確認,2010年包括区域の名称条件一致,上山市,要現行資料照合,2010-02-01,2026-01-01,1,https://www.e-stat.go.jp/SG1/estat/Pdfdl.do?sinfid=000012449985,2010-02-01,https://www.e-stat.go.jp/SG1/estat/Pdfdl.do?sinfid=000012449985,2026-10-03,false
06208,山形県,,,村山市,,029,最上村山,12,最上川,未確認,2010年包括区域の名称条件一致,村山市,要現行資料照合,2010-02-01,2026-01-01,1,https://www.e-stat.go.jp/SG1/estat/Pdfdl.do?sinfid=000012449985,2010-02-01,https://www.e-stat.go.jp/SG1/estat/Pdfdl.do?sinfid=000012449985,2026-10-03,false
06209,山形県,,,長井市,,030,置賜,12,最上川,未確認,2010年包括区域の名称条件一致,長井市,要現行資料照合,2010-02-01,2026-01-01,1,https://www.e-stat.go.jp/SG1/estat/Pdfdl.do?sinfid=000012449985,2010-02-01,https://www.e-stat.go.jp/SG1/estat/Pdfdl.do?sinfid=000012449985,2026-10-03,false
06210,山形県,,,天童市,,029,最上村山,12,最上川,未確認,2010年包括区域の名称条件一致,天童市,要現行資料照合,2010-02-01,2026-01-01,1,https://www.e-stat.go.jp/SG1/estat/Pdfdl.do?sinfid=000012449985,2010-02-01,https://www.e-stat.go.jp/SG1/estat/Pdfdl.do?sinfid=000012449985,2026-10-03,false
06211,山形県,,,東根市,,029,最上村山,12,最上川,未確認,2010年包括区域の名称条件一致,東根市,要現行資料照合,2010-02-01,2026-01-01,1,https://www.e-stat.go.jp/SG1/estat/Pdfdl.do?sinfid=000012449985,2010-02-01,https://www.e-stat.go.jp/SG1/estat/Pdfdl.do?sinfid=000012449985,2026-10-03,false
06212,山形県,,,尾花沢市,,029,最上村山,12,最上川,未確認,2010年包括区域の名称条件一致,尾花沢市,要現行資料照合,2010-02-01,2026-01-01,1,https://www.e-stat.go.jp/SG1/estat/Pdfdl.do?sinfid=000012449985,2010-02-01,https://www.e-stat.go.jp/SG1/estat/Pdfdl.do?sinfid=000012449985,2026-10-03,false
06213,山形県,,,南陽市,,030,置賜,12,最上川,未確認,2010年包括区域の名称条件一致,南陽市,要現行資料照合,2010-02-01,2026-01-01,1,https://www.e-stat.go.jp/SG1/estat/Pdfdl.do?sinfid=000012449985,2010-02-01,https://www.e-stat.go.jp/SG1/estat/Pdfdl.do?sinfid=000012449985,2026-10-03,false
06301,山形県,,東村山郡,山辺町,,029,最上村山,12,最上川,未確認,2010年包括区域の名称条件一致,東村山郡,要現行資料照合,2010-02-01,2026-01-01,1,https://www.e-stat.go.jp/SG1/estat/Pdfdl.do?sinfid=000012449985,2010-02-01,https://www.e-stat.go.jp/SG1/estat/Pdfdl.do?sinfid=000012449985,2026-10-03,false
06302,山形県,,東村山郡,中山町,,029,最上村山,12,最上川,未確認,2010年包括区域の名称条件一致,東村山郡,要現行資料照合,2010-02-01,2026-01-01,1,https://www.e-stat.go.jp/SG1/estat/Pdfdl.do?sinfid=000012449985,2010-02-01,https://www.e-stat.go.jp/SG1/estat/Pdfdl.do?sinfid=000012449985,2026-10-03,false
06321,山形県,,西村山郡,河北町,,029,最上村山,12,最上川,未確認,2010年包括区域の名称条件一致,西村山郡,要現行資料照合,2010-02-01,2026-01-01,1,https://www.e-stat.go.jp/SG1/estat/Pdfdl.do?sinfid=000012449985,2010-02-01,https://www.e-stat.go.jp/SG1/estat/Pdfdl.do?sinfid=000012449985,2026-10-03,false
06322,山形県,,西村山郡,西川町,,029,最上村山,12,最上川,未確認,2010年包括区域の名称条件一致,西村山郡,要現行資料照合,2010-02-01,2026-01-01,1,https://www.e-stat.go.jp/SG1/estat/Pdfdl.do?sinfid=000012449985,2010-02-01,https://www.e-stat.go.jp/SG1/estat/Pdfdl.do?sinfid=000012449985,2026-10-03,false
06323,山形県,,西村山郡,朝日町,,029,最上村山,12,最上川,未確認,2010年包括区域の名称条件一致,西村山郡,要現行資料照合,2010-02-01,2026-01-01,1,https://www.e-stat.go.jp/SG1/estat/Pdfdl.do?sinfid=000012449985,2010-02-01,https://www.e-stat.go.jp/SG1/estat/Pdfdl.do?sinfid=000012449985,2026-10-03,false
06324,山形県,,西村山郡,大江町,,029,最上村山,12,最上川,未確認,2010年包括区域の名称条件一致,西村山郡,要現行資料照合,2010-02-01,2026-01-01,1,https://www.e-stat.go.jp/SG1/estat/Pdfdl.do?sinfid=000012449985,2010-02-01,https://www.e-stat.go.jp/SG1/estat/Pdfdl.do?sinfid=000012449985,2026-10-03,false
06341,山形県,,北村山郡,大石田町,,029,最上村山,12,最上川,未確認,2010年包括区域の名称条件一致,北村山郡,要現行資料照合,2010-02-01,2026-01-01,1,https://www.e-stat.go.jp/SG1/estat/Pdfdl.do?sinfid=000012449985,2010-02-01,https://www.e-stat.go.jp/SG1/estat/Pdfdl.do?sinfid=000012449985,2026-10-03,false
06361,山形県,,最上郡,金山町,,029,最上村山,12,最上川,未確認,2010年包括区域の名称条件一致,最上郡,要現行資料照合,2010-02-01,2026-01-01,1,https://www.e-stat.go.jp/SG1/estat/Pdfdl.do?sinfid=000012449985,2010-02-01,https://www.e-stat.go.jp/SG1/estat/Pdfdl.do?sinfid=000012449985,2026-10-03,false
06362,山形県,,最上郡,最上町,,029,最上村山,12,最上川,未確認,2010年包括区域の名称条件一致,最上郡,要現行資料照合,2010-02-01,2026-01-01,1,https://www.e-stat.go.jp/SG1/estat/Pdfdl.do?sinfid=000012449985,2010-02-01,https://www.e-stat.go.jp/SG1/estat/Pdfdl.do?sinfid=000012449985,2026-10-03,false
06363,山形県,,最上郡,舟形町,,029,最上村山,12,最上川,未確認,2010年包括区域の名称条件一致,最上郡,要現行資料照合,2010-02-01,2026-01-01,1,https://www.e-stat.go.jp/SG1/estat/Pdfdl.do?sinfid=000012449985,2010-02-01,https://www.e-stat.go.jp/SG1/estat/Pdfdl.do?sinfid=000012449985,2026-10-03,false
06364,山形県,,最上郡,真室川町,,029,最上村山,12,最上川,未確認,2010年包括区域の名称条件一致,最上郡,要現行資料照合,2010-02-01,2026-01-01,1,https://www.e-stat.go.jp/SG1/estat/Pdfdl.do?sinfid=000012449985,2010-02-01,https://www.e-stat.go.jp/SG1/estat/Pdfdl.do?sinfid=000012449985,2026-10-03,false
06365,山形県,,最上郡,大蔵村,,029,最上村山,12,最上川,未確認,2010年包括区域の名称条件一致,最上郡,要現行資料照合,2010-02-01,2026-01-01,1,https://www.e-stat.go.jp/SG1/estat/Pdfdl.do?sinfid=000012449985,2010-02-01,https://www.e-stat.go.jp/SG1/estat/Pdfdl.do?sinfid=000012449985,2026-10-03,false
06366,山形県,,最上郡,鮭川村,,029,最上村山,12,最上川,未確認,2010年包括区域の名称条件一致,最上郡,要現行資料照合,2010-02-01,2026-01-01,1,https://www.e-stat.go.jp/SG1/estat/Pdfdl.do?sinfid=000012449985,2010-02-01,https://www.e-stat.go.jp/SG1/estat/Pdfdl.do?sinfid=000012449985,2026-10-03,false
06367,山形県,,最上郡,戸沢村,,029,最上村山,12,最上川,未確認,2010年包括区域の名称条件一致,最上郡,要現行資料照合,2010-02-01,2026-01-01,1,https://www.e-stat.go.jp/SG1/estat/Pdfdl.do?sinfid=000012449985,2010-02-01,https://www.e-stat.go.jp/SG1/estat/Pdfdl.do?sinfid=000012449985,2026-10-03,false
06381,山形県,,東置賜郡,高畠町,,030,置賜,12,最上川,未確認,2010年包括区域の名称条件一致,東置賜郡,要現行資料照合,2010-02-01,2026-01-01,1,https://www.e-stat.go.jp/SG1/estat/Pdfdl.do?sinfid=000012449985,2010-02-01,https://www.e-stat.go.jp/SG1/estat/Pdfdl.do?sinfid=000012449985,2026-10-03,false
06382,山形県,,東置賜郡,川西町,,030,置賜,12,最上川,未確認,2010年包括区域の名称条件一致,東置賜郡,要現行資料照合,2010-02-01,2026-01-01,1,https://www.e-stat.go.jp/SG1/estat/Pdfdl.do?sinfid=000012449985,2010-02-01,https://www.e-stat.go.jp/SG1/estat/Pdfdl.do?sinfid=000012449985,2026-10-03,false
06401,山形県,,西置賜郡,小国町,,030,置賜,12,最上川,未確認,2010年包括区域の名称条件一致,西置賜郡,要現行資料照合,2010-02-01,2026-01-01,1,https://www.e-stat.go.jp/SG1/estat/Pdfdl.do?sinfid=000012449985,2010-02-01,https://www.e-stat.go.jp/SG1/estat/Pdfdl.do?sinfid=000012449985,2026-10-03,false
06402,山形県,,西置賜郡,白鷹町,,030,置賜,12,最上川,未確認,2010年包括区域の名称条件一致,西置賜郡,要現行資料照合,2010-02-01,2026-01-01,1,https://www.e-stat.go.jp/SG1/estat/Pdfdl.do?sinfid=000012449985,2010-02-01,https://www.e-stat.go.jp/SG1/estat/Pdfdl.do?sinfid=000012449985,2026-10-03,false
06403,山形県,,西置賜郡,飯豊町,,030,置賜,12,最上川,未確認,2010年包括区域の名称条件一致,西置賜郡,要現行資料照合,2010-02-01,2026-01-01,1,https://www.e-stat.go.jp/SG1/estat/Pdfdl.do?sinfid=000012449985,2010-02-01,https://www.e-stat.go.jp/SG1/estat/Pdfdl.do?sinfid=000012449985,2026-10-03,false
06426,山形県,,東田川郡,三川町,,028,庄内,12,最上川,未確認,2010年包括区域の名称条件一致,東田川郡,要現行資料照合,2010-02-01,2026-01-01,1,https://www.e-stat.go.jp/SG1/estat/Pdfdl.do?sinfid=000012449985,2010-02-01,https://www.e-stat.go.jp/SG1/estat/Pdfdl.do?sinfid=000012449985,2026-10-03,false
06428,山形県,,東田川郡,庄内町,,028,庄内,12,最上川,未確認,2010年包括区域の名称条件一致,東田川郡,要現行資料照合,2010-02-01,2026-01-01,1,https://www.e-stat.go.jp/SG1/estat/Pdfdl.do?sinfid=000012449985,2010-02-01,https://www.e-stat.go.jp/SG1/estat/Pdfdl.do?sinfid=000012449985,2026-10-03,false
06461,山形県,,飽海郡,遊佐町,,028,庄内,12,最上川,未確認,2010年包括区域の名称条件一致,飽海郡,要現行資料照合,2010-02-01,2026-01-01,1,https://www.e-stat.go.jp/SG1/estat/Pdfdl.do?sinfid=000012449985,2010-02-01,https://www.e-stat.go.jp/SG1/estat/Pdfdl.do?sinfid=000012449985,2026-10-03,false
07201,福島県,,,福島市,,032,阿武隈川,13,阿武隈川,未確認,2010年包括区域の名称条件一致,福島市,要現行資料照合,2010-02-01,2026-01-01,1,https://www.e-stat.go.jp/SG1/estat/Pdfdl.do?sinfid=000012449985,2010-02-01,https://www.e-stat.go.jp/SG1/estat/Pdfdl.do?sinfid=000012449985,2026-10-03,false
07202,福島県,,,会津若松市,,033,会津,14,阿賀野川,未確認,2010年包括区域の名称条件一致,会津若松市,要現行資料照合,2010-02-01,2026-01-01,1,https://www.e-stat.go.jp/SG1/estat/Pdfdl.do?sinfid=000012449985,2010-02-01,https://www.e-stat.go.jp/SG1/estat/Pdfdl.do?sinfid=000012449985,2026-10-03,false
07203,福島県,,,郡山市,,032,阿武隈川,13,阿武隈川,未確認,2010年包括区域の名称条件一致,郡山市,要現行資料照合,2010-02-01,2026-01-01,1,https://www.e-stat.go.jp/SG1/estat/Pdfdl.do?sinfid=000012449985,2010-02-01,https://www.e-stat.go.jp/SG1/estat/Pdfdl.do?sinfid=000012449985,2026-10-03,false
07204,福島県,,,いわき市,,031,磐城,13,阿武隈川,未確認,2010年包括区域の名称条件一致,いわき市,要現行資料照合,2010-02-01,2026-01-01,1,https://www.e-stat.go.jp/SG1/estat/Pdfdl.do?sinfid=000012449985,2010-02-01,https://www.e-stat.go.jp/SG1/estat/Pdfdl.do?sinfid=000012449985,2026-10-03,false
07205,福島県,,,白河市,,032,阿武隈川,13,阿武隈川,未確認,2010年包括区域の名称条件一致,白河市,要現行資料照合,2010-02-01,2026-01-01,1,https://www.e-stat.go.jp/SG1/estat/Pdfdl.do?sinfid=000012449985,2010-02-01,https://www.e-stat.go.jp/SG1/estat/Pdfdl.do?sinfid=000012449985,2026-10-03,false
07207,福島県,,,須賀川市,,032,阿武隈川,13,阿武隈川,未確認,2010年包括区域の名称条件一致,須賀川市,要現行資料照合,2010-02-01,2026-01-01,1,https://www.e-stat.go.jp/SG1/estat/Pdfdl.do?sinfid=000012449985,2010-02-01,https://www.e-stat.go.jp/SG1/estat/Pdfdl.do?sinfid=000012449985,2026-10-03,false
07208,福島県,,,喜多方市,,033,会津,14,阿賀野川,未確認,2010年包括区域の名称条件一致,喜多方市,要現行資料照合,2010-02-01,2026-01-01,1,https://www.e-stat.go.jp/SG1/estat/Pdfdl.do?sinfid=000012449985,2010-02-01,https://www.e-stat.go.jp/SG1/estat/Pdfdl.do?sinfid=000012449985,2026-10-03,false
07209,福島県,,,相馬市,,031,磐城,13,阿武隈川,未確認,2010年包括区域の名称条件一致,相馬市,要現行資料照合,2010-02-01,2026-01-01,1,https://www.e-stat.go.jp/SG1/estat/Pdfdl.do?sinfid=000012449985,2010-02-01,https://www.e-stat.go.jp/SG1/estat/Pdfdl.do?sinfid=000012449985,2026-10-03,false
07210,福島県,,,二本松市,,032,阿武隈川,13,阿武隈川,未確認,2010年包括区域の名称条件一致,二本松市,要現行資料照合,2010-02-01,2026-01-01,1,https://www.e-stat.go.jp/SG1/estat/Pdfdl.do?sinfid=000012449985,2010-02-01,https://www.e-stat.go.jp/SG1/estat/Pdfdl.do?sinfid=000012449985,2026-10-03,false
07211,福島県,,,田村市,,032,阿武隈川,13,阿武隈川,未確認,2010年包括区域の名称条件一致,田村市,要現行資料照合,2010-02-01,2026-01-01,1,https://www.e-stat.go.jp/SG1/estat/Pdfdl.do?sinfid=000012449985,2010-02-01,https://www.e-stat.go.jp/SG1/estat/Pdfdl.do?sinfid=000012449985,2026-10-03,false
07212,福島県,,,南相馬市,,031,磐城,13,阿武隈川,未確認,2010年包括区域の名称条件一致,南相馬市,要現行資料照合,2010-02-01,2026-01-01,1,https://www.e-stat.go.jp/SG1/estat/Pdfdl.do?sinfid=000012449985,2010-02-01,https://www.e-stat.go.jp/SG1/estat/Pdfdl.do?sinfid=000012449985,2026-10-03,false
07213,福島県,,,伊達市,,032,阿武隈川,13,阿武隈川,未確認,2010年包括区域の名称条件一致,伊達市,要現行資料照合,2010-02-01,2026-01-01,1,https://www.e-stat.go.jp/SG1/estat/Pdfdl.do?sinfid=000012449985,2010-02-01,https://www.e-stat.go.jp/SG1/estat/Pdfdl.do?sinfid=000012449985,2026-10-03,false
07214,福島県,,,本宮市,,032,阿武隈川,13,阿武隈川,未確認,2010年包括区域の名称条件一致,本宮市,要現行資料照合,2010-02-01,2026-01-01,1,https://www.e-stat.go.jp/SG1/estat/Pdfdl.do?sinfid=000012449985,2010-02-01,https://www.e-stat.go.jp/SG1/estat/Pdfdl.do?sinfid=000012449985,2026-10-03,false
07301,福島県,,伊達郡,桑折町,,032,阿武隈川,13,阿武隈川,未確認,2010年包括区域の名称条件一致,伊達郡,要現行資料照合,2010-02-01,2026-01-01,1,https://www.e-stat.go.jp/SG1/estat/Pdfdl.do?sinfid=000012449985,2010-02-01,https://www.e-stat.go.jp/SG1/estat/Pdfdl.do?sinfid=000012449985,2026-10-03,false
07303,福島県,,伊達郡,国見町,,032,阿武隈川,13,阿武隈川,未確認,2010年包括区域の名称条件一致,伊達郡,要現行資料照合,2010-02-01,2026-01-01,1,https://www.e-stat.go.jp/SG1/estat/Pdfdl.do?sinfid=000012449985,2010-02-01,https://www.e-stat.go.jp/SG1/estat/Pdfdl.do?sinfid=000012449985,2026-10-03,false
07308,福島県,,伊達郡,川俣町,,032,阿武隈川,13,阿武隈川,未確認,2010年包括区域の名称条件一致,伊達郡,要現行資料照合,2010-02-01,2026-01-01,1,https://www.e-stat.go.jp/SG1/estat/Pdfdl.do?sinfid=000012449985,2010-02-01,https://www.e-stat.go.jp/SG1/estat/Pdfdl.do?sinfid=000012449985,2026-10-03,false
07322,福島県,,安達郡,大玉村,,032,阿武隈川,13,阿武隈川,未確認,2010年包括区域の名称条件一致,安達郡,要現行資料照合,2010-02-01,2026-01-01,1,https://www.e-stat.go.jp/SG1/estat/Pdfdl.do?sinfid=000012449985,2010-02-01,https://www.e-stat.go.jp/SG1/estat/Pdfdl.do?sinfid=000012449985,2026-10-03,false
07342,福島県,,岩瀬郡,鏡石町,,032,阿武隈川,13,阿武隈川,未確認,2010年包括区域の名称条件一致,岩瀬郡,要現行資料照合,2010-02-01,2026-01-01,1,https://www.e-stat.go.jp/SG1/estat/Pdfdl.do?sinfid=000012449985,2010-02-01,https://www.e-stat.go.jp/SG1/estat/Pdfdl.do?sinfid=000012449985,2026-10-03,false
07344,福島県,,岩瀬郡,天栄村,,032,阿武隈川,13,阿武隈川,未確認,2010年包括区域の名称条件一致,岩瀬郡,要現行資料照合,2010-02-01,2026-01-01,1,https://www.e-stat.go.jp/SG1/estat/Pdfdl.do?sinfid=000012449985,2010-02-01,https://www.e-stat.go.jp/SG1/estat/Pdfdl.do?sinfid=000012449985,2026-10-03,false
07362,福島県,,南会津郡,下郷町,,033,会津,14,阿賀野川,未確認,2010年包括区域の名称条件一致,南会津郡,要現行資料照合,2010-02-01,2026-01-01,1,https://www.e-stat.go.jp/SG1/estat/Pdfdl.do?sinfid=000012449985,2010-02-01,https://www.e-stat.go.jp/SG1/estat/Pdfdl.do?sinfid=000012449985,2026-10-03,false
07364,福島県,,南会津郡,檜枝岐村,,033,会津,14,阿賀野川,未確認,2010年包括区域の名称条件一致,南会津郡,要現行資料照合,2010-02-01,2026-01-01,1,https://www.e-stat.go.jp/SG1/estat/Pdfdl.do?sinfid=000012449985,2010-02-01,https://www.e-stat.go.jp/SG1/estat/Pdfdl.do?sinfid=000012449985,2026-10-03,false
07367,福島県,,南会津郡,只見町,,033,会津,14,阿賀野川,未確認,2010年包括区域の名称条件一致,南会津郡,要現行資料照合,2010-02-01,2026-01-01,1,https://www.e-stat.go.jp/SG1/estat/Pdfdl.do?sinfid=000012449985,2010-02-01,https://www.e-stat.go.jp/SG1/estat/Pdfdl.do?sinfid=000012449985,2026-10-03,false
07368,福島県,,南会津郡,南会津町,,033,会津,14,阿賀野川,未確認,2010年包括区域の名称条件一致,南会津郡,要現行資料照合,2010-02-01,2026-01-01,1,https://www.e-stat.go.jp/SG1/estat/Pdfdl.do?sinfid=000012449985,2010-02-01,https://www.e-stat.go.jp/SG1/estat/Pdfdl.do?sinfid=000012449985,2026-10-03,false
07402,福島県,,耶麻郡,北塩原村,,033,会津,14,阿賀野川,未確認,2010年包括区域の名称条件一致,耶麻郡,要現行資料照合,2010-02-01,2026-01-01,1,https://www.e-stat.go.jp/SG1/estat/Pdfdl.do?sinfid=000012449985,2010-02-01,https://www.e-stat.go.jp/SG1/estat/Pdfdl.do?sinfid=000012449985,2026-10-03,false
07405,福島県,,耶麻郡,西会津町,,033,会津,14,阿賀野川,未確認,2010年包括区域の名称条件一致,耶麻郡,要現行資料照合,2010-02-01,2026-01-01,1,https://www.e-stat.go.jp/SG1/estat/Pdfdl.do?sinfid=000012449985,2010-02-01,https://www.e-stat.go.jp/SG1/estat/Pdfdl.do?sinfid=000012449985,2026-10-03,false
07407,福島県,,耶麻郡,磐梯町,,033,会津,14,阿賀野川,未確認,2010年包括区域の名称条件一致,耶麻郡,要現行資料照合,2010-02-01,2026-01-01,1,https://www.e-stat.go.jp/SG1/estat/Pdfdl.do?sinfid=000012449985,2010-02-01,https://www.e-stat.go.jp/SG1/estat/Pdfdl.do?sinfid=000012449985,2026-10-03,false
07408,福島県,,耶麻郡,猪苗代町,,033,会津,14,阿賀野川,未確認,2010年包括区域の名称条件一致,耶麻郡,要現行資料照合,2010-02-01,2026-01-01,1,https://www.e-stat.go.jp/SG1/estat/Pdfdl.do?sinfid=000012449985,2010-02-01,https://www.e-stat.go.jp/SG1/estat/Pdfdl.do?sinfid=000012449985,2026-10-03,false
07421,福島県,,河沼郡,会津坂下町,,033,会津,14,阿賀野川,未確認,2010年包括区域の名称条件一致,河沼郡,要現行資料照合,2010-02-01,2026-01-01,1,https://www.e-stat.go.jp/SG1/estat/Pdfdl.do?sinfid=000012449985,2010-02-01,https://www.e-stat.go.jp/SG1/estat/Pdfdl.do?sinfid=000012449985,2026-10-03,false
07422,福島県,,河沼郡,湯川村,,033,会津,14,阿賀野川,未確認,2010年包括区域の名称条件一致,河沼郡,要現行資料照合,2010-02-01,2026-01-01,1,https://www.e-stat.go.jp/SG1/estat/Pdfdl.do?sinfid=000012449985,2010-02-01,https://www.e-stat.go.jp/SG1/estat/Pdfdl.do?sinfid=000012449985,2026-10-03,false
07423,福島県,,河沼郡,柳津町,,033,会津,14,阿賀野川,未確認,2010年包括区域の名称条件一致,河沼郡,要現行資料照合,2010-02-01,2026-01-01,1,https://www.e-stat.go.jp/SG1/estat/Pdfdl.do?sinfid=000012449985,2010-02-01,https://www.e-stat.go.jp/SG1/estat/Pdfdl.do?sinfid=000012449985,2026-10-03,false
07444,福島県,,大沼郡,三島町,,033,会津,14,阿賀野川,未確認,2010年包括区域の名称条件一致,大沼郡,要現行資料照合,2010-02-01,2026-01-01,1,https://www.e-stat.go.jp/SG1/estat/Pdfdl.do?sinfid=000012449985,2010-02-01,https://www.e-stat.go.jp/SG1/estat/Pdfdl.do?sinfid=000012449985,2026-10-03,false
07445,福島県,,大沼郡,金山町,,033,会津,14,阿賀野川,未確認,2010年包括区域の名称条件一致,大沼郡,要現行資料照合,2010-02-01,2026-01-01,1,https://www.e-stat.go.jp/SG1/estat/Pdfdl.do?sinfid=000012449985,2010-02-01,https://www.e-stat.go.jp/SG1/estat/Pdfdl.do?sinfid=000012449985,2026-10-03,false
07446,福島県,,大沼郡,昭和村,,033,会津,14,阿賀野川,未確認,2010年包括区域の名称条件一致,大沼郡,要現行資料照合,2010-02-01,2026-01-01,1,https://www.e-stat.go.jp/SG1/estat/Pdfdl.do?sinfid=000012449985,2010-02-01,https://www.e-stat.go.jp/SG1/estat/Pdfdl.do?sinfid=000012449985,2026-10-03,false
07447,福島県,,大沼郡,会津美里町,,033,会津,14,阿賀野川,未確認,2010年包括区域の名称条件一致,大沼郡,要現行資料照合,2010-02-01,2026-01-01,1,https://www.e-stat.go.jp/SG1/estat/Pdfdl.do?sinfid=000012449985,2010-02-01,https://www.e-stat.go.jp/SG1/estat/Pdfdl.do?sinfid=000012449985,2026-10-03,false
07461,福島県,,西白河郡,西郷村,,032,阿武隈川,13,阿武隈川,未確認,2010年包括区域の名称条件一致,西白河郡,要現行資料照合,2010-02-01,2026-01-01,1,https://www.e-stat.go.jp/SG1/estat/Pdfdl.do?sinfid=000012449985,2010-02-01,https://www.e-stat.go.jp/SG1/estat/Pdfdl.do?sinfid=000012449985,2026-10-03,false
07464,福島県,,西白河郡,泉崎村,,032,阿武隈川,13,阿武隈川,未確認,2010年包括区域の名称条件一致,西白河郡,要現行資料照合,2010-02-01,2026-01-01,1,https://www.e-stat.go.jp/SG1/estat/Pdfdl.do?sinfid=000012449985,2010-02-01,https://www.e-stat.go.jp/SG1/estat/Pdfdl.do?sinfid=000012449985,2026-10-03,false
07465,福島県,,西白河郡,中島村,,032,阿武隈川,13,阿武隈川,未確認,2010年包括区域の名称条件一致,西白河郡,要現行資料照合,2010-02-01,2026-01-01,1,https://www.e-stat.go.jp/SG1/estat/Pdfdl.do?sinfid=000012449985,2010-02-01,https://www.e-stat.go.jp/SG1/estat/Pdfdl.do?sinfid=000012449985,2026-10-03,false
07466,福島県,,西白河郡,矢吹町,,032,阿武隈川,13,阿武隈川,未確認,2010年包括区域の名称条件一致,西白河郡,要現行資料照合,2010-02-01,2026-01-01,1,https://www.e-stat.go.jp/SG1/estat/Pdfdl.do?sinfid=000012449985,2010-02-01,https://www.e-stat.go.jp/SG1/estat/Pdfdl.do?sinfid=000012449985,2026-10-03,false
07481,福島県,,東白川郡,棚倉町,,034,奥久慈,16,那珂川,未確認,2010年包括区域の名称条件一致,東白川郡,要現行資料照合,2010-02-01,2026-01-01,2,https://www.e-stat.go.jp/SG1/estat/Pdfdl.do?sinfid=000012449985,2010-02-01,https://www.e-stat.go.jp/SG1/estat/Pdfdl.do?sinfid=000012449985,2026-10-03,false
07482,福島県,,東白川郡,矢祭町,,034,奥久慈,16,那珂川,未確認,2010年包括区域の名称条件一致,東白川郡,要現行資料照合,2010-02-01,2026-01-01,2,https://www.e-stat.go.jp/SG1/estat/Pdfdl.do?sinfid=000012449985,2010-02-01,https://www.e-stat.go.jp/SG1/estat/Pdfdl.do?sinfid=000012449985,2026-10-03,false
07483,福島県,,東白川郡,塙町,,034,奥久慈,16,那珂川,未確認,2010年包括区域の名称条件一致,東白川郡,要現行資料照合,2010-02-01,2026-01-01,2,https://www.e-stat.go.jp/SG1/estat/Pdfdl.do?sinfid=000012449985,2010-02-01,https://www.e-stat.go.jp/SG1/estat/Pdfdl.do?sinfid=000012449985,2026-10-03,false
07484,福島県,,東白川郡,鮫川村,,034,奥久慈,16,那珂川,未確認,2010年包括区域の名称条件一致,東白川郡,要現行資料照合,2010-02-01,2026-01-01,2,https://www.e-stat.go.jp/SG1/estat/Pdfdl.do?sinfid=000012449985,2010-02-01,https://www.e-stat.go.jp/SG1/estat/Pdfdl.do?sinfid=000012449985,2026-10-03,false
07501,福島県,,石川郡,石川町,,032,阿武隈川,13,阿武隈川,未確認,2010年包括区域の名称条件一致,石川郡,要現行資料照合,2010-02-01,2026-01-01,1,https://www.e-stat.go.jp/SG1/estat/Pdfdl.do?sinfid=000012449985,2010-02-01,https://www.e-stat.go.jp/SG1/estat/Pdfdl.do?sinfid=000012449985,2026-10-03,false
07502,福島県,,石川郡,玉川村,,032,阿武隈川,13,阿武隈川,未確認,2010年包括区域の名称条件一致,石川郡,要現行資料照合,2010-02-01,2026-01-01,1,https://www.e-stat.go.jp/SG1/estat/Pdfdl.do?sinfid=000012449985,2010-02-01,https://www.e-stat.go.jp/SG1/estat/Pdfdl.do?sinfid=000012449985,2026-10-03,false
07503,福島県,,石川郡,平田村,,032,阿武隈川,13,阿武隈川,未確認,2010年包括区域の名称条件一致,石川郡,要現行資料照合,2010-02-01,2026-01-01,1,https://www.e-stat.go.jp/SG1/estat/Pdfdl.do?sinfid=000012449985,2010-02-01,https://www.e-stat.go.jp/SG1/estat/Pdfdl.do?sinfid=000012449985,2026-10-03,false
07504,福島県,,石川郡,浅川町,,032,阿武隈川,13,阿武隈川,未確認,2010年包括区域の名称条件一致,石川郡,要現行資料照合,2010-02-01,2026-01-01,1,https://www.e-stat.go.jp/SG1/estat/Pdfdl.do?sinfid=000012449985,2010-02-01,https://www.e-stat.go.jp/SG1/estat/Pdfdl.do?sinfid=000012449985,2026-10-03,false
07505,福島県,,石川郡,古殿町,,032,阿武隈川,13,阿武隈川,未確認,2010年包括区域の名称条件一致,石川郡,要現行資料照合,2010-02-01,2026-01-01,1,https://www.e-stat.go.jp/SG1/estat/Pdfdl.do?sinfid=000012449985,2010-02-01,https://www.e-stat.go.jp/SG1/estat/Pdfdl.do?sinfid=000012449985,2026-10-03,false
07521,福島県,,田村郡,三春町,,032,阿武隈川,13,阿武隈川,未確認,2010年包括区域の名称条件一致,田村郡,要現行資料照合,2010-02-01,2026-01-01,1,https://www.e-stat.go.jp/SG1/estat/Pdfdl.do?sinfid=000012449985,2010-02-01,https://www.e-stat.go.jp/SG1/estat/Pdfdl.do?sinfid=000012449985,2026-10-03,false
07522,福島県,,田村郡,小野町,,032,阿武隈川,13,阿武隈川,未確認,2010年包括区域の名称条件一致,田村郡,要現行資料照合,2010-02-01,2026-01-01,1,https://www.e-stat.go.jp/SG1/estat/Pdfdl.do?sinfid=000012449985,2010-02-01,https://www.e-stat.go.jp/SG1/estat/Pdfdl.do?sinfid=000012449985,2026-10-03,false
07541,福島県,,双葉郡,広野町,,031,磐城,13,阿武隈川,未確認,2010年包括区域の名称条件一致,双葉郡,要現行資料照合,2010-02-01,2026-01-01,1,https://www.e-stat.go.jp/SG1/estat/Pdfdl.do?sinfid=000012449985,2010-02-01,https://www.e-stat.go.jp/SG1/estat/Pdfdl.do?sinfid=000012449985,2026-10-03,false
07542,福島県,,双葉郡,楢葉町,,031,磐城,13,阿武隈川,未確認,2010年包括区域の名称条件一致,双葉郡,要現行資料照合,2010-02-01,2026-01-01,1,https://www.e-stat.go.jp/SG1/estat/Pdfdl.do?sinfid=000012449985,2010-02-01,https://www.e-stat.go.jp/SG1/estat/Pdfdl.do?sinfid=000012449985,2026-10-03,false
07543,福島県,,双葉郡,富岡町,,031,磐城,13,阿武隈川,未確認,2010年包括区域の名称条件一致,双葉郡,要現行資料照合,2010-02-01,2026-01-01,1,https://www.e-stat.go.jp/SG1/estat/Pdfdl.do?sinfid=000012449985,2010-02-01,https://www.e-stat.go.jp/SG1/estat/Pdfdl.do?sinfid=000012449985,2026-10-03,false
07544,福島県,,双葉郡,川内村,,031,磐城,13,阿武隈川,未確認,2010年包括区域の名称条件一致,双葉郡,要現行資料照合,2010-02-01,2026-01-01,1,https://www.e-stat.go.jp/SG1/estat/Pdfdl.do?sinfid=000012449985,2010-02-01,https://www.e-stat.go.jp/SG1/estat/Pdfdl.do?sinfid=000012449985,2026-10-03,false
07545,福島県,,双葉郡,大熊町,,031,磐城,13,阿武隈川,未確認,2010年包括区域の名称条件一致,双葉郡,要現行資料照合,2010-02-01,2026-01-01,1,https://www.e-stat.go.jp/SG1/estat/Pdfdl.do?sinfid=000012449985,2010-02-01,https://www.e-stat.go.jp/SG1/estat/Pdfdl.do?sinfid=000012449985,2026-10-03,false
07546,福島県,,双葉郡,双葉町,,031,磐城,13,阿武隈川,未確認,2010年包括区域の名称条件一致,双葉郡,要現行資料照合,2010-02-01,2026-01-01,1,https://www.e-stat.go.jp/SG1/estat/Pdfdl.do?sinfid=000012449985,2010-02-01,https://www.e-stat.go.jp/SG1/estat/Pdfdl.do?sinfid=000012449985,2026-10-03,false
07547,福島県,,双葉郡,浪江町,,031,磐城,13,阿武隈川,未確認,2010年包括区域の名称条件一致,双葉郡,要現行資料照合,2010-02-01,2026-01-01,1,https://www.e-stat.go.jp/SG1/estat/Pdfdl.do?sinfid=000012449985,2010-02-01,https://www.e-stat.go.jp/SG1/estat/Pdfdl.do?sinfid=000012449985,2026-10-03,false
07548,福島県,,双葉郡,葛尾村,,031,磐城,13,阿武隈川,未確認,2010年包括区域の名称条件一致,双葉郡,要現行資料照合,2010-02-01,2026-01-01,1,https://www.e-stat.go.jp/SG1/estat/Pdfdl.do?sinfid=000012449985,2010-02-01,https://www.e-stat.go.jp/SG1/estat/Pdfdl.do?sinfid=000012449985,2026-10-03,false
07561,福島県,,相馬郡,新地町,,031,磐城,13,阿武隈川,未確認,2010年包括区域の名称条件一致,相馬郡,要現行資料照合,2010-02-01,2026-01-01,1,https://www.e-stat.go.jp/SG1/estat/Pdfdl.do?sinfid=000012449985,2010-02-01,https://www.e-stat.go.jp/SG1/estat/Pdfdl.do?sinfid=000012449985,2026-10-03,false
07564,福島県,,相馬郡,飯舘村,,031,磐城,13,阿武隈川,未確認,2010年包括区域の名称条件一致,相馬郡,要現行資料照合,2010-02-01,2026-01-01,1,https://www.e-stat.go.jp/SG1/estat/Pdfdl.do?sinfid=000012449985,2010-02-01,https://www.e-stat.go.jp/SG1/estat/Pdfdl.do?sinfid=000012449985,2026-10-03,false
08201,茨城県,,,水戸市,,036,水戸那珂,16,那珂川,未確認,2010年包括区域の名称条件一致,水戸市,要現行資料照合,2010-02-01,2026-01-01,2,https://www.e-stat.go.jp/SG1/estat/Pdfdl.do?sinfid=000012449985,2010-02-01,https://www.e-stat.go.jp/SG1/estat/Pdfdl.do?sinfid=000012449985,2026-10-03,false
08202,茨城県,,,日立市,,035,八溝多賀,16,那珂川,未確認,2010年包括区域の名称条件一致,日立市,要現行資料照合,2010-02-01,2026-01-01,2,https://www.e-stat.go.jp/SG1/estat/Pdfdl.do?sinfid=000012449985,2010-02-01,https://www.e-stat.go.jp/SG1/estat/Pdfdl.do?sinfid=000012449985,2026-10-03,false
08203,茨城県,,,土浦市,,037,霞ヶ浦,17,利根川,未確認,2010年包括区域の名称条件一致,土浦市,要現行資料照合,2010-02-01,2026-01-01,2,https://www.e-stat.go.jp/SG1/estat/Pdfdl.do?sinfid=000012449985,2010-02-01,https://www.e-stat.go.jp/SG1/estat/Pdfdl.do?sinfid=000012449985,2026-10-03,false
08204,茨城県,,,古河市,,037,霞ヶ浦,17,利根川,未確認,2010年包括区域の名称条件一致,古河市,要現行資料照合,2010-02-01,2026-01-01,2,https://www.e-stat.go.jp/SG1/estat/Pdfdl.do?sinfid=000012449985,2010-02-01,https://www.e-stat.go.jp/SG1/estat/Pdfdl.do?sinfid=000012449985,2026-10-03,false
08205,茨城県,,,石岡市,,037,霞ヶ浦,17,利根川,未確認,2010年包括区域の名称条件一致,石岡市,要現行資料照合,2010-02-01,2026-01-01,2,https://www.e-stat.go.jp/SG1/estat/Pdfdl.do?sinfid=000012449985,2010-02-01,https://www.e-stat.go.jp/SG1/estat/Pdfdl.do?sinfid=000012449985,2026-10-03,false
08207,茨城県,,,結城市,,037,霞ヶ浦,17,利根川,未確認,2010年包括区域の名称条件一致,結城市,要現行資料照合,2010-02-01,2026-01-01,2,https://www.e-stat.go.jp/SG1/estat/Pdfdl.do?sinfid=000012449985,2010-02-01,https://www.e-stat.go.jp/SG1/estat/Pdfdl.do?sinfid=000012449985,2026-10-03,false
08208,茨城県,,,龍ケ崎市,,037,霞ヶ浦,17,利根川,未確認,2010年包括区域の名称条件一致,龍ケ崎市,要現行資料照合,2010-02-01,2026-01-01,2,https://www.e-stat.go.jp/SG1/estat/Pdfdl.do?sinfid=000012449985,2010-02-01,https://www.e-stat.go.jp/SG1/estat/Pdfdl.do?sinfid=000012449985,2026-10-03,false
08210,茨城県,,,下妻市,,037,霞ヶ浦,17,利根川,未確認,2010年包括区域の名称条件一致,下妻市,要現行資料照合,2010-02-01,2026-01-01,2,https://www.e-stat.go.jp/SG1/estat/Pdfdl.do?sinfid=000012449985,2010-02-01,https://www.e-stat.go.jp/SG1/estat/Pdfdl.do?sinfid=000012449985,2026-10-03,false
08211,茨城県,,,常総市,,037,霞ヶ浦,17,利根川,未確認,2010年包括区域の名称条件一致,常総市,要現行資料照合,2010-02-01,2026-01-01,2,https://www.e-stat.go.jp/SG1/estat/Pdfdl.do?sinfid=000012449985,2010-02-01,https://www.e-stat.go.jp/SG1/estat/Pdfdl.do?sinfid=000012449985,2026-10-03,false
08212,茨城県,,,常陸太田市,,035,八溝多賀,16,那珂川,未確認,2010年包括区域の名称条件一致,常陸太田市,要現行資料照合,2010-02-01,2026-01-01,2,https://www.e-stat.go.jp/SG1/estat/Pdfdl.do?sinfid=000012449985,2010-02-01,https://www.e-stat.go.jp/SG1/estat/Pdfdl.do?sinfid=000012449985,2026-10-03,false
08214,茨城県,,,高萩市,,035,八溝多賀,16,那珂川,未確認,2010年包括区域の名称条件一致,高萩市,要現行資料照合,2010-02-01,2026-01-01,2,https://www.e-stat.go.jp/SG1/estat/Pdfdl.do?sinfid=000012449985,2010-02-01,https://www.e-stat.go.jp/SG1/estat/Pdfdl.do?sinfid=000012449985,2026-10-03,false
08215,茨城県,,,北茨城市,,035,八溝多賀,16,那珂川,未確認,2010年包括区域の名称条件一致,北茨城市,要現行資料照合,2010-02-01,2026-01-01,2,https://www.e-stat.go.jp/SG1/estat/Pdfdl.do?sinfid=000012449985,2010-02-01,https://www.e-stat.go.jp/SG1/estat/Pdfdl.do?sinfid=000012449985,2026-10-03,false
08216,茨城県,,,笠間市,,036,水戸那珂,16,那珂川,未確認,2010年包括区域の名称条件一致,笠間市,要現行資料照合,2010-02-01,2026-01-01,2,https://www.e-stat.go.jp/SG1/estat/Pdfdl.do?sinfid=000012449985,2010-02-01,https://www.e-stat.go.jp/SG1/estat/Pdfdl.do?sinfid=000012449985,2026-10-03,false
08217,茨城県,,,取手市,,037,霞ヶ浦,17,利根川,未確認,2010年包括区域の名称条件一致,取手市,要現行資料照合,2010-02-01,2026-01-01,2,https://www.e-stat.go.jp/SG1/estat/Pdfdl.do?sinfid=000012449985,2010-02-01,https://www.e-stat.go.jp/SG1/estat/Pdfdl.do?sinfid=000012449985,2026-10-03,false
08219,茨城県,,,牛久市,,037,霞ヶ浦,17,利根川,未確認,2010年包括区域の名称条件一致,牛久市,要現行資料照合,2010-02-01,2026-01-01,2,https://www.e-stat.go.jp/SG1/estat/Pdfdl.do?sinfid=000012449985,2010-02-01,https://www.e-stat.go.jp/SG1/estat/Pdfdl.do?sinfid=000012449985,2026-10-03,false
08220,茨城県,,,つくば市,,037,霞ヶ浦,17,利根川,未確認,2010年包括区域の名称条件一致,つくば市,要現行資料照合,2010-02-01,2026-01-01,2,https://www.e-stat.go.jp/SG1/estat/Pdfdl.do?sinfid=000012449985,2010-02-01,https://www.e-stat.go.jp/SG1/estat/Pdfdl.do?sinfid=000012449985,2026-10-03,false
08221,茨城県,,,ひたちなか市,,036,水戸那珂,16,那珂川,未確認,2010年包括区域の名称条件一致,ひたちなか市,要現行資料照合,2010-02-01,2026-01-01,2,https://www.e-stat.go.jp/SG1/estat/Pdfdl.do?sinfid=000012449985,2010-02-01,https://www.e-stat.go.jp/SG1/estat/Pdfdl.do?sinfid=000012449985,2026-10-03,false
08222,茨城県,,,鹿嶋市,,037,霞ヶ浦,17,利根川,未確認,2010年包括区域の名称条件一致,鹿嶋市,要現行資料照合,2010-02-01,2026-01-01,2,https://www.e-stat.go.jp/SG1/estat/Pdfdl.do?sinfid=000012449985,2010-02-01,https://www.e-stat.go.jp/SG1/estat/Pdfdl.do?sinfid=000012449985,2026-10-03,false
08223,茨城県,,,潮来市,,037,霞ヶ浦,17,利根川,未確認,2010年包括区域の名称条件一致,潮来市,要現行資料照合,2010-02-01,2026-01-01,2,https://www.e-stat.go.jp/SG1/estat/Pdfdl.do?sinfid=000012449985,2010-02-01,https://www.e-stat.go.jp/SG1/estat/Pdfdl.do?sinfid=000012449985,2026-10-03,false
08224,茨城県,,,守谷市,,037,霞ヶ浦,17,利根川,未確認,2010年包括区域の名称条件一致,守谷市,要現行資料照合,2010-02-01,2026-01-01,2,https://www.e-stat.go.jp/SG1/estat/Pdfdl.do?sinfid=000012449985,2010-02-01,https://www.e-stat.go.jp/SG1/estat/Pdfdl.do?sinfid=000012449985,2026-10-03,false
08225,茨城県,,,常陸大宮市,,035,八溝多賀,16,那珂川,未確認,2010年包括区域の名称条件一致,常陸大宮市,要現行資料照合,2010-02-01,2026-01-01,2,https://www.e-stat.go.jp/SG1/estat/Pdfdl.do?sinfid=000012449985,2010-02-01,https://www.e-stat.go.jp/SG1/estat/Pdfdl.do?sinfid=000012449985,2026-10-03,false
08226,茨城県,,,那珂市,,036,水戸那珂,16,那珂川,未確認,2010年包括区域の名称条件一致,那珂市,要現行資料照合,2010-02-01,2026-01-01,2,https://www.e-stat.go.jp/SG1/estat/Pdfdl.do?sinfid=000012449985,2010-02-01,https://www.e-stat.go.jp/SG1/estat/Pdfdl.do?sinfid=000012449985,2026-10-03,false
08227,茨城県,,,筑西市,,037,霞ヶ浦,17,利根川,未確認,2010年包括区域の名称条件一致,筑西市,要現行資料照合,2010-02-01,2026-01-01,2,https://www.e-stat.go.jp/SG1/estat/Pdfdl.do?sinfid=000012449985,2010-02-01,https://www.e-stat.go.jp/SG1/estat/Pdfdl.do?sinfid=000012449985,2026-10-03,false
08228,茨城県,,,坂東市,,037,霞ヶ浦,17,利根川,未確認,2010年包括区域の名称条件一致,坂東市,要現行資料照合,2010-02-01,2026-01-01,2,https://www.e-stat.go.jp/SG1/estat/Pdfdl.do?sinfid=000012449985,2010-02-01,https://www.e-stat.go.jp/SG1/estat/Pdfdl.do?sinfid=000012449985,2026-10-03,false
08229,茨城県,,,稲敷市,,037,霞ヶ浦,17,利根川,未確認,2010年包括区域の名称条件一致,稲敷市,要現行資料照合,2010-02-01,2026-01-01,2,https://www.e-stat.go.jp/SG1/estat/Pdfdl.do?sinfid=000012449985,2010-02-01,https://www.e-stat.go.jp/SG1/estat/Pdfdl.do?sinfid=000012449985,2026-10-03,false
08230,茨城県,,,かすみがうら市,,037,霞ヶ浦,17,利根川,未確認,2010年包括区域の名称条件一致,かすみがうら市,要現行資料照合,2010-02-01,2026-01-01,2,https://www.e-stat.go.jp/SG1/estat/Pdfdl.do?sinfid=000012449985,2010-02-01,https://www.e-stat.go.jp/SG1/estat/Pdfdl.do?sinfid=000012449985,2026-10-03,false
08231,茨城県,,,桜川市,,037,霞ヶ浦,17,利根川,未確認,2010年包括区域の名称条件一致,桜川市,要現行資料照合,2010-02-01,2026-01-01,2,https://www.e-stat.go.jp/SG1/estat/Pdfdl.do?sinfid=000012449985,2010-02-01,https://www.e-stat.go.jp/SG1/estat/Pdfdl.do?sinfid=000012449985,2026-10-03,false
08232,茨城県,,,神栖市,,037,霞ヶ浦,17,利根川,未確認,2010年包括区域の名称条件一致,神栖市,要現行資料照合,2010-02-01,2026-01-01,2,https://www.e-stat.go.jp/SG1/estat/Pdfdl.do?sinfid=000012449985,2010-02-01,https://www.e-stat.go.jp/SG1/estat/Pdfdl.do?sinfid=000012449985,2026-10-03,false
08233,茨城県,,,行方市,,037,霞ヶ浦,17,利根川,未確認,2010年包括区域の名称条件一致,行方市,要現行資料照合,2010-02-01,2026-01-01,2,https://www.e-stat.go.jp/SG1/estat/Pdfdl.do?sinfid=000012449985,2010-02-01,https://www.e-stat.go.jp/SG1/estat/Pdfdl.do?sinfid=000012449985,2026-10-03,false
08234,茨城県,,,鉾田市,,037,霞ヶ浦,17,利根川,未確認,2010年包括区域の名称条件一致,鉾田市,要現行資料照合,2010-02-01,2026-01-01,2,https://www.e-stat.go.jp/SG1/estat/Pdfdl.do?sinfid=000012449985,2010-02-01,https://www.e-stat.go.jp/SG1/estat/Pdfdl.do?sinfid=000012449985,2026-10-03,false
08235,茨城県,,,つくばみらい市,,037,霞ヶ浦,17,利根川,未確認,2010年包括区域の名称条件一致,つくばみらい市,要現行資料照合,2010-02-01,2026-01-01,2,https://www.e-stat.go.jp/SG1/estat/Pdfdl.do?sinfid=000012449985,2010-02-01,https://www.e-stat.go.jp/SG1/estat/Pdfdl.do?sinfid=000012449985,2026-10-03,false
08236,茨城県,,,小美玉市,,037,霞ヶ浦,17,利根川,未確認,2010年包括区域の名称条件一致,小美玉市,要現行資料照合,2010-02-01,2026-01-01,2,https://www.e-stat.go.jp/SG1/estat/Pdfdl.do?sinfid=000012449985,2010-02-01,https://www.e-stat.go.jp/SG1/estat/Pdfdl.do?sinfid=000012449985,2026-10-03,false
08302,茨城県,,東茨城郡,茨城町,,036,水戸那珂,16,那珂川,未確認,2010年包括区域の名称条件一致,東茨城郡,要現行資料照合,2010-02-01,2026-01-01,2,https://www.e-stat.go.jp/SG1/estat/Pdfdl.do?sinfid=000012449985,2010-02-01,https://www.e-stat.go.jp/SG1/estat/Pdfdl.do?sinfid=000012449985,2026-10-03,false
08309,茨城県,,東茨城郡,大洗町,,036,水戸那珂,16,那珂川,未確認,2010年包括区域の名称条件一致,東茨城郡,要現行資料照合,2010-02-01,2026-01-01,2,https://www.e-stat.go.jp/SG1/estat/Pdfdl.do?sinfid=000012449985,2010-02-01,https://www.e-stat.go.jp/SG1/estat/Pdfdl.do?sinfid=000012449985,2026-10-03,false
08310,茨城県,,東茨城郡,城里町,,036,水戸那珂,16,那珂川,未確認,2010年包括区域の名称条件一致,東茨城郡,要現行資料照合,2010-02-01,2026-01-01,2,https://www.e-stat.go.jp/SG1/estat/Pdfdl.do?sinfid=000012449985,2010-02-01,https://www.e-stat.go.jp/SG1/estat/Pdfdl.do?sinfid=000012449985,2026-10-03,false
08341,茨城県,,那珂郡,東海村,,036,水戸那珂,16,那珂川,未確認,2010年包括区域の名称条件一致,那珂郡,要現行資料照合,2010-02-01,2026-01-01,2,https://www.e-stat.go.jp/SG1/estat/Pdfdl.do?sinfid=000012449985,2010-02-01,https://www.e-stat.go.jp/SG1/estat/Pdfdl.do?sinfid=000012449985,2026-10-03,false
08364,茨城県,,久慈郡,大子町,,035,八溝多賀,16,那珂川,未確認,2010年包括区域の名称条件一致,久慈郡,要現行資料照合,2010-02-01,2026-01-01,2,https://www.e-stat.go.jp/SG1/estat/Pdfdl.do?sinfid=000012449985,2010-02-01,https://www.e-stat.go.jp/SG1/estat/Pdfdl.do?sinfid=000012449985,2026-10-03,false
08442,茨城県,,稲敷郡,美浦村,,037,霞ヶ浦,17,利根川,未確認,2010年包括区域の名称条件一致,稲敷郡,要現行資料照合,2010-02-01,2026-01-01,2,https://www.e-stat.go.jp/SG1/estat/Pdfdl.do?sinfid=000012449985,2010-02-01,https://www.e-stat.go.jp/SG1/estat/Pdfdl.do?sinfid=000012449985,2026-10-03,false
08443,茨城県,,稲敷郡,阿見町,,037,霞ヶ浦,17,利根川,未確認,2010年包括区域の名称条件一致,稲敷郡,要現行資料照合,2010-02-01,2026-01-01,2,https://www.e-stat.go.jp/SG1/estat/Pdfdl.do?sinfid=000012449985,2010-02-01,https://www.e-stat.go.jp/SG1/estat/Pdfdl.do?sinfid=000012449985,2026-10-03,false
08447,茨城県,,稲敷郡,河内町,,037,霞ヶ浦,17,利根川,未確認,2010年包括区域の名称条件一致,稲敷郡,要現行資料照合,2010-02-01,2026-01-01,2,https://www.e-stat.go.jp/SG1/estat/Pdfdl.do?sinfid=000012449985,2010-02-01,https://www.e-stat.go.jp/SG1/estat/Pdfdl.do?sinfid=000012449985,2026-10-03,false
08521,茨城県,,結城郡,八千代町,,037,霞ヶ浦,17,利根川,未確認,2010年包括区域の名称条件一致,結城郡,要現行資料照合,2010-02-01,2026-01-01,2,https://www.e-stat.go.jp/SG1/estat/Pdfdl.do?sinfid=000012449985,2010-02-01,https://www.e-stat.go.jp/SG1/estat/Pdfdl.do?sinfid=000012449985,2026-10-03,false
08542,茨城県,,猿島郡,五霞町,,037,霞ヶ浦,17,利根川,未確認,2010年包括区域の名称条件一致,猿島郡,要現行資料照合,2010-02-01,2026-01-01,2,https://www.e-stat.go.jp/SG1/estat/Pdfdl.do?sinfid=000012449985,2010-02-01,https://www.e-stat.go.jp/SG1/estat/Pdfdl.do?sinfid=000012449985,2026-10-03,false
08546,茨城県,,猿島郡,境町,,037,霞ヶ浦,17,利根川,未確認,2010年包括区域の名称条件一致,猿島郡,要現行資料照合,2010-02-01,2026-01-01,2,https://www.e-stat.go.jp/SG1/estat/Pdfdl.do?sinfid=000012449985,2010-02-01,https://www.e-stat.go.jp/SG1/estat/Pdfdl.do?sinfid=000012449985,2026-10-03,false
08564,茨城県,,北相馬郡,利根町,,037,霞ヶ浦,17,利根川,未確認,2010年包括区域の名称条件一致,北相馬郡,要現行資料照合,2010-02-01,2026-01-01,2,https://www.e-stat.go.jp/SG1/estat/Pdfdl.do?sinfid=000012449985,2010-02-01,https://www.e-stat.go.jp/SG1/estat/Pdfdl.do?sinfid=000012449985,2026-10-03,false
09201,栃木県,,,宇都宮市,,039,鬼怒川,17,利根川,未確認,2010年包括区域の名称条件一致,宇都宮市,要現行資料照合,2010-02-01,2026-01-01,2,https://www.e-stat.go.jp/SG1/estat/Pdfdl.do?sinfid=000012449985,2010-02-01,https://www.e-stat.go.jp/SG1/estat/Pdfdl.do?sinfid=000012449985,2026-10-03,false
09202,栃木県,,,足利市,,040,渡良瀬川,17,利根川,未確認,2010年包括区域の名称条件一致,足利市,要現行資料照合,2010-02-01,2026-01-01,2,https://www.e-stat.go.jp/SG1/estat/Pdfdl.do?sinfid=000012449985,2010-02-01,https://www.e-stat.go.jp/SG1/estat/Pdfdl.do?sinfid=000012449985,2026-10-03,false
09203,栃木県,,,栃木市,,040,渡良瀬川,17,利根川,未確認,2010年包括区域の名称条件一致,栃木市,要現行資料照合,2010-02-01,2026-01-01,2,https://www.e-stat.go.jp/SG1/estat/Pdfdl.do?sinfid=000012449985,2010-02-01,https://www.e-stat.go.jp/SG1/estat/Pdfdl.do?sinfid=000012449985,2026-10-03,false
09204,栃木県,,,佐野市,,040,渡良瀬川,17,利根川,未確認,2010年包括区域の名称条件一致,佐野市,要現行資料照合,2010-02-01,2026-01-01,2,https://www.e-stat.go.jp/SG1/estat/Pdfdl.do?sinfid=000012449985,2010-02-01,https://www.e-stat.go.jp/SG1/estat/Pdfdl.do?sinfid=000012449985,2026-10-03,false
09205,栃木県,,,鹿沼市,,040,渡良瀬川,17,利根川,未確認,2010年包括区域の名称条件一致,鹿沼市,要現行資料照合,2010-02-01,2026-01-01,2,https://www.e-stat.go.jp/SG1/estat/Pdfdl.do?sinfid=000012449985,2010-02-01,https://www.e-stat.go.jp/SG1/estat/Pdfdl.do?sinfid=000012449985,2026-10-03,false
09206,栃木県,,,日光市,,039,鬼怒川,17,利根川,未確認,2010年包括区域の名称条件一致,日光市,要現行資料照合,2010-02-01,2026-01-01,2,https://www.e-stat.go.jp/SG1/estat/Pdfdl.do?sinfid=000012449985,2010-02-01,https://www.e-stat.go.jp/SG1/estat/Pdfdl.do?sinfid=000012449985,2026-10-03,false
09208,栃木県,,,小山市,,040,渡良瀬川,17,利根川,未確認,2010年包括区域の名称条件一致,小山市,要現行資料照合,2010-02-01,2026-01-01,2,https://www.e-stat.go.jp/SG1/estat/Pdfdl.do?sinfid=000012449985,2010-02-01,https://www.e-stat.go.jp/SG1/estat/Pdfdl.do?sinfid=000012449985,2026-10-03,false
09209,栃木県,,,真岡市,,039,鬼怒川,17,利根川,未確認,2010年包括区域の名称条件一致,真岡市,要現行資料照合,2010-02-01,2026-01-01,2,https://www.e-stat.go.jp/SG1/estat/Pdfdl.do?sinfid=000012449985,2010-02-01,https://www.e-stat.go.jp/SG1/estat/Pdfdl.do?sinfid=000012449985,2026-10-03,false
09210,栃木県,,,大田原市,,038,那珂川,16,那珂川,未確認,2010年包括区域の名称条件一致,大田原市,要現行資料照合,2010-02-01,2026-01-01,2,https://www.e-stat.go.jp/SG1/estat/Pdfdl.do?sinfid=000012449985,2010-02-01,https://www.e-stat.go.jp/SG1/estat/Pdfdl.do?sinfid=000012449985,2026-10-03,false
09211,栃木県,,,矢板市,,038,那珂川,16,那珂川,未確認,2010年包括区域の名称条件一致,矢板市,要現行資料照合,2010-02-01,2026-01-01,2,https://www.e-stat.go.jp/SG1/estat/Pdfdl.do?sinfid=000012449985,2010-02-01,https://www.e-stat.go.jp/SG1/estat/Pdfdl.do?sinfid=000012449985,2026-10-03,false
09213,栃木県,,,那須塩原市,,038,那珂川,16,那珂川,未確認,2010年包括区域の名称条件一致,那須塩原市,要現行資料照合,2010-02-01,2026-01-01,2,https://www.e-stat.go.jp/SG1/estat/Pdfdl.do?sinfid=000012449985,2010-02-01,https://www.e-stat.go.jp/SG1/estat/Pdfdl.do?sinfid=000012449985,2026-10-03,false
09214,栃木県,,,さくら市,,038,那珂川,16,那珂川,未確認,2010年包括区域の名称条件一致,さくら市,要現行資料照合,2010-02-01,2026-01-01,2,https://www.e-stat.go.jp/SG1/estat/Pdfdl.do?sinfid=000012449985,2010-02-01,https://www.e-stat.go.jp/SG1/estat/Pdfdl.do?sinfid=000012449985,2026-10-03,false
09215,栃木県,,,那須烏山市,,038,那珂川,16,那珂川,未確認,2010年包括区域の名称条件一致,那須烏山市,要現行資料照合,2010-02-01,2026-01-01,2,https://www.e-stat.go.jp/SG1/estat/Pdfdl.do?sinfid=000012449985,2010-02-01,https://www.e-stat.go.jp/SG1/estat/Pdfdl.do?sinfid=000012449985,2026-10-03,false
09216,栃木県,,,下野市,,040,渡良瀬川,17,利根川,未確認,2010年包括区域の名称条件一致,下野市,要現行資料照合,2010-02-01,2026-01-01,2,https://www.e-stat.go.jp/SG1/estat/Pdfdl.do?sinfid=000012449985,2010-02-01,https://www.e-stat.go.jp/SG1/estat/Pdfdl.do?sinfid=000012449985,2026-10-03,false
09301,栃木県,,河内郡,上三川町,,039,鬼怒川,17,利根川,未確認,2010年包括区域の名称条件一致,河内郡,要現行資料照合,2010-02-01,2026-01-01,2,https://www.e-stat.go.jp/SG1/estat/Pdfdl.do?sinfid=000012449985,2010-02-01,https://www.e-stat.go.jp/SG1/estat/Pdfdl.do?sinfid=000012449985,2026-10-03,false
09342,栃木県,,芳賀郡,益子町,,039,鬼怒川,17,利根川,未確認,2010年包括区域の名称条件一致,芳賀郡（茂木町を除く）,要現行資料照合,2010-02-01,2026-01-01,2,https://www.e-stat.go.jp/SG1/estat/Pdfdl.do?sinfid=000012449985,2010-02-01,https://www.e-stat.go.jp/SG1/estat/Pdfdl.do?sinfid=000012449985,2026-10-03,false
09343,栃木県,,芳賀郡,茂木町,,038,那珂川,16,那珂川,未確認,2010年包括区域の名称条件一致,芳賀郡（茂木町）,要現行資料照合,2010-02-01,2026-01-01,2,https://www.e-stat.go.jp/SG1/estat/Pdfdl.do?sinfid=000012449985,2010-02-01,https://www.e-stat.go.jp/SG1/estat/Pdfdl.do?sinfid=000012449985,2026-10-03,false
09344,栃木県,,芳賀郡,市貝町,,039,鬼怒川,17,利根川,未確認,2010年包括区域の名称条件一致,芳賀郡（茂木町を除く）,要現行資料照合,2010-02-01,2026-01-01,2,https://www.e-stat.go.jp/SG1/estat/Pdfdl.do?sinfid=000012449985,2010-02-01,https://www.e-stat.go.jp/SG1/estat/Pdfdl.do?sinfid=000012449985,2026-10-03,false
09345,栃木県,,芳賀郡,芳賀町,,039,鬼怒川,17,利根川,未確認,2010年包括区域の名称条件一致,芳賀郡（茂木町を除く）,要現行資料照合,2010-02-01,2026-01-01,2,https://www.e-stat.go.jp/SG1/estat/Pdfdl.do?sinfid=000012449985,2010-02-01,https://www.e-stat.go.jp/SG1/estat/Pdfdl.do?sinfid=000012449985,2026-10-03,false
09361,栃木県,,下都賀郡,壬生町,,040,渡良瀬川,17,利根川,未確認,2010年包括区域の名称条件一致,下都賀郡,要現行資料照合,2010-02-01,2026-01-01,2,https://www.e-stat.go.jp/SG1/estat/Pdfdl.do?sinfid=000012449985,2010-02-01,https://www.e-stat.go.jp/SG1/estat/Pdfdl.do?sinfid=000012449985,2026-10-03,false
09364,栃木県,,下都賀郡,野木町,,040,渡良瀬川,17,利根川,未確認,2010年包括区域の名称条件一致,下都賀郡,要現行資料照合,2010-02-01,2026-01-01,2,https://www.e-stat.go.jp/SG1/estat/Pdfdl.do?sinfid=000012449985,2010-02-01,https://www.e-stat.go.jp/SG1/estat/Pdfdl.do?sinfid=000012449985,2026-10-03,false
09384,栃木県,,塩谷郡,塩谷町,,038,那珂川,16,那珂川,未確認,2010年包括区域の名称条件一致,塩谷郡（塩谷町）,要現行資料照合,2010-02-01,2026-01-01,2,https://www.e-stat.go.jp/SG1/estat/Pdfdl.do?sinfid=000012449985,2010-02-01,https://www.e-stat.go.jp/SG1/estat/Pdfdl.do?sinfid=000012449985,2026-10-03,false
09386,栃木県,,塩谷郡,高根沢町,,039,鬼怒川,17,利根川,未確認,2010年包括区域の名称条件一致,塩谷郡（塩谷町を除く）,要現行資料照合,2010-02-01,2026-01-01,2,https://www.e-stat.go.jp/SG1/estat/Pdfdl.do?sinfid=000012449985,2010-02-01,https://www.e-stat.go.jp/SG1/estat/Pdfdl.do?sinfid=000012449985,2026-10-03,false
09407,栃木県,,那須郡,那須町,,038,那珂川,16,那珂川,未確認,2010年包括区域の名称条件一致,那須郡,要現行資料照合,2010-02-01,2026-01-01,2,https://www.e-stat.go.jp/SG1/estat/Pdfdl.do?sinfid=000012449985,2010-02-01,https://www.e-stat.go.jp/SG1/estat/Pdfdl.do?sinfid=000012449985,2026-10-03,false
09411,栃木県,,那須郡,那珂川町,,038,那珂川,16,那珂川,未確認,2010年包括区域の名称条件一致,那須郡,要現行資料照合,2010-02-01,2026-01-01,2,https://www.e-stat.go.jp/SG1/estat/Pdfdl.do?sinfid=000012449985,2010-02-01,https://www.e-stat.go.jp/SG1/estat/Pdfdl.do?sinfid=000012449985,2026-10-03,false
10201,群馬県,,,前橋市,,043,利根下流,17,利根川,未確認,2010年包括区域の名称条件一致,前橋市,要現行資料照合,2010-02-01,2026-01-01,2,https://www.e-stat.go.jp/SG1/estat/Pdfdl.do?sinfid=000012449985,2010-02-01,https://www.e-stat.go.jp/SG1/estat/Pdfdl.do?sinfid=000012449985,2026-10-03,false
10202,群馬県,,,高崎市,,044,西毛,17,利根川,未確認,2010年包括区域の名称条件一致,高崎市,要現行資料照合,2010-02-01,2026-01-01,2,https://www.e-stat.go.jp/SG1/estat/Pdfdl.do?sinfid=000012449985,2010-02-01,https://www.e-stat.go.jp/SG1/estat/Pdfdl.do?sinfid=000012449985,2026-10-03,false
10203,群馬県,,,桐生市,,043,利根下流,17,利根川,未確認,2010年包括区域の名称条件一致,桐生市,要現行資料照合,2010-02-01,2026-01-01,2,https://www.e-stat.go.jp/SG1/estat/Pdfdl.do?sinfid=000012449985,2010-02-01,https://www.e-stat.go.jp/SG1/estat/Pdfdl.do?sinfid=000012449985,2026-10-03,false
10204,群馬県,,,伊勢崎市,,043,利根下流,17,利根川,未確認,2010年包括区域の名称条件一致,伊勢崎市,要現行資料照合,2010-02-01,2026-01-01,2,https://www.e-stat.go.jp/SG1/estat/Pdfdl.do?sinfid=000012449985,2010-02-01,https://www.e-stat.go.jp/SG1/estat/Pdfdl.do?sinfid=000012449985,2026-10-03,false
10205,群馬県,,,太田市,,043,利根下流,17,利根川,未確認,2010年包括区域の名称条件一致,太田市,要現行資料照合,2010-02-01,2026-01-01,2,https://www.e-stat.go.jp/SG1/estat/Pdfdl.do?sinfid=000012449985,2010-02-01,https://www.e-stat.go.jp/SG1/estat/Pdfdl.do?sinfid=000012449985,2026-10-03,false
10206,群馬県,,,沼田市,,041,利根上流,17,利根川,未確認,2010年包括区域の名称条件一致,沼田市,要現行資料照合,2010-02-01,2026-01-01,2,https://www.e-stat.go.jp/SG1/estat/Pdfdl.do?sinfid=000012449985,2010-02-01,https://www.e-stat.go.jp/SG1/estat/Pdfdl.do?sinfid=000012449985,2026-10-03,false
10207,群馬県,,,館林市,,043,利根下流,17,利根川,未確認,2010年包括区域の名称条件一致,館林市,要現行資料照合,2010-02-01,2026-01-01,2,https://www.e-stat.go.jp/SG1/estat/Pdfdl.do?sinfid=000012449985,2010-02-01,https://www.e-stat.go.jp/SG1/estat/Pdfdl.do?sinfid=000012449985,2026-10-03,false
10208,群馬県,,,渋川市,,043,利根下流,17,利根川,未確認,2010年包括区域の名称条件一致,渋川市,要現行資料照合,2010-02-01,2026-01-01,2,https://www.e-stat.go.jp/SG1/estat/Pdfdl.do?sinfid=000012449985,2010-02-01,https://www.e-stat.go.jp/SG1/estat/Pdfdl.do?sinfid=000012449985,2026-10-03,false
10209,群馬県,,,藤岡市,,044,西毛,17,利根川,未確認,2010年包括区域の名称条件一致,藤岡市,要現行資料照合,2010-02-01,2026-01-01,2,https://www.e-stat.go.jp/SG1/estat/Pdfdl.do?sinfid=000012449985,2010-02-01,https://www.e-stat.go.jp/SG1/estat/Pdfdl.do?sinfid=000012449985,2026-10-03,false
10210,群馬県,,,富岡市,,044,西毛,17,利根川,未確認,2010年包括区域の名称条件一致,富岡市,要現行資料照合,2010-02-01,2026-01-01,2,https://www.e-stat.go.jp/SG1/estat/Pdfdl.do?sinfid=000012449985,2010-02-01,https://www.e-stat.go.jp/SG1/estat/Pdfdl.do?sinfid=000012449985,2026-10-03,false
10211,群馬県,,,安中市,,044,西毛,17,利根川,未確認,2010年包括区域の名称条件一致,安中市,要現行資料照合,2010-02-01,2026-01-01,2,https://www.e-stat.go.jp/SG1/estat/Pdfdl.do?sinfid=000012449985,2010-02-01,https://www.e-stat.go.jp/SG1/estat/Pdfdl.do?sinfid=000012449985,2026-10-03,false
10212,群馬県,,,みどり市,,043,利根下流,17,利根川,未確認,2010年包括区域の名称条件一致,みどり市,要現行資料照合,2010-02-01,2026-01-01,2,https://www.e-stat.go.jp/SG1/estat/Pdfdl.do?sinfid=000012449985,2010-02-01,https://www.e-stat.go.jp/SG1/estat/Pdfdl.do?sinfid=000012449985,2026-10-03,false
10344,群馬県,,北群馬郡,榛東村,,043,利根下流,17,利根川,未確認,2010年包括区域の名称条件一致,北群馬郡,要現行資料照合,2010-02-01,2026-01-01,2,https://www.e-stat.go.jp/SG1/estat/Pdfdl.do?sinfid=000012449985,2010-02-01,https://www.e-stat.go.jp/SG1/estat/Pdfdl.do?sinfid=000012449985,2026-10-03,false
10345,群馬県,,北群馬郡,吉岡町,,043,利根下流,17,利根川,未確認,2010年包括区域の名称条件一致,北群馬郡,要現行資料照合,2010-02-01,2026-01-01,2,https://www.e-stat.go.jp/SG1/estat/Pdfdl.do?sinfid=000012449985,2010-02-01,https://www.e-stat.go.jp/SG1/estat/Pdfdl.do?sinfid=000012449985,2026-10-03,false
10366,群馬県,,多野郡,上野村,,044,西毛,17,利根川,未確認,2010年包括区域の名称条件一致,多野郡,要現行資料照合,2010-02-01,2026-01-01,2,https://www.e-stat.go.jp/SG1/estat/Pdfdl.do?sinfid=000012449985,2010-02-01,https://www.e-stat.go.jp/SG1/estat/Pdfdl.do?sinfid=000012449985,2026-10-03,false
10367,群馬県,,多野郡,神流町,,044,西毛,17,利根川,未確認,2010年包括区域の名称条件一致,多野郡,要現行資料照合,2010-02-01,2026-01-01,2,https://www.e-stat.go.jp/SG1/estat/Pdfdl.do?sinfid=000012449985,2010-02-01,https://www.e-stat.go.jp/SG1/estat/Pdfdl.do?sinfid=000012449985,2026-10-03,false
10382,群馬県,,甘楽郡,下仁田町,,044,西毛,17,利根川,未確認,2010年包括区域の名称条件一致,甘楽郡,要現行資料照合,2010-02-01,2026-01-01,2,https://www.e-stat.go.jp/SG1/estat/Pdfdl.do?sinfid=000012449985,2010-02-01,https://www.e-stat.go.jp/SG1/estat/Pdfdl.do?sinfid=000012449985,2026-10-03,false
10383,群馬県,,甘楽郡,南牧村,,044,西毛,17,利根川,未確認,2010年包括区域の名称条件一致,甘楽郡,要現行資料照合,2010-02-01,2026-01-01,2,https://www.e-stat.go.jp/SG1/estat/Pdfdl.do?sinfid=000012449985,2010-02-01,https://www.e-stat.go.jp/SG1/estat/Pdfdl.do?sinfid=000012449985,2026-10-03,false
10384,群馬県,,甘楽郡,甘楽町,,044,西毛,17,利根川,未確認,2010年包括区域の名称条件一致,甘楽郡,要現行資料照合,2010-02-01,2026-01-01,2,https://www.e-stat.go.jp/SG1/estat/Pdfdl.do?sinfid=000012449985,2010-02-01,https://www.e-stat.go.jp/SG1/estat/Pdfdl.do?sinfid=000012449985,2026-10-03,false
10421,群馬県,,吾妻郡,中之条町,,042,吾妻,17,利根川,未確認,2010年包括区域の名称条件一致,吾妻郡,要現行資料照合,2010-02-01,2026-01-01,2,https://www.e-stat.go.jp/SG1/estat/Pdfdl.do?sinfid=000012449985,2010-02-01,https://www.e-stat.go.jp/SG1/estat/Pdfdl.do?sinfid=000012449985,2026-10-03,false
10424,群馬県,,吾妻郡,長野原町,,042,吾妻,17,利根川,未確認,2010年包括区域の名称条件一致,吾妻郡,要現行資料照合,2010-02-01,2026-01-01,2,https://www.e-stat.go.jp/SG1/estat/Pdfdl.do?sinfid=000012449985,2010-02-01,https://www.e-stat.go.jp/SG1/estat/Pdfdl.do?sinfid=000012449985,2026-10-03,false
10425,群馬県,,吾妻郡,嬬恋村,,042,吾妻,17,利根川,未確認,2010年包括区域の名称条件一致,吾妻郡,要現行資料照合,2010-02-01,2026-01-01,2,https://www.e-stat.go.jp/SG1/estat/Pdfdl.do?sinfid=000012449985,2010-02-01,https://www.e-stat.go.jp/SG1/estat/Pdfdl.do?sinfid=000012449985,2026-10-03,false
10426,群馬県,,吾妻郡,草津町,,042,吾妻,17,利根川,未確認,2010年包括区域の名称条件一致,吾妻郡,要現行資料照合,2010-02-01,2026-01-01,2,https://www.e-stat.go.jp/SG1/estat/Pdfdl.do?sinfid=000012449985,2010-02-01,https://www.e-stat.go.jp/SG1/estat/Pdfdl.do?sinfid=000012449985,2026-10-03,false
10428,群馬県,,吾妻郡,高山村,,042,吾妻,17,利根川,未確認,2010年包括区域の名称条件一致,吾妻郡,要現行資料照合,2010-02-01,2026-01-01,2,https://www.e-stat.go.jp/SG1/estat/Pdfdl.do?sinfid=000012449985,2010-02-01,https://www.e-stat.go.jp/SG1/estat/Pdfdl.do?sinfid=000012449985,2026-10-03,false
10429,群馬県,,吾妻郡,東吾妻町,,042,吾妻,17,利根川,未確認,2010年包括区域の名称条件一致,吾妻郡,要現行資料照合,2010-02-01,2026-01-01,2,https://www.e-stat.go.jp/SG1/estat/Pdfdl.do?sinfid=000012449985,2010-02-01,https://www.e-stat.go.jp/SG1/estat/Pdfdl.do?sinfid=000012449985,2026-10-03,false
10443,群馬県,,利根郡,片品村,,041,利根上流,17,利根川,未確認,2010年包括区域の名称条件一致,利根郡,要現行資料照合,2010-02-01,2026-01-01,2,https://www.e-stat.go.jp/SG1/estat/Pdfdl.do?sinfid=000012449985,2010-02-01,https://www.e-stat.go.jp/SG1/estat/Pdfdl.do?sinfid=000012449985,2026-10-03,false
10444,群馬県,,利根郡,川場村,,041,利根上流,17,利根川,未確認,2010年包括区域の名称条件一致,利根郡,要現行資料照合,2010-02-01,2026-01-01,2,https://www.e-stat.go.jp/SG1/estat/Pdfdl.do?sinfid=000012449985,2010-02-01,https://www.e-stat.go.jp/SG1/estat/Pdfdl.do?sinfid=000012449985,2026-10-03,false
10448,群馬県,,利根郡,昭和村,,041,利根上流,17,利根川,未確認,2010年包括区域の名称条件一致,利根郡,要現行資料照合,2010-02-01,2026-01-01,2,https://www.e-stat.go.jp/SG1/estat/Pdfdl.do?sinfid=000012449985,2010-02-01,https://www.e-stat.go.jp/SG1/estat/Pdfdl.do?sinfid=000012449985,2026-10-03,false
10449,群馬県,,利根郡,みなかみ町,,041,利根上流,17,利根川,未確認,2010年包括区域の名称条件一致,利根郡,要現行資料照合,2010-02-01,2026-01-01,2,https://www.e-stat.go.jp/SG1/estat/Pdfdl.do?sinfid=000012449985,2010-02-01,https://www.e-stat.go.jp/SG1/estat/Pdfdl.do?sinfid=000012449985,2026-10-03,false
10464,群馬県,,佐波郡,玉村町,,043,利根下流,17,利根川,未確認,2010年包括区域の名称条件一致,佐波郡,要現行資料照合,2010-02-01,2026-01-01,2,https://www.e-stat.go.jp/SG1/estat/Pdfdl.do?sinfid=000012449985,2010-02-01,https://www.e-stat.go.jp/SG1/estat/Pdfdl.do?sinfid=000012449985,2026-10-03,false
10521,群馬県,,邑楽郡,板倉町,,043,利根下流,17,利根川,未確認,2010年包括区域の名称条件一致,邑楽郡,要現行資料照合,2010-02-01,2026-01-01,2,https://www.e-stat.go.jp/SG1/estat/Pdfdl.do?sinfid=000012449985,2010-02-01,https://www.e-stat.go.jp/SG1/estat/Pdfdl.do?sinfid=000012449985,2026-10-03,false
10522,群馬県,,邑楽郡,明和町,,043,利根下流,17,利根川,未確認,2010年包括区域の名称条件一致,邑楽郡,要現行資料照合,2010-02-01,2026-01-01,2,https://www.e-stat.go.jp/SG1/estat/Pdfdl.do?sinfid=000012449985,2010-02-01,https://www.e-stat.go.jp/SG1/estat/Pdfdl.do?sinfid=000012449985,2026-10-03,false
10523,群馬県,,邑楽郡,千代田町,,043,利根下流,17,利根川,未確認,2010年包括区域の名称条件一致,邑楽郡,要現行資料照合,2010-02-01,2026-01-01,2,https://www.e-stat.go.jp/SG1/estat/Pdfdl.do?sinfid=000012449985,2010-02-01,https://www.e-stat.go.jp/SG1/estat/Pdfdl.do?sinfid=000012449985,2026-10-03,false
10524,群馬県,,邑楽郡,大泉町,,043,利根下流,17,利根川,未確認,2010年包括区域の名称条件一致,邑楽郡,要現行資料照合,2010-02-01,2026-01-01,2,https://www.e-stat.go.jp/SG1/estat/Pdfdl.do?sinfid=000012449985,2010-02-01,https://www.e-stat.go.jp/SG1/estat/Pdfdl.do?sinfid=000012449985,2026-10-03,false
10525,群馬県,,邑楽郡,邑楽町,,043,利根下流,17,利根川,未確認,2010年包括区域の名称条件一致,邑楽郡,要現行資料照合,2010-02-01,2026-01-01,2,https://www.e-stat.go.jp/SG1/estat/Pdfdl.do?sinfid=000012449985,2010-02-01,https://www.e-stat.go.jp/SG1/estat/Pdfdl.do?sinfid=000012449985,2026-10-03,false
11101,埼玉県,,,さいたま市,西区,045,埼玉,17,利根川,未確認,2010年包括区域の名称条件一致,埼玉県,要現行資料照合,2010-02-01,2026-01-01,2,https://www.e-stat.go.jp/SG1/estat/Pdfdl.do?sinfid=000012449985,2010-02-01,https://www.e-stat.go.jp/SG1/estat/Pdfdl.do?sinfid=000012449985,2026-10-03,false
11102,埼玉県,,,さいたま市,北区,045,埼玉,17,利根川,未確認,2010年包括区域の名称条件一致,埼玉県,要現行資料照合,2010-02-01,2026-01-01,2,https://www.e-stat.go.jp/SG1/estat/Pdfdl.do?sinfid=000012449985,2010-02-01,https://www.e-stat.go.jp/SG1/estat/Pdfdl.do?sinfid=000012449985,2026-10-03,false
11103,埼玉県,,,さいたま市,大宮区,045,埼玉,17,利根川,未確認,2010年包括区域の名称条件一致,埼玉県,要現行資料照合,2010-02-01,2026-01-01,2,https://www.e-stat.go.jp/SG1/estat/Pdfdl.do?sinfid=000012449985,2010-02-01,https://www.e-stat.go.jp/SG1/estat/Pdfdl.do?sinfid=000012449985,2026-10-03,false
11104,埼玉県,,,さいたま市,見沼区,045,埼玉,17,利根川,未確認,2010年包括区域の名称条件一致,埼玉県,要現行資料照合,2010-02-01,2026-01-01,2,https://www.e-stat.go.jp/SG1/estat/Pdfdl.do?sinfid=000012449985,2010-02-01,https://www.e-stat.go.jp/SG1/estat/Pdfdl.do?sinfid=000012449985,2026-10-03,false
11105,埼玉県,,,さいたま市,中央区,045,埼玉,17,利根川,未確認,2010年包括区域の名称条件一致,埼玉県,要現行資料照合,2010-02-01,2026-01-01,2,https://www.e-stat.go.jp/SG1/estat/Pdfdl.do?sinfid=000012449985,2010-02-01,https://www.e-stat.go.jp/SG1/estat/Pdfdl.do?sinfid=000012449985,2026-10-03,false
11106,埼玉県,,,さいたま市,桜区,045,埼玉,17,利根川,未確認,2010年包括区域の名称条件一致,埼玉県,要現行資料照合,2010-02-01,2026-01-01,2,https://www.e-stat.go.jp/SG1/estat/Pdfdl.do?sinfid=000012449985,2010-02-01,https://www.e-stat.go.jp/SG1/estat/Pdfdl.do?sinfid=000012449985,2026-10-03,false
11107,埼玉県,,,さいたま市,浦和区,045,埼玉,17,利根川,未確認,2010年包括区域の名称条件一致,埼玉県,要現行資料照合,2010-02-01,2026-01-01,2,https://www.e-stat.go.jp/SG1/estat/Pdfdl.do?sinfid=000012449985,2010-02-01,https://www.e-stat.go.jp/SG1/estat/Pdfdl.do?sinfid=000012449985,2026-10-03,false
11108,埼玉県,,,さいたま市,南区,045,埼玉,17,利根川,未確認,2010年包括区域の名称条件一致,埼玉県,要現行資料照合,2010-02-01,2026-01-01,2,https://www.e-stat.go.jp/SG1/estat/Pdfdl.do?sinfid=000012449985,2010-02-01,https://www.e-stat.go.jp/SG1/estat/Pdfdl.do?sinfid=000012449985,2026-10-03,false
11109,埼玉県,,,さいたま市,緑区,045,埼玉,17,利根川,未確認,2010年包括区域の名称条件一致,埼玉県,要現行資料照合,2010-02-01,2026-01-01,2,https://www.e-stat.go.jp/SG1/estat/Pdfdl.do?sinfid=000012449985,2010-02-01,https://www.e-stat.go.jp/SG1/estat/Pdfdl.do?sinfid=000012449985,2026-10-03,false
11110,埼玉県,,,さいたま市,岩槻区,045,埼玉,17,利根川,未確認,2010年包括区域の名称条件一致,埼玉県,要現行資料照合,2010-02-01,2026-01-01,2,https://www.e-stat.go.jp/SG1/estat/Pdfdl.do?sinfid=000012449985,2010-02-01,https://www.e-stat.go.jp/SG1/estat/Pdfdl.do?sinfid=000012449985,2026-10-03,false
11201,埼玉県,,,川越市,,045,埼玉,17,利根川,未確認,2010年包括区域の名称条件一致,埼玉県,要現行資料照合,2010-02-01,2026-01-01,2,https://www.e-stat.go.jp/SG1/estat/Pdfdl.do?sinfid=000012449985,2010-02-01,https://www.e-stat.go.jp/SG1/estat/Pdfdl.do?sinfid=000012449985,2026-10-03,false
11202,埼玉県,,,熊谷市,,045,埼玉,17,利根川,未確認,2010年包括区域の名称条件一致,埼玉県,要現行資料照合,2010-02-01,2026-01-01,2,https://www.e-stat.go.jp/SG1/estat/Pdfdl.do?sinfid=000012449985,2010-02-01,https://www.e-stat.go.jp/SG1/estat/Pdfdl.do?sinfid=000012449985,2026-10-03,false
11203,埼玉県,,,川口市,,045,埼玉,17,利根川,未確認,2010年包括区域の名称条件一致,埼玉県,要現行資料照合,2010-02-01,2026-01-01,2,https://www.e-stat.go.jp/SG1/estat/Pdfdl.do?sinfid=000012449985,2010-02-01,https://www.e-stat.go.jp/SG1/estat/Pdfdl.do?sinfid=000012449985,2026-10-03,false
11206,埼玉県,,,行田市,,045,埼玉,17,利根川,未確認,2010年包括区域の名称条件一致,埼玉県,要現行資料照合,2010-02-01,2026-01-01,2,https://www.e-stat.go.jp/SG1/estat/Pdfdl.do?sinfid=000012449985,2010-02-01,https://www.e-stat.go.jp/SG1/estat/Pdfdl.do?sinfid=000012449985,2026-10-03,false
11207,埼玉県,,,秩父市,,045,埼玉,17,利根川,未確認,2010年包括区域の名称条件一致,埼玉県,要現行資料照合,2010-02-01,2026-01-01,2,https://www.e-stat.go.jp/SG1/estat/Pdfdl.do?sinfid=000012449985,2010-02-01,https://www.e-stat.go.jp/SG1/estat/Pdfdl.do?sinfid=000012449985,2026-10-03,false
11208,埼玉県,,,所沢市,,045,埼玉,17,利根川,未確認,2010年包括区域の名称条件一致,埼玉県,要現行資料照合,2010-02-01,2026-01-01,2,https://www.e-stat.go.jp/SG1/estat/Pdfdl.do?sinfid=000012449985,2010-02-01,https://www.e-stat.go.jp/SG1/estat/Pdfdl.do?sinfid=000012449985,2026-10-03,false
11209,埼玉県,,,飯能市,,045,埼玉,17,利根川,未確認,2010年包括区域の名称条件一致,埼玉県,要現行資料照合,2010-02-01,2026-01-01,2,https://www.e-stat.go.jp/SG1/estat/Pdfdl.do?sinfid=000012449985,2010-02-01,https://www.e-stat.go.jp/SG1/estat/Pdfdl.do?sinfid=000012449985,2026-10-03,false
11210,埼玉県,,,加須市,,045,埼玉,17,利根川,未確認,2010年包括区域の名称条件一致,埼玉県,要現行資料照合,2010-02-01,2026-01-01,2,https://www.e-stat.go.jp/SG1/estat/Pdfdl.do?sinfid=000012449985,2010-02-01,https://www.e-stat.go.jp/SG1/estat/Pdfdl.do?sinfid=000012449985,2026-10-03,false
11211,埼玉県,,,本庄市,,045,埼玉,17,利根川,未確認,2010年包括区域の名称条件一致,埼玉県,要現行資料照合,2010-02-01,2026-01-01,2,https://www.e-stat.go.jp/SG1/estat/Pdfdl.do?sinfid=000012449985,2010-02-01,https://www.e-stat.go.jp/SG1/estat/Pdfdl.do?sinfid=000012449985,2026-10-03,false
11212,埼玉県,,,東松山市,,045,埼玉,17,利根川,未確認,2010年包括区域の名称条件一致,埼玉県,要現行資料照合,2010-02-01,2026-01-01,2,https://www.e-stat.go.jp/SG1/estat/Pdfdl.do?sinfid=000012449985,2010-02-01,https://www.e-stat.go.jp/SG1/estat/Pdfdl.do?sinfid=000012449985,2026-10-03,false
11214,埼玉県,,,春日部市,,045,埼玉,17,利根川,未確認,2010年包括区域の名称条件一致,埼玉県,要現行資料照合,2010-02-01,2026-01-01,2,https://www.e-stat.go.jp/SG1/estat/Pdfdl.do?sinfid=000012449985,2010-02-01,https://www.e-stat.go.jp/SG1/estat/Pdfdl.do?sinfid=000012449985,2026-10-03,false
11215,埼玉県,,,狭山市,,045,埼玉,17,利根川,未確認,2010年包括区域の名称条件一致,埼玉県,要現行資料照合,2010-02-01,2026-01-01,2,https://www.e-stat.go.jp/SG1/estat/Pdfdl.do?sinfid=000012449985,2010-02-01,https://www.e-stat.go.jp/SG1/estat/Pdfdl.do?sinfid=000012449985,2026-10-03,false
11216,埼玉県,,,羽生市,,045,埼玉,17,利根川,未確認,2010年包括区域の名称条件一致,埼玉県,要現行資料照合,2010-02-01,2026-01-01,2,https://www.e-stat.go.jp/SG1/estat/Pdfdl.do?sinfid=000012449985,2010-02-01,https://www.e-stat.go.jp/SG1/estat/Pdfdl.do?sinfid=000012449985,2026-10-03,false
11217,埼玉県,,,鴻巣市,,045,埼玉,17,利根川,未確認,2010年包括区域の名称条件一致,埼玉県,要現行資料照合,2010-02-01,2026-01-01,2,https://www.e-stat.go.jp/SG1/estat/Pdfdl.do?sinfid=000012449985,2010-02-01,https://www.e-stat.go.jp/SG1/estat/Pdfdl.do?sinfid=000012449985,2026-10-03,false
11218,埼玉県,,,深谷市,,045,埼玉,17,利根川,未確認,2010年包括区域の名称条件一致,埼玉県,要現行資料照合,2010-02-01,2026-01-01,2,https://www.e-stat.go.jp/SG1/estat/Pdfdl.do?sinfid=000012449985,2010-02-01,https://www.e-stat.go.jp/SG1/estat/Pdfdl.do?sinfid=000012449985,2026-10-03,false
11219,埼玉県,,,上尾市,,045,埼玉,17,利根川,未確認,2010年包括区域の名称条件一致,埼玉県,要現行資料照合,2010-02-01,2026-01-01,2,https://www.e-stat.go.jp/SG1/estat/Pdfdl.do?sinfid=000012449985,2010-02-01,https://www.e-stat.go.jp/SG1/estat/Pdfdl.do?sinfid=000012449985,2026-10-03,false
11221,埼玉県,,,草加市,,045,埼玉,17,利根川,未確認,2010年包括区域の名称条件一致,埼玉県,要現行資料照合,2010-02-01,2026-01-01,2,https://www.e-stat.go.jp/SG1/estat/Pdfdl.do?sinfid=000012449985,2010-02-01,https://www.e-stat.go.jp/SG1/estat/Pdfdl.do?sinfid=000012449985,2026-10-03,false
11222,埼玉県,,,越谷市,,045,埼玉,17,利根川,未確認,2010年包括区域の名称条件一致,埼玉県,要現行資料照合,2010-02-01,2026-01-01,2,https://www.e-stat.go.jp/SG1/estat/Pdfdl.do?sinfid=000012449985,2010-02-01,https://www.e-stat.go.jp/SG1/estat/Pdfdl.do?sinfid=000012449985,2026-10-03,false
11223,埼玉県,,,蕨市,,045,埼玉,17,利根川,未確認,2010年包括区域の名称条件一致,埼玉県,要現行資料照合,2010-02-01,2026-01-01,2,https://www.e-stat.go.jp/SG1/estat/Pdfdl.do?sinfid=000012449985,2010-02-01,https://www.e-stat.go.jp/SG1/estat/Pdfdl.do?sinfid=000012449985,2026-10-03,false
11224,埼玉県,,,戸田市,,045,埼玉,17,利根川,未確認,2010年包括区域の名称条件一致,埼玉県,要現行資料照合,2010-02-01,2026-01-01,2,https://www.e-stat.go.jp/SG1/estat/Pdfdl.do?sinfid=000012449985,2010-02-01,https://www.e-stat.go.jp/SG1/estat/Pdfdl.do?sinfid=000012449985,2026-10-03,false
11225,埼玉県,,,入間市,,045,埼玉,17,利根川,未確認,2010年包括区域の名称条件一致,埼玉県,要現行資料照合,2010-02-01,2026-01-01,2,https://www.e-stat.go.jp/SG1/estat/Pdfdl.do?sinfid=000012449985,2010-02-01,https://www.e-stat.go.jp/SG1/estat/Pdfdl.do?sinfid=000012449985,2026-10-03,false
11227,埼玉県,,,朝霞市,,045,埼玉,17,利根川,未確認,2010年包括区域の名称条件一致,埼玉県,要現行資料照合,2010-02-01,2026-01-01,2,https://www.e-stat.go.jp/SG1/estat/Pdfdl.do?sinfid=000012449985,2010-02-01,https://www.e-stat.go.jp/SG1/estat/Pdfdl.do?sinfid=000012449985,2026-10-03,false
11228,埼玉県,,,志木市,,045,埼玉,17,利根川,未確認,2010年包括区域の名称条件一致,埼玉県,要現行資料照合,2010-02-01,2026-01-01,2,https://www.e-stat.go.jp/SG1/estat/Pdfdl.do?sinfid=000012449985,2010-02-01,https://www.e-stat.go.jp/SG1/estat/Pdfdl.do?sinfid=000012449985,2026-10-03,false
11229,埼玉県,,,和光市,,045,埼玉,17,利根川,未確認,2010年包括区域の名称条件一致,埼玉県,要現行資料照合,2010-02-01,2026-01-01,2,https://www.e-stat.go.jp/SG1/estat/Pdfdl.do?sinfid=000012449985,2010-02-01,https://www.e-stat.go.jp/SG1/estat/Pdfdl.do?sinfid=000012449985,2026-10-03,false
11230,埼玉県,,,新座市,,045,埼玉,17,利根川,未確認,2010年包括区域の名称条件一致,埼玉県,要現行資料照合,2010-02-01,2026-01-01,2,https://www.e-stat.go.jp/SG1/estat/Pdfdl.do?sinfid=000012449985,2010-02-01,https://www.e-stat.go.jp/SG1/estat/Pdfdl.do?sinfid=000012449985,2026-10-03,false
11231,埼玉県,,,桶川市,,045,埼玉,17,利根川,未確認,2010年包括区域の名称条件一致,埼玉県,要現行資料照合,2010-02-01,2026-01-01,2,https://www.e-stat.go.jp/SG1/estat/Pdfdl.do?sinfid=000012449985,2010-02-01,https://www.e-stat.go.jp/SG1/estat/Pdfdl.do?sinfid=000012449985,2026-10-03,false
11232,埼玉県,,,久喜市,,045,埼玉,17,利根川,未確認,2010年包括区域の名称条件一致,埼玉県,要現行資料照合,2010-02-01,2026-01-01,2,https://www.e-stat.go.jp/SG1/estat/Pdfdl.do?sinfid=000012449985,2010-02-01,https://www.e-stat.go.jp/SG1/estat/Pdfdl.do?sinfid=000012449985,2026-10-03,false
11233,埼玉県,,,北本市,,045,埼玉,17,利根川,未確認,2010年包括区域の名称条件一致,埼玉県,要現行資料照合,2010-02-01,2026-01-01,2,https://www.e-stat.go.jp/SG1/estat/Pdfdl.do?sinfid=000012449985,2010-02-01,https://www.e-stat.go.jp/SG1/estat/Pdfdl.do?sinfid=000012449985,2026-10-03,false
11234,埼玉県,,,八潮市,,045,埼玉,17,利根川,未確認,2010年包括区域の名称条件一致,埼玉県,要現行資料照合,2010-02-01,2026-01-01,2,https://www.e-stat.go.jp/SG1/estat/Pdfdl.do?sinfid=000012449985,2010-02-01,https://www.e-stat.go.jp/SG1/estat/Pdfdl.do?sinfid=000012449985,2026-10-03,false
11235,埼玉県,,,富士見市,,045,埼玉,17,利根川,未確認,2010年包括区域の名称条件一致,埼玉県,要現行資料照合,2010-02-01,2026-01-01,2,https://www.e-stat.go.jp/SG1/estat/Pdfdl.do?sinfid=000012449985,2010-02-01,https://www.e-stat.go.jp/SG1/estat/Pdfdl.do?sinfid=000012449985,2026-10-03,false
11237,埼玉県,,,三郷市,,045,埼玉,17,利根川,未確認,2010年包括区域の名称条件一致,埼玉県,要現行資料照合,2010-02-01,2026-01-01,2,https://www.e-stat.go.jp/SG1/estat/Pdfdl.do?sinfid=000012449985,2010-02-01,https://www.e-stat.go.jp/SG1/estat/Pdfdl.do?sinfid=000012449985,2026-10-03,false
11238,埼玉県,,,蓮田市,,045,埼玉,17,利根川,未確認,2010年包括区域の名称条件一致,埼玉県,要現行資料照合,2010-02-01,2026-01-01,2,https://www.e-stat.go.jp/SG1/estat/Pdfdl.do?sinfid=000012449985,2010-02-01,https://www.e-stat.go.jp/SG1/estat/Pdfdl.do?sinfid=000012449985,2026-10-03,false
11239,埼玉県,,,坂戸市,,045,埼玉,17,利根川,未確認,2010年包括区域の名称条件一致,埼玉県,要現行資料照合,2010-02-01,2026-01-01,2,https://www.e-stat.go.jp/SG1/estat/Pdfdl.do?sinfid=000012449985,2010-02-01,https://www.e-stat.go.jp/SG1/estat/Pdfdl.do?sinfid=000012449985,2026-10-03,false
11240,埼玉県,,,幸手市,,045,埼玉,17,利根川,未確認,2010年包括区域の名称条件一致,埼玉県,要現行資料照合,2010-02-01,2026-01-01,2,https://www.e-stat.go.jp/SG1/estat/Pdfdl.do?sinfid=000012449985,2010-02-01,https://www.e-stat.go.jp/SG1/estat/Pdfdl.do?sinfid=000012449985,2026-10-03,false
11241,埼玉県,,,鶴ヶ島市,,045,埼玉,17,利根川,未確認,2010年包括区域の名称条件一致,埼玉県,要現行資料照合,2010-02-01,2026-01-01,2,https://www.e-stat.go.jp/SG1/estat/Pdfdl.do?sinfid=000012449985,2010-02-01,https://www.e-stat.go.jp/SG1/estat/Pdfdl.do?sinfid=000012449985,2026-10-03,false
11242,埼玉県,,,日高市,,045,埼玉,17,利根川,未確認,2010年包括区域の名称条件一致,埼玉県,要現行資料照合,2010-02-01,2026-01-01,2,https://www.e-stat.go.jp/SG1/estat/Pdfdl.do?sinfid=000012449985,2010-02-01,https://www.e-stat.go.jp/SG1/estat/Pdfdl.do?sinfid=000012449985,2026-10-03,false
11243,埼玉県,,,吉川市,,045,埼玉,17,利根川,未確認,2010年包括区域の名称条件一致,埼玉県,要現行資料照合,2010-02-01,2026-01-01,2,https://www.e-stat.go.jp/SG1/estat/Pdfdl.do?sinfid=000012449985,2010-02-01,https://www.e-stat.go.jp/SG1/estat/Pdfdl.do?sinfid=000012449985,2026-10-03,false
11245,埼玉県,,,ふじみ野市,,045,埼玉,17,利根川,未確認,2010年包括区域の名称条件一致,埼玉県,要現行資料照合,2010-02-01,2026-01-01,2,https://www.e-stat.go.jp/SG1/estat/Pdfdl.do?sinfid=000012449985,2010-02-01,https://www.e-stat.go.jp/SG1/estat/Pdfdl.do?sinfid=000012449985,2026-10-03,false
11246,埼玉県,,,白岡市,,045,埼玉,17,利根川,未確認,2010年包括区域の名称条件一致,埼玉県,要現行資料照合,2010-02-01,2026-01-01,2,https://www.e-stat.go.jp/SG1/estat/Pdfdl.do?sinfid=000012449985,2010-02-01,https://www.e-stat.go.jp/SG1/estat/Pdfdl.do?sinfid=000012449985,2026-10-03,false
11301,埼玉県,,北足立郡,伊奈町,,045,埼玉,17,利根川,未確認,2010年包括区域の名称条件一致,埼玉県,要現行資料照合,2010-02-01,2026-01-01,2,https://www.e-stat.go.jp/SG1/estat/Pdfdl.do?sinfid=000012449985,2010-02-01,https://www.e-stat.go.jp/SG1/estat/Pdfdl.do?sinfid=000012449985,2026-10-03,false
11324,埼玉県,,入間郡,三芳町,,045,埼玉,17,利根川,未確認,2010年包括区域の名称条件一致,埼玉県,要現行資料照合,2010-02-01,2026-01-01,2,https://www.e-stat.go.jp/SG1/estat/Pdfdl.do?sinfid=000012449985,2010-02-01,https://www.e-stat.go.jp/SG1/estat/Pdfdl.do?sinfid=000012449985,2026-10-03,false
11326,埼玉県,,入間郡,毛呂山町,,045,埼玉,17,利根川,未確認,2010年包括区域の名称条件一致,埼玉県,要現行資料照合,2010-02-01,2026-01-01,2,https://www.e-stat.go.jp/SG1/estat/Pdfdl.do?sinfid=000012449985,2010-02-01,https://www.e-stat.go.jp/SG1/estat/Pdfdl.do?sinfid=000012449985,2026-10-03,false
11327,埼玉県,,入間郡,越生町,,045,埼玉,17,利根川,未確認,2010年包括区域の名称条件一致,埼玉県,要現行資料照合,2010-02-01,2026-01-01,2,https://www.e-stat.go.jp/SG1/estat/Pdfdl.do?sinfid=000012449985,2010-02-01,https://www.e-stat.go.jp/SG1/estat/Pdfdl.do?sinfid=000012449985,2026-10-03,false
11341,埼玉県,,比企郡,滑川町,,045,埼玉,17,利根川,未確認,2010年包括区域の名称条件一致,埼玉県,要現行資料照合,2010-02-01,2026-01-01,2,https://www.e-stat.go.jp/SG1/estat/Pdfdl.do?sinfid=000012449985,2010-02-01,https://www.e-stat.go.jp/SG1/estat/Pdfdl.do?sinfid=000012449985,2026-10-03,false
11342,埼玉県,,比企郡,嵐山町,,045,埼玉,17,利根川,未確認,2010年包括区域の名称条件一致,埼玉県,要現行資料照合,2010-02-01,2026-01-01,2,https://www.e-stat.go.jp/SG1/estat/Pdfdl.do?sinfid=000012449985,2010-02-01,https://www.e-stat.go.jp/SG1/estat/Pdfdl.do?sinfid=000012449985,2026-10-03,false
11343,埼玉県,,比企郡,小川町,,045,埼玉,17,利根川,未確認,2010年包括区域の名称条件一致,埼玉県,要現行資料照合,2010-02-01,2026-01-01,2,https://www.e-stat.go.jp/SG1/estat/Pdfdl.do?sinfid=000012449985,2010-02-01,https://www.e-stat.go.jp/SG1/estat/Pdfdl.do?sinfid=000012449985,2026-10-03,false
11346,埼玉県,,比企郡,川島町,,045,埼玉,17,利根川,未確認,2010年包括区域の名称条件一致,埼玉県,要現行資料照合,2010-02-01,2026-01-01,2,https://www.e-stat.go.jp/SG1/estat/Pdfdl.do?sinfid=000012449985,2010-02-01,https://www.e-stat.go.jp/SG1/estat/Pdfdl.do?sinfid=000012449985,2026-10-03,false
11347,埼玉県,,比企郡,吉見町,,045,埼玉,17,利根川,未確認,2010年包括区域の名称条件一致,埼玉県,要現行資料照合,2010-02-01,2026-01-01,2,https://www.e-stat.go.jp/SG1/estat/Pdfdl.do?sinfid=000012449985,2010-02-01,https://www.e-stat.go.jp/SG1/estat/Pdfdl.do?sinfid=000012449985,2026-10-03,false
11348,埼玉県,,比企郡,鳩山町,,045,埼玉,17,利根川,未確認,2010年包括区域の名称条件一致,埼玉県,要現行資料照合,2010-02-01,2026-01-01,2,https://www.e-stat.go.jp/SG1/estat/Pdfdl.do?sinfid=000012449985,2010-02-01,https://www.e-stat.go.jp/SG1/estat/Pdfdl.do?sinfid=000012449985,2026-10-03,false
11349,埼玉県,,比企郡,ときがわ町,,045,埼玉,17,利根川,未確認,2010年包括区域の名称条件一致,埼玉県,要現行資料照合,2010-02-01,2026-01-01,2,https://www.e-stat.go.jp/SG1/estat/Pdfdl.do?sinfid=000012449985,2010-02-01,https://www.e-stat.go.jp/SG1/estat/Pdfdl.do?sinfid=000012449985,2026-10-03,false
11361,埼玉県,,秩父郡,横瀬町,,045,埼玉,17,利根川,未確認,2010年包括区域の名称条件一致,埼玉県,要現行資料照合,2010-02-01,2026-01-01,2,https://www.e-stat.go.jp/SG1/estat/Pdfdl.do?sinfid=000012449985,2010-02-01,https://www.e-stat.go.jp/SG1/estat/Pdfdl.do?sinfid=000012449985,2026-10-03,false
11362,埼玉県,,秩父郡,皆野町,,045,埼玉,17,利根川,未確認,2010年包括区域の名称条件一致,埼玉県,要現行資料照合,2010-02-01,2026-01-01,2,https://www.e-stat.go.jp/SG1/estat/Pdfdl.do?sinfid=000012449985,2010-02-01,https://www.e-stat.go.jp/SG1/estat/Pdfdl.do?sinfid=000012449985,2026-10-03,false
11363,埼玉県,,秩父郡,長瀞町,,045,埼玉,17,利根川,未確認,2010年包括区域の名称条件一致,埼玉県,要現行資料照合,2010-02-01,2026-01-01,2,https://www.e-stat.go.jp/SG1/estat/Pdfdl.do?sinfid=000012449985,2010-02-01,https://www.e-stat.go.jp/SG1/estat/Pdfdl.do?sinfid=000012449985,2026-10-03,false
11365,埼玉県,,秩父郡,小鹿野町,,045,埼玉,17,利根川,未確認,2010年包括区域の名称条件一致,埼玉県,要現行資料照合,2010-02-01,2026-01-01,2,https://www.e-stat.go.jp/SG1/estat/Pdfdl.do?sinfid=000012449985,2010-02-01,https://www.e-stat.go.jp/SG1/estat/Pdfdl.do?sinfid=000012449985,2026-10-03,false
11369,埼玉県,,秩父郡,東秩父村,,045,埼玉,17,利根川,未確認,2010年包括区域の名称条件一致,埼玉県,要現行資料照合,2010-02-01,2026-01-01,2,https://www.e-stat.go.jp/SG1/estat/Pdfdl.do?sinfid=000012449985,2010-02-01,https://www.e-stat.go.jp/SG1/estat/Pdfdl.do?sinfid=000012449985,2026-10-03,false
11381,埼玉県,,児玉郡,美里町,,045,埼玉,17,利根川,未確認,2010年包括区域の名称条件一致,埼玉県,要現行資料照合,2010-02-01,2026-01-01,2,https://www.e-stat.go.jp/SG1/estat/Pdfdl.do?sinfid=000012449985,2010-02-01,https://www.e-stat.go.jp/SG1/estat/Pdfdl.do?sinfid=000012449985,2026-10-03,false
11383,埼玉県,,児玉郡,神川町,,045,埼玉,17,利根川,未確認,2010年包括区域の名称条件一致,埼玉県,要現行資料照合,2010-02-01,2026-01-01,2,https://www.e-stat.go.jp/SG1/estat/Pdfdl.do?sinfid=000012449985,2010-02-01,https://www.e-stat.go.jp/SG1/estat/Pdfdl.do?sinfid=000012449985,2026-10-03,false
11385,埼玉県,,児玉郡,上里町,,045,埼玉,17,利根川,未確認,2010年包括区域の名称条件一致,埼玉県,要現行資料照合,2010-02-01,2026-01-01,2,https://www.e-stat.go.jp/SG1/estat/Pdfdl.do?sinfid=000012449985,2010-02-01,https://www.e-stat.go.jp/SG1/estat/Pdfdl.do?sinfid=000012449985,2026-10-03,false
11408,埼玉県,,大里郡,寄居町,,045,埼玉,17,利根川,未確認,2010年包括区域の名称条件一致,埼玉県,要現行資料照合,2010-02-01,2026-01-01,2,https://www.e-stat.go.jp/SG1/estat/Pdfdl.do?sinfid=000012449985,2010-02-01,https://www.e-stat.go.jp/SG1/estat/Pdfdl.do?sinfid=000012449985,2026-10-03,false
11442,埼玉県,,南埼玉郡,宮代町,,045,埼玉,17,利根川,未確認,2010年包括区域の名称条件一致,埼玉県,要現行資料照合,2010-02-01,2026-01-01,2,https://www.e-stat.go.jp/SG1/estat/Pdfdl.do?sinfid=000012449985,2010-02-01,https://www.e-stat.go.jp/SG1/estat/Pdfdl.do?sinfid=000012449985,2026-10-03,false
11464,埼玉県,,北葛飾郡,杉戸町,,045,埼玉,17,利根川,未確認,2010年包括区域の名称条件一致,埼玉県,要現行資料照合,2010-02-01,2026-01-01,2,https://www.e-stat.go.jp/SG1/estat/Pdfdl.do?sinfid=000012449985,2010-02-01,https://www.e-stat.go.jp/SG1/estat/Pdfdl.do?sinfid=000012449985,2026-10-03,false
11465,埼玉県,,北葛飾郡,松伏町,,045,埼玉,17,利根川,未確認,2010年包括区域の名称条件一致,埼玉県,要現行資料照合,2010-02-01,2026-01-01,2,https://www.e-stat.go.jp/SG1/estat/Pdfdl.do?sinfid=000012449985,2010-02-01,https://www.e-stat.go.jp/SG1/estat/Pdfdl.do?sinfid=000012449985,2026-10-03,false
12000,千葉県,,,所属未定地,,,,,,未確認,名称一致なし,,未対応・要調査,2010-02-01,2026-01-01,,https://www.e-stat.go.jp/SG1/estat/Pdfdl.do?sinfid=000012449985,2010-02-01,https://www.e-stat.go.jp/SG1/estat/Pdfdl.do?sinfid=000012449985,2026-10-03,false
12101,千葉県,,,千葉市,中央区,046,千葉北部,17,利根川,未確認,2010年包括区域の名称条件一致,千葉市,要現行資料照合,2010-02-01,2026-01-01,2,https://www.e-stat.go.jp/SG1/estat/Pdfdl.do?sinfid=000012449985,2010-02-01,https://www.e-stat.go.jp/SG1/estat/Pdfdl.do?sinfid=000012449985,2026-10-03,false
12102,千葉県,,,千葉市,花見川区,046,千葉北部,17,利根川,未確認,2010年包括区域の名称条件一致,千葉市,要現行資料照合,2010-02-01,2026-01-01,2,https://www.e-stat.go.jp/SG1/estat/Pdfdl.do?sinfid=000012449985,2010-02-01,https://www.e-stat.go.jp/SG1/estat/Pdfdl.do?sinfid=000012449985,2026-10-03,false
12103,千葉県,,,千葉市,稲毛区,046,千葉北部,17,利根川,未確認,2010年包括区域の名称条件一致,千葉市,要現行資料照合,2010-02-01,2026-01-01,2,https://www.e-stat.go.jp/SG1/estat/Pdfdl.do?sinfid=000012449985,2010-02-01,https://www.e-stat.go.jp/SG1/estat/Pdfdl.do?sinfid=000012449985,2026-10-03,false
12104,千葉県,,,千葉市,若葉区,046,千葉北部,17,利根川,未確認,2010年包括区域の名称条件一致,千葉市,要現行資料照合,2010-02-01,2026-01-01,2,https://www.e-stat.go.jp/SG1/estat/Pdfdl.do?sinfid=000012449985,2010-02-01,https://www.e-stat.go.jp/SG1/estat/Pdfdl.do?sinfid=000012449985,2026-10-03,false
12105,千葉県,,,千葉市,緑区,046,千葉北部,17,利根川,未確認,2010年包括区域の名称条件一致,千葉市,要現行資料照合,2010-02-01,2026-01-01,2,https://www.e-stat.go.jp/SG1/estat/Pdfdl.do?sinfid=000012449985,2010-02-01,https://www.e-stat.go.jp/SG1/estat/Pdfdl.do?sinfid=000012449985,2026-10-03,false
12106,千葉県,,,千葉市,美浜区,046,千葉北部,17,利根川,未確認,2010年包括区域の名称条件一致,千葉市,要現行資料照合,2010-02-01,2026-01-01,2,https://www.e-stat.go.jp/SG1/estat/Pdfdl.do?sinfid=000012449985,2010-02-01,https://www.e-stat.go.jp/SG1/estat/Pdfdl.do?sinfid=000012449985,2026-10-03,false
12202,千葉県,,,銚子市,,046,千葉北部,17,利根川,未確認,2010年包括区域の名称条件一致,銚子市,要現行資料照合,2010-02-01,2026-01-01,2,https://www.e-stat.go.jp/SG1/estat/Pdfdl.do?sinfid=000012449985,2010-02-01,https://www.e-stat.go.jp/SG1/estat/Pdfdl.do?sinfid=000012449985,2026-10-03,false
12203,千葉県,,,市川市,,046,千葉北部,17,利根川,未確認,2010年包括区域の名称条件一致,市川市,要現行資料照合,2010-02-01,2026-01-01,2,https://www.e-stat.go.jp/SG1/estat/Pdfdl.do?sinfid=000012449985,2010-02-01,https://www.e-stat.go.jp/SG1/estat/Pdfdl.do?sinfid=000012449985,2026-10-03,false
12204,千葉県,,,船橋市,,046,千葉北部,17,利根川,未確認,2010年包括区域の名称条件一致,船橋市,要現行資料照合,2010-02-01,2026-01-01,2,https://www.e-stat.go.jp/SG1/estat/Pdfdl.do?sinfid=000012449985,2010-02-01,https://www.e-stat.go.jp/SG1/estat/Pdfdl.do?sinfid=000012449985,2026-10-03,false
12205,千葉県,,,館山市,,047,千葉南部,17,利根川,未確認,2010年包括区域の名称条件一致,館山市,要現行資料照合,2010-02-01,2026-01-01,2,https://www.e-stat.go.jp/SG1/estat/Pdfdl.do?sinfid=000012449985,2010-02-01,https://www.e-stat.go.jp/SG1/estat/Pdfdl.do?sinfid=000012449985,2026-10-03,false
12206,千葉県,,,木更津市,,047,千葉南部,17,利根川,未確認,2010年包括区域の名称条件一致,木更津市,要現行資料照合,2010-02-01,2026-01-01,2,https://www.e-stat.go.jp/SG1/estat/Pdfdl.do?sinfid=000012449985,2010-02-01,https://www.e-stat.go.jp/SG1/estat/Pdfdl.do?sinfid=000012449985,2026-10-03,false
12207,千葉県,,,松戸市,,046,千葉北部,17,利根川,未確認,2010年包括区域の名称条件一致,松戸市,要現行資料照合,2010-02-01,2026-01-01,2,https://www.e-stat.go.jp/SG1/estat/Pdfdl.do?sinfid=000012449985,2010-02-01,https://www.e-stat.go.jp/SG1/estat/Pdfdl.do?sinfid=000012449985,2026-10-03,false
12208,千葉県,,,野田市,,046,千葉北部,17,利根川,未確認,2010年包括区域の名称条件一致,野田市,要現行資料照合,2010-02-01,2026-01-01,2,https://www.e-stat.go.jp/SG1/estat/Pdfdl.do?sinfid=000012449985,2010-02-01,https://www.e-stat.go.jp/SG1/estat/Pdfdl.do?sinfid=000012449985,2026-10-03,false
12210,千葉県,,,茂原市,,046,千葉北部,17,利根川,未確認,2010年包括区域の名称条件一致,茂原市,要現行資料照合,2010-02-01,2026-01-01,2,https://www.e-stat.go.jp/SG1/estat/Pdfdl.do?sinfid=000012449985,2010-02-01,https://www.e-stat.go.jp/SG1/estat/Pdfdl.do?sinfid=000012449985,2026-10-03,false
12211,千葉県,,,成田市,,046,千葉北部,17,利根川,未確認,2010年包括区域の名称条件一致,成田市,要現行資料照合,2010-02-01,2026-01-01,2,https://www.e-stat.go.jp/SG1/estat/Pdfdl.do?sinfid=000012449985,2010-02-01,https://www.e-stat.go.jp/SG1/estat/Pdfdl.do?sinfid=000012449985,2026-10-03,false
12212,千葉県,,,佐倉市,,046,千葉北部,17,利根川,未確認,2010年包括区域の名称条件一致,佐倉市,要現行資料照合,2010-02-01,2026-01-01,2,https://www.e-stat.go.jp/SG1/estat/Pdfdl.do?sinfid=000012449985,2010-02-01,https://www.e-stat.go.jp/SG1/estat/Pdfdl.do?sinfid=000012449985,2026-10-03,false
12213,千葉県,,,東金市,,046,千葉北部,17,利根川,未確認,2010年包括区域の名称条件一致,東金市,要現行資料照合,2010-02-01,2026-01-01,2,https://www.e-stat.go.jp/SG1/estat/Pdfdl.do?sinfid=000012449985,2010-02-01,https://www.e-stat.go.jp/SG1/estat/Pdfdl.do?sinfid=000012449985,2026-10-03,false
12215,千葉県,,,旭市,,046,千葉北部,17,利根川,未確認,2010年包括区域の名称条件一致,旭市,要現行資料照合,2010-02-01,2026-01-01,2,https://www.e-stat.go.jp/SG1/estat/Pdfdl.do?sinfid=000012449985,2010-02-01,https://www.e-stat.go.jp/SG1/estat/Pdfdl.do?sinfid=000012449985,2026-10-03,false
12216,千葉県,,,習志野市,,046,千葉北部,17,利根川,未確認,2010年包括区域の名称条件一致,習志野市,要現行資料照合,2010-02-01,2026-01-01,2,https://www.e-stat.go.jp/SG1/estat/Pdfdl.do?sinfid=000012449985,2010-02-01,https://www.e-stat.go.jp/SG1/estat/Pdfdl.do?sinfid=000012449985,2026-10-03,false
12217,千葉県,,,柏市,,046,千葉北部,17,利根川,未確認,2010年包括区域の名称条件一致,柏市,要現行資料照合,2010-02-01,2026-01-01,2,https://www.e-stat.go.jp/SG1/estat/Pdfdl.do?sinfid=000012449985,2010-02-01,https://www.e-stat.go.jp/SG1/estat/Pdfdl.do?sinfid=000012449985,2026-10-03,false
12218,千葉県,,,勝浦市,,047,千葉南部,17,利根川,未確認,2010年包括区域の名称条件一致,勝浦市,要現行資料照合,2010-02-01,2026-01-01,2,https://www.e-stat.go.jp/SG1/estat/Pdfdl.do?sinfid=000012449985,2010-02-01,https://www.e-stat.go.jp/SG1/estat/Pdfdl.do?sinfid=000012449985,2026-10-03,false
12219,千葉県,,,市原市,,046,千葉北部,17,利根川,未確認,2010年包括区域の名称条件一致,市原市,要現行資料照合,2010-02-01,2026-01-01,2,https://www.e-stat.go.jp/SG1/estat/Pdfdl.do?sinfid=000012449985,2010-02-01,https://www.e-stat.go.jp/SG1/estat/Pdfdl.do?sinfid=000012449985,2026-10-03,false
12220,千葉県,,,流山市,,046,千葉北部,17,利根川,未確認,2010年包括区域の名称条件一致,流山市,要現行資料照合,2010-02-01,2026-01-01,2,https://www.e-stat.go.jp/SG1/estat/Pdfdl.do?sinfid=000012449985,2010-02-01,https://www.e-stat.go.jp/SG1/estat/Pdfdl.do?sinfid=000012449985,2026-10-03,false
12221,千葉県,,,八千代市,,046,千葉北部,17,利根川,未確認,2010年包括区域の名称条件一致,八千代市,要現行資料照合,2010-02-01,2026-01-01,2,https://www.e-stat.go.jp/SG1/estat/Pdfdl.do?sinfid=000012449985,2010-02-01,https://www.e-stat.go.jp/SG1/estat/Pdfdl.do?sinfid=000012449985,2026-10-03,false
12222,千葉県,,,我孫子市,,046,千葉北部,17,利根川,未確認,2010年包括区域の名称条件一致,我孫子市,要現行資料照合,2010-02-01,2026-01-01,2,https://www.e-stat.go.jp/SG1/estat/Pdfdl.do?sinfid=000012449985,2010-02-01,https://www.e-stat.go.jp/SG1/estat/Pdfdl.do?sinfid=000012449985,2026-10-03,false
12223,千葉県,,,鴨川市,,047,千葉南部,17,利根川,未確認,2010年包括区域の名称条件一致,鴨川市,要現行資料照合,2010-02-01,2026-01-01,2,https://www.e-stat.go.jp/SG1/estat/Pdfdl.do?sinfid=000012449985,2010-02-01,https://www.e-stat.go.jp/SG1/estat/Pdfdl.do?sinfid=000012449985,2026-10-03,false
12224,千葉県,,,鎌ケ谷市,,046,千葉北部,17,利根川,未確認,2010年包括区域の名称条件一致,鎌ケ谷市,要現行資料照合,2010-02-01,2026-01-01,2,https://www.e-stat.go.jp/SG1/estat/Pdfdl.do?sinfid=000012449985,2010-02-01,https://www.e-stat.go.jp/SG1/estat/Pdfdl.do?sinfid=000012449985,2026-10-03,false
12225,千葉県,,,君津市,,047,千葉南部,17,利根川,未確認,2010年包括区域の名称条件一致,君津市,要現行資料照合,2010-02-01,2026-01-01,2,https://www.e-stat.go.jp/SG1/estat/Pdfdl.do?sinfid=000012449985,2010-02-01,https://www.e-stat.go.jp/SG1/estat/Pdfdl.do?sinfid=000012449985,2026-10-03,false
12226,千葉県,,,富津市,,047,千葉南部,17,利根川,未確認,2010年包括区域の名称条件一致,富津市,要現行資料照合,2010-02-01,2026-01-01,2,https://www.e-stat.go.jp/SG1/estat/Pdfdl.do?sinfid=000012449985,2010-02-01,https://www.e-stat.go.jp/SG1/estat/Pdfdl.do?sinfid=000012449985,2026-10-03,false
12227,千葉県,,,浦安市,,046,千葉北部,17,利根川,未確認,2010年包括区域の名称条件一致,浦安市,要現行資料照合,2010-02-01,2026-01-01,2,https://www.e-stat.go.jp/SG1/estat/Pdfdl.do?sinfid=000012449985,2010-02-01,https://www.e-stat.go.jp/SG1/estat/Pdfdl.do?sinfid=000012449985,2026-10-03,false
12228,千葉県,,,四街道市,,046,千葉北部,17,利根川,未確認,2010年包括区域の名称条件一致,四街道市,要現行資料照合,2010-02-01,2026-01-01,2,https://www.e-stat.go.jp/SG1/estat/Pdfdl.do?sinfid=000012449985,2010-02-01,https://www.e-stat.go.jp/SG1/estat/Pdfdl.do?sinfid=000012449985,2026-10-03,false
12229,千葉県,,,袖ケ浦市,,047,千葉南部,17,利根川,未確認,2010年包括区域の名称条件一致,袖ケ浦市,要現行資料照合,2010-02-01,2026-01-01,2,https://www.e-stat.go.jp/SG1/estat/Pdfdl.do?sinfid=000012449985,2010-02-01,https://www.e-stat.go.jp/SG1/estat/Pdfdl.do?sinfid=000012449985,2026-10-03,false
12230,千葉県,,,八街市,,046,千葉北部,17,利根川,未確認,2010年包括区域の名称条件一致,八街市,要現行資料照合,2010-02-01,2026-01-01,2,https://www.e-stat.go.jp/SG1/estat/Pdfdl.do?sinfid=000012449985,2010-02-01,https://www.e-stat.go.jp/SG1/estat/Pdfdl.do?sinfid=000012449985,2026-10-03,false
12231,千葉県,,,印西市,,046,千葉北部,17,利根川,未確認,2010年包括区域の名称条件一致,印西市,要現行資料照合,2010-02-01,2026-01-01,2,https://www.e-stat.go.jp/SG1/estat/Pdfdl.do?sinfid=000012449985,2010-02-01,https://www.e-stat.go.jp/SG1/estat/Pdfdl.do?sinfid=000012449985,2026-10-03,false
12232,千葉県,,,白井市,,046,千葉北部,17,利根川,未確認,2010年包括区域の名称条件一致,白井市,要現行資料照合,2010-02-01,2026-01-01,2,https://www.e-stat.go.jp/SG1/estat/Pdfdl.do?sinfid=000012449985,2010-02-01,https://www.e-stat.go.jp/SG1/estat/Pdfdl.do?sinfid=000012449985,2026-10-03,false
12233,千葉県,,,富里市,,046,千葉北部,17,利根川,未確認,2010年包括区域の名称条件一致,富里市,要現行資料照合,2010-02-01,2026-01-01,2,https://www.e-stat.go.jp/SG1/estat/Pdfdl.do?sinfid=000012449985,2010-02-01,https://www.e-stat.go.jp/SG1/estat/Pdfdl.do?sinfid=000012449985,2026-10-03,false
12234,千葉県,,,南房総市,,047,千葉南部,17,利根川,未確認,2010年包括区域の名称条件一致,南房総市,要現行資料照合,2010-02-01,2026-01-01,2,https://www.e-stat.go.jp/SG1/estat/Pdfdl.do?sinfid=000012449985,2010-02-01,https://www.e-stat.go.jp/SG1/estat/Pdfdl.do?sinfid=000012449985,2026-10-03,false
12235,千葉県,,,匝瑳市,,046,千葉北部,17,利根川,未確認,2010年包括区域の名称条件一致,匝瑳市,要現行資料照合,2010-02-01,2026-01-01,2,https://www.e-stat.go.jp/SG1/estat/Pdfdl.do?sinfid=000012449985,2010-02-01,https://www.e-stat.go.jp/SG1/estat/Pdfdl.do?sinfid=000012449985,2026-10-03,false
12236,千葉県,,,香取市,,046,千葉北部,17,利根川,未確認,2010年包括区域の名称条件一致,香取市,要現行資料照合,2010-02-01,2026-01-01,2,https://www.e-stat.go.jp/SG1/estat/Pdfdl.do?sinfid=000012449985,2010-02-01,https://www.e-stat.go.jp/SG1/estat/Pdfdl.do?sinfid=000012449985,2026-10-03,false
12237,千葉県,,,山武市,,046,千葉北部,17,利根川,未確認,2010年包括区域の名称条件一致,山武市,要現行資料照合,2010-02-01,2026-01-01,2,https://www.e-stat.go.jp/SG1/estat/Pdfdl.do?sinfid=000012449985,2010-02-01,https://www.e-stat.go.jp/SG1/estat/Pdfdl.do?sinfid=000012449985,2026-10-03,false
12238,千葉県,,,いすみ市,,047,千葉南部,17,利根川,未確認,2010年包括区域の名称条件一致,いすみ市,要現行資料照合,2010-02-01,2026-01-01,2,https://www.e-stat.go.jp/SG1/estat/Pdfdl.do?sinfid=000012449985,2010-02-01,https://www.e-stat.go.jp/SG1/estat/Pdfdl.do?sinfid=000012449985,2026-10-03,false
12239,千葉県,,,大網白里市,,,,,,未確認,名称一致なし,,未対応・要調査,2010-02-01,2026-01-01,,https://www.e-stat.go.jp/SG1/estat/Pdfdl.do?sinfid=000012449985,2010-02-01,https://www.e-stat.go.jp/SG1/estat/Pdfdl.do?sinfid=000012449985,2026-10-03,false
12322,千葉県,,印旛郡,酒々井町,,046,千葉北部,17,利根川,未確認,2010年包括区域の名称条件一致,印旛郡,要現行資料照合,2010-02-01,2026-01-01,2,https://www.e-stat.go.jp/SG1/estat/Pdfdl.do?sinfid=000012449985,2010-02-01,https://www.e-stat.go.jp/SG1/estat/Pdfdl.do?sinfid=000012449985,2026-10-03,false
12329,千葉県,,印旛郡,栄町,,046,千葉北部,17,利根川,未確認,2010年包括区域の名称条件一致,印旛郡,要現行資料照合,2010-02-01,2026-01-01,2,https://www.e-stat.go.jp/SG1/estat/Pdfdl.do?sinfid=000012449985,2010-02-01,https://www.e-stat.go.jp/SG1/estat/Pdfdl.do?sinfid=000012449985,2026-10-03,false
12342,千葉県,,香取郡,神崎町,,046,千葉北部,17,利根川,未確認,2010年包括区域の名称条件一致,香取郡,要現行資料照合,2010-02-01,2026-01-01,2,https://www.e-stat.go.jp/SG1/estat/Pdfdl.do?sinfid=000012449985,2010-02-01,https://www.e-stat.go.jp/SG1/estat/Pdfdl.do?sinfid=000012449985,2026-10-03,false
12347,千葉県,,香取郡,多古町,,046,千葉北部,17,利根川,未確認,2010年包括区域の名称条件一致,香取郡,要現行資料照合,2010-02-01,2026-01-01,2,https://www.e-stat.go.jp/SG1/estat/Pdfdl.do?sinfid=000012449985,2010-02-01,https://www.e-stat.go.jp/SG1/estat/Pdfdl.do?sinfid=000012449985,2026-10-03,false
12349,千葉県,,香取郡,東庄町,,046,千葉北部,17,利根川,未確認,2010年包括区域の名称条件一致,香取郡,要現行資料照合,2010-02-01,2026-01-01,2,https://www.e-stat.go.jp/SG1/estat/Pdfdl.do?sinfid=000012449985,2010-02-01,https://www.e-stat.go.jp/SG1/estat/Pdfdl.do?sinfid=000012449985,2026-10-03,false
12403,千葉県,,山武郡,九十九里町,,046,千葉北部,17,利根川,未確認,2010年包括区域の名称条件一致,山武郡,要現行資料照合,2010-02-01,2026-01-01,2,https://www.e-stat.go.jp/SG1/estat/Pdfdl.do?sinfid=000012449985,2010-02-01,https://www.e-stat.go.jp/SG1/estat/Pdfdl.do?sinfid=000012449985,2026-10-03,false
12409,千葉県,,山武郡,芝山町,,046,千葉北部,17,利根川,未確認,2010年包括区域の名称条件一致,山武郡,要現行資料照合,2010-02-01,2026-01-01,2,https://www.e-stat.go.jp/SG1/estat/Pdfdl.do?sinfid=000012449985,2010-02-01,https://www.e-stat.go.jp/SG1/estat/Pdfdl.do?sinfid=000012449985,2026-10-03,false
12410,千葉県,,山武郡,横芝光町,,046,千葉北部,17,利根川,未確認,2010年包括区域の名称条件一致,山武郡,要現行資料照合,2010-02-01,2026-01-01,2,https://www.e-stat.go.jp/SG1/estat/Pdfdl.do?sinfid=000012449985,2010-02-01,https://www.e-stat.go.jp/SG1/estat/Pdfdl.do?sinfid=000012449985,2026-10-03,false
12421,千葉県,,長生郡,一宮町,,046,千葉北部,17,利根川,未確認,2010年包括区域の名称条件一致,長生郡,要現行資料照合,2010-02-01,2026-01-01,2,https://www.e-stat.go.jp/SG1/estat/Pdfdl.do?sinfid=000012449985,2010-02-01,https://www.e-stat.go.jp/SG1/estat/Pdfdl.do?sinfid=000012449985,2026-10-03,false
12422,千葉県,,長生郡,睦沢町,,046,千葉北部,17,利根川,未確認,2010年包括区域の名称条件一致,長生郡,要現行資料照合,2010-02-01,2026-01-01,2,https://www.e-stat.go.jp/SG1/estat/Pdfdl.do?sinfid=000012449985,2010-02-01,https://www.e-stat.go.jp/SG1/estat/Pdfdl.do?sinfid=000012449985,2026-10-03,false
12423,千葉県,,長生郡,長生村,,046,千葉北部,17,利根川,未確認,2010年包括区域の名称条件一致,長生郡,要現行資料照合,2010-02-01,2026-01-01,2,https://www.e-stat.go.jp/SG1/estat/Pdfdl.do?sinfid=000012449985,2010-02-01,https://www.e-stat.go.jp/SG1/estat/Pdfdl.do?sinfid=000012449985,2026-10-03,false
12424,千葉県,,長生郡,白子町,,046,千葉北部,17,利根川,未確認,2010年包括区域の名称条件一致,長生郡,要現行資料照合,2010-02-01,2026-01-01,2,https://www.e-stat.go.jp/SG1/estat/Pdfdl.do?sinfid=000012449985,2010-02-01,https://www.e-stat.go.jp/SG1/estat/Pdfdl.do?sinfid=000012449985,2026-10-03,false
12426,千葉県,,長生郡,長柄町,,046,千葉北部,17,利根川,未確認,2010年包括区域の名称条件一致,長生郡,要現行資料照合,2010-02-01,2026-01-01,2,https://www.e-stat.go.jp/SG1/estat/Pdfdl.do?sinfid=000012449985,2010-02-01,https://www.e-stat.go.jp/SG1/estat/Pdfdl.do?sinfid=000012449985,2026-10-03,false
12427,千葉県,,長生郡,長南町,,046,千葉北部,17,利根川,未確認,2010年包括区域の名称条件一致,長生郡,要現行資料照合,2010-02-01,2026-01-01,2,https://www.e-stat.go.jp/SG1/estat/Pdfdl.do?sinfid=000012449985,2010-02-01,https://www.e-stat.go.jp/SG1/estat/Pdfdl.do?sinfid=000012449985,2026-10-03,false
12441,千葉県,,夷隅郡,大多喜町,,047,千葉南部,17,利根川,未確認,2010年包括区域の名称条件一致,夷隅郡,要現行資料照合,2010-02-01,2026-01-01,2,https://www.e-stat.go.jp/SG1/estat/Pdfdl.do?sinfid=000012449985,2010-02-01,https://www.e-stat.go.jp/SG1/estat/Pdfdl.do?sinfid=000012449985,2026-10-03,false
12443,千葉県,,夷隅郡,御宿町,,047,千葉南部,17,利根川,未確認,2010年包括区域の名称条件一致,夷隅郡,要現行資料照合,2010-02-01,2026-01-01,2,https://www.e-stat.go.jp/SG1/estat/Pdfdl.do?sinfid=000012449985,2010-02-01,https://www.e-stat.go.jp/SG1/estat/Pdfdl.do?sinfid=000012449985,2026-10-03,false
12463,千葉県,,安房郡,鋸南町,,047,千葉南部,17,利根川,未確認,2010年包括区域の名称条件一致,安房郡,要現行資料照合,2010-02-01,2026-01-01,2,https://www.e-stat.go.jp/SG1/estat/Pdfdl.do?sinfid=000012449985,2010-02-01,https://www.e-stat.go.jp/SG1/estat/Pdfdl.do?sinfid=000012449985,2026-10-03,false
13000,東京都,,,所属未定地,,,,,,未確認,名称一致なし,,未対応・要調査,2010-02-01,2026-01-01,,https://www.e-stat.go.jp/SG1/estat/Pdfdl.do?sinfid=000012449985,2010-02-01,https://www.e-stat.go.jp/SG1/estat/Pdfdl.do?sinfid=000012449985,2026-10-03,false
13101,東京都,,,千代田区,,048,多摩,17,利根川,未確認,2010年包括区域の名称条件一致,東京都特別区,要現行資料照合,2010-02-01,2026-01-01,2,https://www.e-stat.go.jp/SG1/estat/Pdfdl.do?sinfid=000012449985,2010-02-01,https://www.e-stat.go.jp/SG1/estat/Pdfdl.do?sinfid=000012449985,2026-10-03,false
13102,東京都,,,中央区,,048,多摩,17,利根川,未確認,2010年包括区域の名称条件一致,東京都特別区,要現行資料照合,2010-02-01,2026-01-01,2,https://www.e-stat.go.jp/SG1/estat/Pdfdl.do?sinfid=000012449985,2010-02-01,https://www.e-stat.go.jp/SG1/estat/Pdfdl.do?sinfid=000012449985,2026-10-03,false
13103,東京都,,,港区,,048,多摩,17,利根川,未確認,2010年包括区域の名称条件一致,東京都特別区,要現行資料照合,2010-02-01,2026-01-01,2,https://www.e-stat.go.jp/SG1/estat/Pdfdl.do?sinfid=000012449985,2010-02-01,https://www.e-stat.go.jp/SG1/estat/Pdfdl.do?sinfid=000012449985,2026-10-03,false
13104,東京都,,,新宿区,,048,多摩,17,利根川,未確認,2010年包括区域の名称条件一致,東京都特別区,要現行資料照合,2010-02-01,2026-01-01,2,https://www.e-stat.go.jp/SG1/estat/Pdfdl.do?sinfid=000012449985,2010-02-01,https://www.e-stat.go.jp/SG1/estat/Pdfdl.do?sinfid=000012449985,2026-10-03,false
13105,東京都,,,文京区,,048,多摩,17,利根川,未確認,2010年包括区域の名称条件一致,東京都特別区,要現行資料照合,2010-02-01,2026-01-01,2,https://www.e-stat.go.jp/SG1/estat/Pdfdl.do?sinfid=000012449985,2010-02-01,https://www.e-stat.go.jp/SG1/estat/Pdfdl.do?sinfid=000012449985,2026-10-03,false
13106,東京都,,,台東区,,048,多摩,17,利根川,未確認,2010年包括区域の名称条件一致,東京都特別区,要現行資料照合,2010-02-01,2026-01-01,2,https://www.e-stat.go.jp/SG1/estat/Pdfdl.do?sinfid=000012449985,2010-02-01,https://www.e-stat.go.jp/SG1/estat/Pdfdl.do?sinfid=000012449985,2026-10-03,false
13107,東京都,,,墨田区,,048,多摩,17,利根川,未確認,2010年包括区域の名称条件一致,東京都特別区,要現行資料照合,2010-02-01,2026-01-01,2,https://www.e-stat.go.jp/SG1/estat/Pdfdl.do?sinfid=000012449985,2010-02-01,https://www.e-stat.go.jp/SG1/estat/Pdfdl.do?sinfid=000012449985,2026-10-03,false
13108,東京都,,,江東区,,048,多摩,17,利根川,未確認,2010年包括区域の名称条件一致,東京都特別区,要現行資料照合,2010-02-01,2026-01-01,2,https://www.e-stat.go.jp/SG1/estat/Pdfdl.do?sinfid=000012449985,2010-02-01,https://www.e-stat.go.jp/SG1/estat/Pdfdl.do?sinfid=000012449985,2026-10-03,false
13109,東京都,,,品川区,,048,多摩,17,利根川,未確認,2010年包括区域の名称条件一致,東京都特別区,要現行資料照合,2010-02-01,2026-01-01,2,https://www.e-stat.go.jp/SG1/estat/Pdfdl.do?sinfid=000012449985,2010-02-01,https://www.e-stat.go.jp/SG1/estat/Pdfdl.do?sinfid=000012449985,2026-10-03,false
13110,東京都,,,目黒区,,048,多摩,17,利根川,未確認,2010年包括区域の名称条件一致,東京都特別区,要現行資料照合,2010-02-01,2026-01-01,2,https://www.e-stat.go.jp/SG1/estat/Pdfdl.do?sinfid=000012449985,2010-02-01,https://www.e-stat.go.jp/SG1/estat/Pdfdl.do?sinfid=000012449985,2026-10-03,false
13111,東京都,,,大田区,,048,多摩,17,利根川,未確認,2010年包括区域の名称条件一致,東京都特別区,要現行資料照合,2010-02-01,2026-01-01,2,https://www.e-stat.go.jp/SG1/estat/Pdfdl.do?sinfid=000012449985,2010-02-01,https://www.e-stat.go.jp/SG1/estat/Pdfdl.do?sinfid=000012449985,2026-10-03,false
13112,東京都,,,世田谷区,,048,多摩,17,利根川,未確認,2010年包括区域の名称条件一致,東京都特別区,要現行資料照合,2010-02-01,2026-01-01,2,https://www.e-stat.go.jp/SG1/estat/Pdfdl.do?sinfid=000012449985,2010-02-01,https://www.e-stat.go.jp/SG1/estat/Pdfdl.do?sinfid=000012449985,2026-10-03,false
13113,東京都,,,渋谷区,,048,多摩,17,利根川,未確認,2010年包括区域の名称条件一致,東京都特別区,要現行資料照合,2010-02-01,2026-01-01,2,https://www.e-stat.go.jp/SG1/estat/Pdfdl.do?sinfid=000012449985,2010-02-01,https://www.e-stat.go.jp/SG1/estat/Pdfdl.do?sinfid=000012449985,2026-10-03,false
13114,東京都,,,中野区,,048,多摩,17,利根川,未確認,2010年包括区域の名称条件一致,東京都特別区,要現行資料照合,2010-02-01,2026-01-01,2,https://www.e-stat.go.jp/SG1/estat/Pdfdl.do?sinfid=000012449985,2010-02-01,https://www.e-stat.go.jp/SG1/estat/Pdfdl.do?sinfid=000012449985,2026-10-03,false
13115,東京都,,,杉並区,,048,多摩,17,利根川,未確認,2010年包括区域の名称条件一致,東京都特別区,要現行資料照合,2010-02-01,2026-01-01,2,https://www.e-stat.go.jp/SG1/estat/Pdfdl.do?sinfid=000012449985,2010-02-01,https://www.e-stat.go.jp/SG1/estat/Pdfdl.do?sinfid=000012449985,2026-10-03,false
13116,東京都,,,豊島区,,048,多摩,17,利根川,未確認,2010年包括区域の名称条件一致,東京都特別区,要現行資料照合,2010-02-01,2026-01-01,2,https://www.e-stat.go.jp/SG1/estat/Pdfdl.do?sinfid=000012449985,2010-02-01,https://www.e-stat.go.jp/SG1/estat/Pdfdl.do?sinfid=000012449985,2026-10-03,false
13117,東京都,,,北区,,048,多摩,17,利根川,未確認,2010年包括区域の名称条件一致,東京都特別区,要現行資料照合,2010-02-01,2026-01-01,2,https://www.e-stat.go.jp/SG1/estat/Pdfdl.do?sinfid=000012449985,2010-02-01,https://www.e-stat.go.jp/SG1/estat/Pdfdl.do?sinfid=000012449985,2026-10-03,false
13118,東京都,,,荒川区,,048,多摩,17,利根川,未確認,2010年包括区域の名称条件一致,東京都特別区,要現行資料照合,2010-02-01,2026-01-01,2,https://www.e-stat.go.jp/SG1/estat/Pdfdl.do?sinfid=000012449985,2010-02-01,https://www.e-stat.go.jp/SG1/estat/Pdfdl.do?sinfid=000012449985,2026-10-03,false
13119,東京都,,,板橋区,,048,多摩,17,利根川,未確認,2010年包括区域の名称条件一致,東京都特別区,要現行資料照合,2010-02-01,2026-01-01,2,https://www.e-stat.go.jp/SG1/estat/Pdfdl.do?sinfid=000012449985,2010-02-01,https://www.e-stat.go.jp/SG1/estat/Pdfdl.do?sinfid=000012449985,2026-10-03,false
13120,東京都,,,練馬区,,048,多摩,17,利根川,未確認,2010年包括区域の名称条件一致,東京都特別区,要現行資料照合,2010-02-01,2026-01-01,2,https://www.e-stat.go.jp/SG1/estat/Pdfdl.do?sinfid=000012449985,2010-02-01,https://www.e-stat.go.jp/SG1/estat/Pdfdl.do?sinfid=000012449985,2026-10-03,false
13121,東京都,,,足立区,,048,多摩,17,利根川,未確認,2010年包括区域の名称条件一致,東京都特別区,要現行資料照合,2010-02-01,2026-01-01,2,https://www.e-stat.go.jp/SG1/estat/Pdfdl.do?sinfid=000012449985,2010-02-01,https://www.e-stat.go.jp/SG1/estat/Pdfdl.do?sinfid=000012449985,2026-10-03,false
13122,東京都,,,葛飾区,,048,多摩,17,利根川,未確認,2010年包括区域の名称条件一致,東京都特別区,要現行資料照合,2010-02-01,2026-01-01,2,https://www.e-stat.go.jp/SG1/estat/Pdfdl.do?sinfid=000012449985,2010-02-01,https://www.e-stat.go.jp/SG1/estat/Pdfdl.do?sinfid=000012449985,2026-10-03,false
13123,東京都,,,江戸川区,,048,多摩,17,利根川,未確認,2010年包括区域の名称条件一致,東京都特別区,要現行資料照合,2010-02-01,2026-01-01,2,https://www.e-stat.go.jp/SG1/estat/Pdfdl.do?sinfid=000012449985,2010-02-01,https://www.e-stat.go.jp/SG1/estat/Pdfdl.do?sinfid=000012449985,2026-10-03,false
13201,東京都,,,八王子市,,048,多摩,17,利根川,未確認,2010年包括区域の名称条件一致,八王子市,要現行資料照合,2010-02-01,2026-01-01,2,https://www.e-stat.go.jp/SG1/estat/Pdfdl.do?sinfid=000012449985,2010-02-01,https://www.e-stat.go.jp/SG1/estat/Pdfdl.do?sinfid=000012449985,2026-10-03,false
13202,東京都,,,立川市,,048,多摩,17,利根川,未確認,2010年包括区域の名称条件一致,立川市,要現行資料照合,2010-02-01,2026-01-01,2,https://www.e-stat.go.jp/SG1/estat/Pdfdl.do?sinfid=000012449985,2010-02-01,https://www.e-stat.go.jp/SG1/estat/Pdfdl.do?sinfid=000012449985,2026-10-03,false
13203,東京都,,,武蔵野市,,048,多摩,17,利根川,未確認,2010年包括区域の名称条件一致,武蔵野市,要現行資料照合,2010-02-01,2026-01-01,2,https://www.e-stat.go.jp/SG1/estat/Pdfdl.do?sinfid=000012449985,2010-02-01,https://www.e-stat.go.jp/SG1/estat/Pdfdl.do?sinfid=000012449985,2026-10-03,false
13204,東京都,,,三鷹市,,048,多摩,17,利根川,未確認,2010年包括区域の名称条件一致,三鷹市,要現行資料照合,2010-02-01,2026-01-01,2,https://www.e-stat.go.jp/SG1/estat/Pdfdl.do?sinfid=000012449985,2010-02-01,https://www.e-stat.go.jp/SG1/estat/Pdfdl.do?sinfid=000012449985,2026-10-03,false
13205,東京都,,,青梅市,,048,多摩,17,利根川,未確認,2010年包括区域の名称条件一致,青梅市,要現行資料照合,2010-02-01,2026-01-01,2,https://www.e-stat.go.jp/SG1/estat/Pdfdl.do?sinfid=000012449985,2010-02-01,https://www.e-stat.go.jp/SG1/estat/Pdfdl.do?sinfid=000012449985,2026-10-03,false
13206,東京都,,,府中市,,048,多摩,17,利根川,未確認,2010年包括区域の名称条件一致,府中市,要現行資料照合,2010-02-01,2026-01-01,2,https://www.e-stat.go.jp/SG1/estat/Pdfdl.do?sinfid=000012449985,2010-02-01,https://www.e-stat.go.jp/SG1/estat/Pdfdl.do?sinfid=000012449985,2026-10-03,false
13207,東京都,,,昭島市,,048,多摩,17,利根川,未確認,2010年包括区域の名称条件一致,昭島市,要現行資料照合,2010-02-01,2026-01-01,2,https://www.e-stat.go.jp/SG1/estat/Pdfdl.do?sinfid=000012449985,2010-02-01,https://www.e-stat.go.jp/SG1/estat/Pdfdl.do?sinfid=000012449985,2026-10-03,false
13208,東京都,,,調布市,,048,多摩,17,利根川,未確認,2010年包括区域の名称条件一致,調布市,要現行資料照合,2010-02-01,2026-01-01,2,https://www.e-stat.go.jp/SG1/estat/Pdfdl.do?sinfid=000012449985,2010-02-01,https://www.e-stat.go.jp/SG1/estat/Pdfdl.do?sinfid=000012449985,2026-10-03,false
13209,東京都,,,町田市,,048,多摩,17,利根川,未確認,2010年包括区域の名称条件一致,町田市,要現行資料照合,2010-02-01,2026-01-01,2,https://www.e-stat.go.jp/SG1/estat/Pdfdl.do?sinfid=000012449985,2010-02-01,https://www.e-stat.go.jp/SG1/estat/Pdfdl.do?sinfid=000012449985,2026-10-03,false
13210,東京都,,,小金井市,,048,多摩,17,利根川,未確認,2010年包括区域の名称条件一致,小金井市,要現行資料照合,2010-02-01,2026-01-01,2,https://www.e-stat.go.jp/SG1/estat/Pdfdl.do?sinfid=000012449985,2010-02-01,https://www.e-stat.go.jp/SG1/estat/Pdfdl.do?sinfid=000012449985,2026-10-03,false
13211,東京都,,,小平市,,048,多摩,17,利根川,未確認,2010年包括区域の名称条件一致,小平市,要現行資料照合,2010-02-01,2026-01-01,2,https://www.e-stat.go.jp/SG1/estat/Pdfdl.do?sinfid=000012449985,2010-02-01,https://www.e-stat.go.jp/SG1/estat/Pdfdl.do?sinfid=000012449985,2026-10-03,false
13212,東京都,,,日野市,,048,多摩,17,利根川,未確認,2010年包括区域の名称条件一致,日野市,要現行資料照合,2010-02-01,2026-01-01,2,https://www.e-stat.go.jp/SG1/estat/Pdfdl.do?sinfid=000012449985,2010-02-01,https://www.e-stat.go.jp/SG1/estat/Pdfdl.do?sinfid=000012449985,2026-10-03,false
13213,東京都,,,東村山市,,048,多摩,17,利根川,未確認,2010年包括区域の名称条件一致,東村山市,要現行資料照合,2010-02-01,2026-01-01,2,https://www.e-stat.go.jp/SG1/estat/Pdfdl.do?sinfid=000012449985,2010-02-01,https://www.e-stat.go.jp/SG1/estat/Pdfdl.do?sinfid=000012449985,2026-10-03,false
13214,東京都,,,国分寺市,,048,多摩,17,利根川,未確認,2010年包括区域の名称条件一致,国分寺市,要現行資料照合,2010-02-01,2026-01-01,2,https://www.e-stat.go.jp/SG1/estat/Pdfdl.do?sinfid=000012449985,2010-02-01,https://www.e-stat.go.jp/SG1/estat/Pdfdl.do?sinfid=000012449985,2026-10-03,false
13215,東京都,,,国立市,,048,多摩,17,利根川,未確認,2010年包括区域の名称条件一致,国立市,要現行資料照合,2010-02-01,2026-01-01,2,https://www.e-stat.go.jp/SG1/estat/Pdfdl.do?sinfid=000012449985,2010-02-01,https://www.e-stat.go.jp/SG1/estat/Pdfdl.do?sinfid=000012449985,2026-10-03,false
13218,東京都,,,福生市,,048,多摩,17,利根川,未確認,2010年包括区域の名称条件一致,福生市,要現行資料照合,2010-02-01,2026-01-01,2,https://www.e-stat.go.jp/SG1/estat/Pdfdl.do?sinfid=000012449985,2010-02-01,https://www.e-stat.go.jp/SG1/estat/Pdfdl.do?sinfid=000012449985,2026-10-03,false
13219,東京都,,,狛江市,,048,多摩,17,利根川,未確認,2010年包括区域の名称条件一致,狛江市,要現行資料照合,2010-02-01,2026-01-01,2,https://www.e-stat.go.jp/SG1/estat/Pdfdl.do?sinfid=000012449985,2010-02-01,https://www.e-stat.go.jp/SG1/estat/Pdfdl.do?sinfid=000012449985,2026-10-03,false
13220,東京都,,,東大和市,,048,多摩,17,利根川,未確認,2010年包括区域の名称条件一致,東大和市,要現行資料照合,2010-02-01,2026-01-01,2,https://www.e-stat.go.jp/SG1/estat/Pdfdl.do?sinfid=000012449985,2010-02-01,https://www.e-stat.go.jp/SG1/estat/Pdfdl.do?sinfid=000012449985,2026-10-03,false
13221,東京都,,,清瀬市,,048,多摩,17,利根川,未確認,2010年包括区域の名称条件一致,清瀬市,要現行資料照合,2010-02-01,2026-01-01,2,https://www.e-stat.go.jp/SG1/estat/Pdfdl.do?sinfid=000012449985,2010-02-01,https://www.e-stat.go.jp/SG1/estat/Pdfdl.do?sinfid=000012449985,2026-10-03,false
13222,東京都,,,東久留米市,,048,多摩,17,利根川,未確認,2010年包括区域の名称条件一致,東久留米市,要現行資料照合,2010-02-01,2026-01-01,2,https://www.e-stat.go.jp/SG1/estat/Pdfdl.do?sinfid=000012449985,2010-02-01,https://www.e-stat.go.jp/SG1/estat/Pdfdl.do?sinfid=000012449985,2026-10-03,false
13223,東京都,,,武蔵村山市,,048,多摩,17,利根川,未確認,2010年包括区域の名称条件一致,武蔵村山市,要現行資料照合,2010-02-01,2026-01-01,2,https://www.e-stat.go.jp/SG1/estat/Pdfdl.do?sinfid=000012449985,2010-02-01,https://www.e-stat.go.jp/SG1/estat/Pdfdl.do?sinfid=000012449985,2026-10-03,false
13224,東京都,,,多摩市,,048,多摩,17,利根川,未確認,2010年包括区域の名称条件一致,多摩市,要現行資料照合,2010-02-01,2026-01-01,2,https://www.e-stat.go.jp/SG1/estat/Pdfdl.do?sinfid=000012449985,2010-02-01,https://www.e-stat.go.jp/SG1/estat/Pdfdl.do?sinfid=000012449985,2026-10-03,false
13225,東京都,,,稲城市,,048,多摩,17,利根川,未確認,2010年包括区域の名称条件一致,稲城市,要現行資料照合,2010-02-01,2026-01-01,2,https://www.e-stat.go.jp/SG1/estat/Pdfdl.do?sinfid=000012449985,2010-02-01,https://www.e-stat.go.jp/SG1/estat/Pdfdl.do?sinfid=000012449985,2026-10-03,false
13227,東京都,,,羽村市,,048,多摩,17,利根川,未確認,2010年包括区域の名称条件一致,羽村市,要現行資料照合,2010-02-01,2026-01-01,2,https://www.e-stat.go.jp/SG1/estat/Pdfdl.do?sinfid=000012449985,2010-02-01,https://www.e-stat.go.jp/SG1/estat/Pdfdl.do?sinfid=000012449985,2026-10-03,false
13228,東京都,,,あきる野市,,048,多摩,17,利根川,未確認,2010年包括区域の名称条件一致,あきる野市,要現行資料照合,2010-02-01,2026-01-01,2,https://www.e-stat.go.jp/SG1/estat/Pdfdl.do?sinfid=000012449985,2010-02-01,https://www.e-stat.go.jp/SG1/estat/Pdfdl.do?sinfid=000012449985,2026-10-03,false
13229,東京都,,,西東京市,,048,多摩,17,利根川,未確認,2010年包括区域の名称条件一致,西東京市,要現行資料照合,2010-02-01,2026-01-01,2,https://www.e-stat.go.jp/SG1/estat/Pdfdl.do?sinfid=000012449985,2010-02-01,https://www.e-stat.go.jp/SG1/estat/Pdfdl.do?sinfid=000012449985,2026-10-03,false
13303,東京都,,西多摩郡,瑞穂町,,048,多摩,17,利根川,未確認,2010年包括区域の名称条件一致,西多摩郡,要現行資料照合,2010-02-01,2026-01-01,2,https://www.e-stat.go.jp/SG1/estat/Pdfdl.do?sinfid=000012449985,2010-02-01,https://www.e-stat.go.jp/SG1/estat/Pdfdl.do?sinfid=000012449985,2026-10-03,false
13305,東京都,,西多摩郡,日の出町,,048,多摩,17,利根川,未確認,2010年包括区域の名称条件一致,西多摩郡,要現行資料照合,2010-02-01,2026-01-01,2,https://www.e-stat.go.jp/SG1/estat/Pdfdl.do?sinfid=000012449985,2010-02-01,https://www.e-stat.go.jp/SG1/estat/Pdfdl.do?sinfid=000012449985,2026-10-03,false
13307,東京都,,西多摩郡,檜原村,,048,多摩,17,利根川,未確認,2010年包括区域の名称条件一致,西多摩郡,要現行資料照合,2010-02-01,2026-01-01,2,https://www.e-stat.go.jp/SG1/estat/Pdfdl.do?sinfid=000012449985,2010-02-01,https://www.e-stat.go.jp/SG1/estat/Pdfdl.do?sinfid=000012449985,2026-10-03,false
13308,東京都,,西多摩郡,奥多摩町,,048,多摩,17,利根川,未確認,2010年包括区域の名称条件一致,西多摩郡,要現行資料照合,2010-02-01,2026-01-01,2,https://www.e-stat.go.jp/SG1/estat/Pdfdl.do?sinfid=000012449985,2010-02-01,https://www.e-stat.go.jp/SG1/estat/Pdfdl.do?sinfid=000012449985,2026-10-03,false
13361,東京都,,,大島町,,049,伊豆諸島,17,利根川,未確認,2010年包括区域の名称条件一致,大島町,要現行資料照合,2010-02-01,2026-01-01,2,https://www.e-stat.go.jp/SG1/estat/Pdfdl.do?sinfid=000012449985,2010-02-01,https://www.e-stat.go.jp/SG1/estat/Pdfdl.do?sinfid=000012449985,2026-10-03,false
13362,東京都,,,利島村,,049,伊豆諸島,17,利根川,未確認,2010年包括区域の名称条件一致,利島村,要現行資料照合,2010-02-01,2026-01-01,2,https://www.e-stat.go.jp/SG1/estat/Pdfdl.do?sinfid=000012449985,2010-02-01,https://www.e-stat.go.jp/SG1/estat/Pdfdl.do?sinfid=000012449985,2026-10-03,false
13363,東京都,,,新島村,,,,,,未確認,名称一致なし,,未対応・要調査,2010-02-01,2026-01-01,,https://www.e-stat.go.jp/SG1/estat/Pdfdl.do?sinfid=000012449985,2010-02-01,https://www.e-stat.go.jp/SG1/estat/Pdfdl.do?sinfid=000012449985,2026-10-03,false
13364,東京都,,,神津島村,,049,伊豆諸島,17,利根川,未確認,2010年包括区域の名称条件一致,神津島村,要現行資料照合,2010-02-01,2026-01-01,2,https://www.e-stat.go.jp/SG1/estat/Pdfdl.do?sinfid=000012449985,2010-02-01,https://www.e-stat.go.jp/SG1/estat/Pdfdl.do?sinfid=000012449985,2026-10-03,false
13381,東京都,,,三宅村,,049,伊豆諸島,17,利根川,未確認,2010年包括区域の名称条件一致,三宅村,要現行資料照合,2010-02-01,2026-01-01,2,https://www.e-stat.go.jp/SG1/estat/Pdfdl.do?sinfid=000012449985,2010-02-01,https://www.e-stat.go.jp/SG1/estat/Pdfdl.do?sinfid=000012449985,2026-10-03,false
13382,東京都,,,御蔵島村,,049,伊豆諸島,17,利根川,未確認,2010年包括区域の名称条件一致,御蔵島村,要現行資料照合,2010-02-01,2026-01-01,2,https://www.e-stat.go.jp/SG1/estat/Pdfdl.do?sinfid=000012449985,2010-02-01,https://www.e-stat.go.jp/SG1/estat/Pdfdl.do?sinfid=000012449985,2026-10-03,false
13401,東京都,,,八丈町,,049,伊豆諸島,17,利根川,未確認,2010年包括区域の名称条件一致,八丈町,要現行資料照合,2010-02-01,2026-01-01,2,https://www.e-stat.go.jp/SG1/estat/Pdfdl.do?sinfid=000012449985,2010-02-01,https://www.e-stat.go.jp/SG1/estat/Pdfdl.do?sinfid=000012449985,2026-10-03,false
13402,東京都,,,青ヶ島村,,049,伊豆諸島,17,利根川,未確認,2010年包括区域の名称条件一致,青ヶ島村,要現行資料照合,2010-02-01,2026-01-01,2,https://www.e-stat.go.jp/SG1/estat/Pdfdl.do?sinfid=000012449985,2010-02-01,https://www.e-stat.go.jp/SG1/estat/Pdfdl.do?sinfid=000012449985,2026-10-03,false
13421,東京都,,,小笠原村,,049,伊豆諸島,17,利根川,未確認,2010年包括区域の名称条件一致,小笠原村,要現行資料照合,2010-02-01,2026-01-01,2,https://www.e-stat.go.jp/SG1/estat/Pdfdl.do?sinfid=000012449985,2010-02-01,https://www.e-stat.go.jp/SG1/estat/Pdfdl.do?sinfid=000012449985,2026-10-03,false
14101,神奈川県,,,横浜市,鶴見区,050,神奈川,18,相模川,未確認,2010年包括区域の名称条件一致,神奈川県,要現行資料照合,2010-02-01,2026-01-01,2,https://www.e-stat.go.jp/SG1/estat/Pdfdl.do?sinfid=000012449985,2010-02-01,https://www.e-stat.go.jp/SG1/estat/Pdfdl.do?sinfid=000012449985,2026-10-03,false
14102,神奈川県,,,横浜市,神奈川区,050,神奈川,18,相模川,未確認,2010年包括区域の名称条件一致,神奈川県,要現行資料照合,2010-02-01,2026-01-01,2,https://www.e-stat.go.jp/SG1/estat/Pdfdl.do?sinfid=000012449985,2010-02-01,https://www.e-stat.go.jp/SG1/estat/Pdfdl.do?sinfid=000012449985,2026-10-03,false
14103,神奈川県,,,横浜市,西区,050,神奈川,18,相模川,未確認,2010年包括区域の名称条件一致,神奈川県,要現行資料照合,2010-02-01,2026-01-01,2,https://www.e-stat.go.jp/SG1/estat/Pdfdl.do?sinfid=000012449985,2010-02-01,https://www.e-stat.go.jp/SG1/estat/Pdfdl.do?sinfid=000012449985,2026-10-03,false
14104,神奈川県,,,横浜市,中区,050,神奈川,18,相模川,未確認,2010年包括区域の名称条件一致,神奈川県,要現行資料照合,2010-02-01,2026-01-01,2,https://www.e-stat.go.jp/SG1/estat/Pdfdl.do?sinfid=000012449985,2010-02-01,https://www.e-stat.go.jp/SG1/estat/Pdfdl.do?sinfid=000012449985,2026-10-03,false
14105,神奈川県,,,横浜市,南区,050,神奈川,18,相模川,未確認,2010年包括区域の名称条件一致,神奈川県,要現行資料照合,2010-02-01,2026-01-01,2,https://www.e-stat.go.jp/SG1/estat/Pdfdl.do?sinfid=000012449985,2010-02-01,https://www.e-stat.go.jp/SG1/estat/Pdfdl.do?sinfid=000012449985,2026-10-03,false
14106,神奈川県,,,横浜市,保土ケ谷区,050,神奈川,18,相模川,未確認,2010年包括区域の名称条件一致,神奈川県,要現行資料照合,2010-02-01,2026-01-01,2,https://www.e-stat.go.jp/SG1/estat/Pdfdl.do?sinfid=000012449985,2010-02-01,https://www.e-stat.go.jp/SG1/estat/Pdfdl.do?sinfid=000012449985,2026-10-03,false
14107,神奈川県,,,横浜市,磯子区,050,神奈川,18,相模川,未確認,2010年包括区域の名称条件一致,神奈川県,要現行資料照合,2010-02-01,2026-01-01,2,https://www.e-stat.go.jp/SG1/estat/Pdfdl.do?sinfid=000012449985,2010-02-01,https://www.e-stat.go.jp/SG1/estat/Pdfdl.do?sinfid=000012449985,2026-10-03,false
14108,神奈川県,,,横浜市,金沢区,050,神奈川,18,相模川,未確認,2010年包括区域の名称条件一致,神奈川県,要現行資料照合,2010-02-01,2026-01-01,2,https://www.e-stat.go.jp/SG1/estat/Pdfdl.do?sinfid=000012449985,2010-02-01,https://www.e-stat.go.jp/SG1/estat/Pdfdl.do?sinfid=000012449985,2026-10-03,false
14109,神奈川県,,,横浜市,港北区,050,神奈川,18,相模川,未確認,2010年包括区域の名称条件一致,神奈川県,要現行資料照合,2010-02-01,2026-01-01,2,https://www.e-stat.go.jp/SG1/estat/Pdfdl.do?sinfid=000012449985,2010-02-01,https://www.e-stat.go.jp/SG1/estat/Pdfdl.do?sinfid=000012449985,2026-10-03,false
14110,神奈川県,,,横浜市,戸塚区,050,神奈川,18,相模川,未確認,2010年包括区域の名称条件一致,神奈川県,要現行資料照合,2010-02-01,2026-01-01,2,https://www.e-stat.go.jp/SG1/estat/Pdfdl.do?sinfid=000012449985,2010-02-01,https://www.e-stat.go.jp/SG1/estat/Pdfdl.do?sinfid=000012449985,2026-10-03,false
14111,神奈川県,,,横浜市,港南区,050,神奈川,18,相模川,未確認,2010年包括区域の名称条件一致,神奈川県,要現行資料照合,2010-02-01,2026-01-01,2,https://www.e-stat.go.jp/SG1/estat/Pdfdl.do?sinfid=000012449985,2010-02-01,https://www.e-stat.go.jp/SG1/estat/Pdfdl.do?sinfid=000012449985,2026-10-03,false
14112,神奈川県,,,横浜市,旭区,050,神奈川,18,相模川,未確認,2010年包括区域の名称条件一致,神奈川県,要現行資料照合,2010-02-01,2026-01-01,2,https://www.e-stat.go.jp/SG1/estat/Pdfdl.do?sinfid=000012449985,2010-02-01,https://www.e-stat.go.jp/SG1/estat/Pdfdl.do?sinfid=000012449985,2026-10-03,false
14113,神奈川県,,,横浜市,緑区,050,神奈川,18,相模川,未確認,2010年包括区域の名称条件一致,神奈川県,要現行資料照合,2010-02-01,2026-01-01,2,https://www.e-stat.go.jp/SG1/estat/Pdfdl.do?sinfid=000012449985,2010-02-01,https://www.e-stat.go.jp/SG1/estat/Pdfdl.do?sinfid=000012449985,2026-10-03,false
14114,神奈川県,,,横浜市,瀬谷区,050,神奈川,18,相模川,未確認,2010年包括区域の名称条件一致,神奈川県,要現行資料照合,2010-02-01,2026-01-01,2,https://www.e-stat.go.jp/SG1/estat/Pdfdl.do?sinfid=000012449985,2010-02-01,https://www.e-stat.go.jp/SG1/estat/Pdfdl.do?sinfid=000012449985,2026-10-03,false
14115,神奈川県,,,横浜市,栄区,050,神奈川,18,相模川,未確認,2010年包括区域の名称条件一致,神奈川県,要現行資料照合,2010-02-01,2026-01-01,2,https://www.e-stat.go.jp/SG1/estat/Pdfdl.do?sinfid=000012449985,2010-02-01,https://www.e-stat.go.jp/SG1/estat/Pdfdl.do?sinfid=000012449985,2026-10-03,false
14116,神奈川県,,,横浜市,泉区,050,神奈川,18,相模川,未確認,2010年包括区域の名称条件一致,神奈川県,要現行資料照合,2010-02-01,2026-01-01,2,https://www.e-stat.go.jp/SG1/estat/Pdfdl.do?sinfid=000012449985,2010-02-01,https://www.e-stat.go.jp/SG1/estat/Pdfdl.do?sinfid=000012449985,2026-10-03,false
14117,神奈川県,,,横浜市,青葉区,050,神奈川,18,相模川,未確認,2010年包括区域の名称条件一致,神奈川県,要現行資料照合,2010-02-01,2026-01-01,2,https://www.e-stat.go.jp/SG1/estat/Pdfdl.do?sinfid=000012449985,2010-02-01,https://www.e-stat.go.jp/SG1/estat/Pdfdl.do?sinfid=000012449985,2026-10-03,false
14118,神奈川県,,,横浜市,都筑区,050,神奈川,18,相模川,未確認,2010年包括区域の名称条件一致,神奈川県,要現行資料照合,2010-02-01,2026-01-01,2,https://www.e-stat.go.jp/SG1/estat/Pdfdl.do?sinfid=000012449985,2010-02-01,https://www.e-stat.go.jp/SG1/estat/Pdfdl.do?sinfid=000012449985,2026-10-03,false
14131,神奈川県,,,川崎市,川崎区,050,神奈川,18,相模川,未確認,2010年包括区域の名称条件一致,神奈川県,要現行資料照合,2010-02-01,2026-01-01,2,https://www.e-stat.go.jp/SG1/estat/Pdfdl.do?sinfid=000012449985,2010-02-01,https://www.e-stat.go.jp/SG1/estat/Pdfdl.do?sinfid=000012449985,2026-10-03,false
14132,神奈川県,,,川崎市,幸区,050,神奈川,18,相模川,未確認,2010年包括区域の名称条件一致,神奈川県,要現行資料照合,2010-02-01,2026-01-01,2,https://www.e-stat.go.jp/SG1/estat/Pdfdl.do?sinfid=000012449985,2010-02-01,https://www.e-stat.go.jp/SG1/estat/Pdfdl.do?sinfid=000012449985,2026-10-03,false
14133,神奈川県,,,川崎市,中原区,050,神奈川,18,相模川,未確認,2010年包括区域の名称条件一致,神奈川県,要現行資料照合,2010-02-01,2026-01-01,2,https://www.e-stat.go.jp/SG1/estat/Pdfdl.do?sinfid=000012449985,2010-02-01,https://www.e-stat.go.jp/SG1/estat/Pdfdl.do?sinfid=000012449985,2026-10-03,false
14134,神奈川県,,,川崎市,高津区,050,神奈川,18,相模川,未確認,2010年包括区域の名称条件一致,神奈川県,要現行資料照合,2010-02-01,2026-01-01,2,https://www.e-stat.go.jp/SG1/estat/Pdfdl.do?sinfid=000012449985,2010-02-01,https://www.e-stat.go.jp/SG1/estat/Pdfdl.do?sinfid=000012449985,2026-10-03,false
14135,神奈川県,,,川崎市,多摩区,050,神奈川,18,相模川,未確認,2010年包括区域の名称条件一致,神奈川県,要現行資料照合,2010-02-01,2026-01-01,2,https://www.e-stat.go.jp/SG1/estat/Pdfdl.do?sinfid=000012449985,2010-02-01,https://www.e-stat.go.jp/SG1/estat/Pdfdl.do?sinfid=000012449985,2026-10-03,false
14136,神奈川県,,,川崎市,宮前区,050,神奈川,18,相模川,未確認,2010年包括区域の名称条件一致,神奈川県,要現行資料照合,2010-02-01,2026-01-01,2,https://www.e-stat.go.jp/SG1/estat/Pdfdl.do?sinfid=000012449985,2010-02-01,https://www.e-stat.go.jp/SG1/estat/Pdfdl.do?sinfid=000012449985,2026-10-03,false
14137,神奈川県,,,川崎市,麻生区,050,神奈川,18,相模川,未確認,2010年包括区域の名称条件一致,神奈川県,要現行資料照合,2010-02-01,2026-01-01,2,https://www.e-stat.go.jp/SG1/estat/Pdfdl.do?sinfid=000012449985,2010-02-01,https://www.e-stat.go.jp/SG1/estat/Pdfdl.do?sinfid=000012449985,2026-10-03,false
14151,神奈川県,,,相模原市,緑区,050,神奈川,18,相模川,未確認,2010年包括区域の名称条件一致,神奈川県,要現行資料照合,2010-02-01,2026-01-01,2,https://www.e-stat.go.jp/SG1/estat/Pdfdl.do?sinfid=000012449985,2010-02-01,https://www.e-stat.go.jp/SG1/estat/Pdfdl.do?sinfid=000012449985,2026-10-03,false
14152,神奈川県,,,相模原市,中央区,050,神奈川,18,相模川,未確認,2010年包括区域の名称条件一致,神奈川県,要現行資料照合,2010-02-01,2026-01-01,2,https://www.e-stat.go.jp/SG1/estat/Pdfdl.do?sinfid=000012449985,2010-02-01,https://www.e-stat.go.jp/SG1/estat/Pdfdl.do?sinfid=000012449985,2026-10-03,false
14153,神奈川県,,,相模原市,南区,050,神奈川,18,相模川,未確認,2010年包括区域の名称条件一致,神奈川県,要現行資料照合,2010-02-01,2026-01-01,2,https://www.e-stat.go.jp/SG1/estat/Pdfdl.do?sinfid=000012449985,2010-02-01,https://www.e-stat.go.jp/SG1/estat/Pdfdl.do?sinfid=000012449985,2026-10-03,false
14201,神奈川県,,,横須賀市,,050,神奈川,18,相模川,未確認,2010年包括区域の名称条件一致,神奈川県,要現行資料照合,2010-02-01,2026-01-01,2,https://www.e-stat.go.jp/SG1/estat/Pdfdl.do?sinfid=000012449985,2010-02-01,https://www.e-stat.go.jp/SG1/estat/Pdfdl.do?sinfid=000012449985,2026-10-03,false
14203,神奈川県,,,平塚市,,050,神奈川,18,相模川,未確認,2010年包括区域の名称条件一致,神奈川県,要現行資料照合,2010-02-01,2026-01-01,2,https://www.e-stat.go.jp/SG1/estat/Pdfdl.do?sinfid=000012449985,2010-02-01,https://www.e-stat.go.jp/SG1/estat/Pdfdl.do?sinfid=000012449985,2026-10-03,false
14204,神奈川県,,,鎌倉市,,050,神奈川,18,相模川,未確認,2010年包括区域の名称条件一致,神奈川県,要現行資料照合,2010-02-01,2026-01-01,2,https://www.e-stat.go.jp/SG1/estat/Pdfdl.do?sinfid=000012449985,2010-02-01,https://www.e-stat.go.jp/SG1/estat/Pdfdl.do?sinfid=000012449985,2026-10-03,false
14205,神奈川県,,,藤沢市,,050,神奈川,18,相模川,未確認,2010年包括区域の名称条件一致,神奈川県,要現行資料照合,2010-02-01,2026-01-01,2,https://www.e-stat.go.jp/SG1/estat/Pdfdl.do?sinfid=000012449985,2010-02-01,https://www.e-stat.go.jp/SG1/estat/Pdfdl.do?sinfid=000012449985,2026-10-03,false
14206,神奈川県,,,小田原市,,050,神奈川,18,相模川,未確認,2010年包括区域の名称条件一致,神奈川県,要現行資料照合,2010-02-01,2026-01-01,2,https://www.e-stat.go.jp/SG1/estat/Pdfdl.do?sinfid=000012449985,2010-02-01,https://www.e-stat.go.jp/SG1/estat/Pdfdl.do?sinfid=000012449985,2026-10-03,false
14207,神奈川県,,,茅ヶ崎市,,050,神奈川,18,相模川,未確認,2010年包括区域の名称条件一致,神奈川県,要現行資料照合,2010-02-01,2026-01-01,2,https://www.e-stat.go.jp/SG1/estat/Pdfdl.do?sinfid=000012449985,2010-02-01,https://www.e-stat.go.jp/SG1/estat/Pdfdl.do?sinfid=000012449985,2026-10-03,false
14208,神奈川県,,,逗子市,,050,神奈川,18,相模川,未確認,2010年包括区域の名称条件一致,神奈川県,要現行資料照合,2010-02-01,2026-01-01,2,https://www.e-stat.go.jp/SG1/estat/Pdfdl.do?sinfid=000012449985,2010-02-01,https://www.e-stat.go.jp/SG1/estat/Pdfdl.do?sinfid=000012449985,2026-10-03,false
14210,神奈川県,,,三浦市,,050,神奈川,18,相模川,未確認,2010年包括区域の名称条件一致,神奈川県,要現行資料照合,2010-02-01,2026-01-01,2,https://www.e-stat.go.jp/SG1/estat/Pdfdl.do?sinfid=000012449985,2010-02-01,https://www.e-stat.go.jp/SG1/estat/Pdfdl.do?sinfid=000012449985,2026-10-03,false
14211,神奈川県,,,秦野市,,050,神奈川,18,相模川,未確認,2010年包括区域の名称条件一致,神奈川県,要現行資料照合,2010-02-01,2026-01-01,2,https://www.e-stat.go.jp/SG1/estat/Pdfdl.do?sinfid=000012449985,2010-02-01,https://www.e-stat.go.jp/SG1/estat/Pdfdl.do?sinfid=000012449985,2026-10-03,false
14212,神奈川県,,,厚木市,,050,神奈川,18,相模川,未確認,2010年包括区域の名称条件一致,神奈川県,要現行資料照合,2010-02-01,2026-01-01,2,https://www.e-stat.go.jp/SG1/estat/Pdfdl.do?sinfid=000012449985,2010-02-01,https://www.e-stat.go.jp/SG1/estat/Pdfdl.do?sinfid=000012449985,2026-10-03,false
14213,神奈川県,,,大和市,,050,神奈川,18,相模川,未確認,2010年包括区域の名称条件一致,神奈川県,要現行資料照合,2010-02-01,2026-01-01,2,https://www.e-stat.go.jp/SG1/estat/Pdfdl.do?sinfid=000012449985,2010-02-01,https://www.e-stat.go.jp/SG1/estat/Pdfdl.do?sinfid=000012449985,2026-10-03,false
14214,神奈川県,,,伊勢原市,,050,神奈川,18,相模川,未確認,2010年包括区域の名称条件一致,神奈川県,要現行資料照合,2010-02-01,2026-01-01,2,https://www.e-stat.go.jp/SG1/estat/Pdfdl.do?sinfid=000012449985,2010-02-01,https://www.e-stat.go.jp/SG1/estat/Pdfdl.do?sinfid=000012449985,2026-10-03,false
14215,神奈川県,,,海老名市,,050,神奈川,18,相模川,未確認,2010年包括区域の名称条件一致,神奈川県,要現行資料照合,2010-02-01,2026-01-01,2,https://www.e-stat.go.jp/SG1/estat/Pdfdl.do?sinfid=000012449985,2010-02-01,https://www.e-stat.go.jp/SG1/estat/Pdfdl.do?sinfid=000012449985,2026-10-03,false
14216,神奈川県,,,座間市,,050,神奈川,18,相模川,未確認,2010年包括区域の名称条件一致,神奈川県,要現行資料照合,2010-02-01,2026-01-01,2,https://www.e-stat.go.jp/SG1/estat/Pdfdl.do?sinfid=000012449985,2010-02-01,https://www.e-stat.go.jp/SG1/estat/Pdfdl.do?sinfid=000012449985,2026-10-03,false
14217,神奈川県,,,南足柄市,,050,神奈川,18,相模川,未確認,2010年包括区域の名称条件一致,神奈川県,要現行資料照合,2010-02-01,2026-01-01,2,https://www.e-stat.go.jp/SG1/estat/Pdfdl.do?sinfid=000012449985,2010-02-01,https://www.e-stat.go.jp/SG1/estat/Pdfdl.do?sinfid=000012449985,2026-10-03,false
14218,神奈川県,,,綾瀬市,,050,神奈川,18,相模川,未確認,2010年包括区域の名称条件一致,神奈川県,要現行資料照合,2010-02-01,2026-01-01,2,https://www.e-stat.go.jp/SG1/estat/Pdfdl.do?sinfid=000012449985,2010-02-01,https://www.e-stat.go.jp/SG1/estat/Pdfdl.do?sinfid=000012449985,2026-10-03,false
14301,神奈川県,,三浦郡,葉山町,,050,神奈川,18,相模川,未確認,2010年包括区域の名称条件一致,神奈川県,要現行資料照合,2010-02-01,2026-01-01,2,https://www.e-stat.go.jp/SG1/estat/Pdfdl.do?sinfid=000012449985,2010-02-01,https://www.e-stat.go.jp/SG1/estat/Pdfdl.do?sinfid=000012449985,2026-10-03,false
14321,神奈川県,,高座郡,寒川町,,050,神奈川,18,相模川,未確認,2010年包括区域の名称条件一致,神奈川県,要現行資料照合,2010-02-01,2026-01-01,2,https://www.e-stat.go.jp/SG1/estat/Pdfdl.do?sinfid=000012449985,2010-02-01,https://www.e-stat.go.jp/SG1/estat/Pdfdl.do?sinfid=000012449985,2026-10-03,false
14341,神奈川県,,中郡,大磯町,,050,神奈川,18,相模川,未確認,2010年包括区域の名称条件一致,神奈川県,要現行資料照合,2010-02-01,2026-01-01,2,https://www.e-stat.go.jp/SG1/estat/Pdfdl.do?sinfid=000012449985,2010-02-01,https://www.e-stat.go.jp/SG1/estat/Pdfdl.do?sinfid=000012449985,2026-10-03,false
14342,神奈川県,,中郡,二宮町,,050,神奈川,18,相模川,未確認,2010年包括区域の名称条件一致,神奈川県,要現行資料照合,2010-02-01,2026-01-01,2,https://www.e-stat.go.jp/SG1/estat/Pdfdl.do?sinfid=000012449985,2010-02-01,https://www.e-stat.go.jp/SG1/estat/Pdfdl.do?sinfid=000012449985,2026-10-03,false
14361,神奈川県,,足柄上郡,中井町,,050,神奈川,18,相模川,未確認,2010年包括区域の名称条件一致,神奈川県,要現行資料照合,2010-02-01,2026-01-01,2,https://www.e-stat.go.jp/SG1/estat/Pdfdl.do?sinfid=000012449985,2010-02-01,https://www.e-stat.go.jp/SG1/estat/Pdfdl.do?sinfid=000012449985,2026-10-03,false
14362,神奈川県,,足柄上郡,大井町,,050,神奈川,18,相模川,未確認,2010年包括区域の名称条件一致,神奈川県,要現行資料照合,2010-02-01,2026-01-01,2,https://www.e-stat.go.jp/SG1/estat/Pdfdl.do?sinfid=000012449985,2010-02-01,https://www.e-stat.go.jp/SG1/estat/Pdfdl.do?sinfid=000012449985,2026-10-03,false
14363,神奈川県,,足柄上郡,松田町,,050,神奈川,18,相模川,未確認,2010年包括区域の名称条件一致,神奈川県,要現行資料照合,2010-02-01,2026-01-01,2,https://www.e-stat.go.jp/SG1/estat/Pdfdl.do?sinfid=000012449985,2010-02-01,https://www.e-stat.go.jp/SG1/estat/Pdfdl.do?sinfid=000012449985,2026-10-03,false
14364,神奈川県,,足柄上郡,山北町,,050,神奈川,18,相模川,未確認,2010年包括区域の名称条件一致,神奈川県,要現行資料照合,2010-02-01,2026-01-01,2,https://www.e-stat.go.jp/SG1/estat/Pdfdl.do?sinfid=000012449985,2010-02-01,https://www.e-stat.go.jp/SG1/estat/Pdfdl.do?sinfid=000012449985,2026-10-03,false
14366,神奈川県,,足柄上郡,開成町,,050,神奈川,18,相模川,未確認,2010年包括区域の名称条件一致,神奈川県,要現行資料照合,2010-02-01,2026-01-01,2,https://www.e-stat.go.jp/SG1/estat/Pdfdl.do?sinfid=000012449985,2010-02-01,https://www.e-stat.go.jp/SG1/estat/Pdfdl.do?sinfid=000012449985,2026-10-03,false
14382,神奈川県,,足柄下郡,箱根町,,050,神奈川,18,相模川,未確認,2010年包括区域の名称条件一致,神奈川県,要現行資料照合,2010-02-01,2026-01-01,2,https://www.e-stat.go.jp/SG1/estat/Pdfdl.do?sinfid=000012449985,2010-02-01,https://www.e-stat.go.jp/SG1/estat/Pdfdl.do?sinfid=000012449985,2026-10-03,false
14383,神奈川県,,足柄下郡,真鶴町,,050,神奈川,18,相模川,未確認,2010年包括区域の名称条件一致,神奈川県,要現行資料照合,2010-02-01,2026-01-01,2,https://www.e-stat.go.jp/SG1/estat/Pdfdl.do?sinfid=000012449985,2010-02-01,https://www.e-stat.go.jp/SG1/estat/Pdfdl.do?sinfid=000012449985,2026-10-03,false
14384,神奈川県,,足柄下郡,湯河原町,,050,神奈川,18,相模川,未確認,2010年包括区域の名称条件一致,神奈川県,要現行資料照合,2010-02-01,2026-01-01,2,https://www.e-stat.go.jp/SG1/estat/Pdfdl.do?sinfid=000012449985,2010-02-01,https://www.e-stat.go.jp/SG1/estat/Pdfdl.do?sinfid=000012449985,2026-10-03,false
14401,神奈川県,,愛甲郡,愛川町,,050,神奈川,18,相模川,未確認,2010年包括区域の名称条件一致,神奈川県,要現行資料照合,2010-02-01,2026-01-01,2,https://www.e-stat.go.jp/SG1/estat/Pdfdl.do?sinfid=000012449985,2010-02-01,https://www.e-stat.go.jp/SG1/estat/Pdfdl.do?sinfid=000012449985,2026-10-03,false
14402,神奈川県,,愛甲郡,清川村,,050,神奈川,18,相模川,未確認,2010年包括区域の名称条件一致,神奈川県,要現行資料照合,2010-02-01,2026-01-01,2,https://www.e-stat.go.jp/SG1/estat/Pdfdl.do?sinfid=000012449985,2010-02-01,https://www.e-stat.go.jp/SG1/estat/Pdfdl.do?sinfid=000012449985,2026-10-03,false
15101,新潟県,,,新潟市,北区,052,中越,15,信濃川,未確認,2010年包括区域の名称条件一致,新潟市,要現行資料照合,2010-02-01,2026-01-01,2,https://www.e-stat.go.jp/SG1/estat/Pdfdl.do?sinfid=000012449985,2010-02-01,https://www.e-stat.go.jp/SG1/estat/Pdfdl.do?sinfid=000012449985,2026-10-03,false
15102,新潟県,,,新潟市,東区,052,中越,15,信濃川,未確認,2010年包括区域の名称条件一致,新潟市,要現行資料照合,2010-02-01,2026-01-01,2,https://www.e-stat.go.jp/SG1/estat/Pdfdl.do?sinfid=000012449985,2010-02-01,https://www.e-stat.go.jp/SG1/estat/Pdfdl.do?sinfid=000012449985,2026-10-03,false
15103,新潟県,,,新潟市,中央区,052,中越,15,信濃川,未確認,2010年包括区域の名称条件一致,新潟市,要現行資料照合,2010-02-01,2026-01-01,2,https://www.e-stat.go.jp/SG1/estat/Pdfdl.do?sinfid=000012449985,2010-02-01,https://www.e-stat.go.jp/SG1/estat/Pdfdl.do?sinfid=000012449985,2026-10-03,false
15104,新潟県,,,新潟市,江南区,052,中越,15,信濃川,未確認,2010年包括区域の名称条件一致,新潟市,要現行資料照合,2010-02-01,2026-01-01,2,https://www.e-stat.go.jp/SG1/estat/Pdfdl.do?sinfid=000012449985,2010-02-01,https://www.e-stat.go.jp/SG1/estat/Pdfdl.do?sinfid=000012449985,2026-10-03,false
15105,新潟県,,,新潟市,秋葉区,052,中越,15,信濃川,未確認,2010年包括区域の名称条件一致,新潟市,要現行資料照合,2010-02-01,2026-01-01,2,https://www.e-stat.go.jp/SG1/estat/Pdfdl.do?sinfid=000012449985,2010-02-01,https://www.e-stat.go.jp/SG1/estat/Pdfdl.do?sinfid=000012449985,2026-10-03,false
15106,新潟県,,,新潟市,南区,052,中越,15,信濃川,未確認,2010年包括区域の名称条件一致,新潟市,要現行資料照合,2010-02-01,2026-01-01,2,https://www.e-stat.go.jp/SG1/estat/Pdfdl.do?sinfid=000012449985,2010-02-01,https://www.e-stat.go.jp/SG1/estat/Pdfdl.do?sinfid=000012449985,2026-10-03,false
15107,新潟県,,,新潟市,西区,052,中越,15,信濃川,未確認,2010年包括区域の名称条件一致,新潟市,要現行資料照合,2010-02-01,2026-01-01,2,https://www.e-stat.go.jp/SG1/estat/Pdfdl.do?sinfid=000012449985,2010-02-01,https://www.e-stat.go.jp/SG1/estat/Pdfdl.do?sinfid=000012449985,2026-10-03,false
15108,新潟県,,,新潟市,西蒲区,052,中越,15,信濃川,未確認,2010年包括区域の名称条件一致,新潟市,要現行資料照合,2010-02-01,2026-01-01,2,https://www.e-stat.go.jp/SG1/estat/Pdfdl.do?sinfid=000012449985,2010-02-01,https://www.e-stat.go.jp/SG1/estat/Pdfdl.do?sinfid=000012449985,2026-10-03,false
15202,新潟県,,,長岡市,,052,中越,15,信濃川,未確認,2010年包括区域の名称条件一致,長岡市,要現行資料照合,2010-02-01,2026-01-01,2,https://www.e-stat.go.jp/SG1/estat/Pdfdl.do?sinfid=000012449985,2010-02-01,https://www.e-stat.go.jp/SG1/estat/Pdfdl.do?sinfid=000012449985,2026-10-03,false
15204,新潟県,,,三条市,,052,中越,15,信濃川,未確認,2010年包括区域の名称条件一致,三条市,要現行資料照合,2010-02-01,2026-01-01,2,https://www.e-stat.go.jp/SG1/estat/Pdfdl.do?sinfid=000012449985,2010-02-01,https://www.e-stat.go.jp/SG1/estat/Pdfdl.do?sinfid=000012449985,2026-10-03,false
15205,新潟県,,,柏崎市,,052,中越,15,信濃川,未確認,2010年包括区域の名称条件一致,柏崎市,要現行資料照合,2010-02-01,2026-01-01,2,https://www.e-stat.go.jp/SG1/estat/Pdfdl.do?sinfid=000012449985,2010-02-01,https://www.e-stat.go.jp/SG1/estat/Pdfdl.do?sinfid=000012449985,2026-10-03,false
15206,新潟県,,,新発田市,,051,下越,14,阿賀野川,未確認,2010年包括区域の名称条件一致,新発田市,要現行資料照合,2010-02-01,2026-01-01,1,https://www.e-stat.go.jp/SG1/estat/Pdfdl.do?sinfid=000012449985,2010-02-01,https://www.e-stat.go.jp/SG1/estat/Pdfdl.do?sinfid=000012449985,2026-10-03,false
15208,新潟県,,,小千谷市,,052,中越,15,信濃川,未確認,2010年包括区域の名称条件一致,小千谷市,要現行資料照合,2010-02-01,2026-01-01,2,https://www.e-stat.go.jp/SG1/estat/Pdfdl.do?sinfid=000012449985,2010-02-01,https://www.e-stat.go.jp/SG1/estat/Pdfdl.do?sinfid=000012449985,2026-10-03,false
15209,新潟県,,,加茂市,,052,中越,15,信濃川,未確認,2010年包括区域の名称条件一致,加茂市,要現行資料照合,2010-02-01,2026-01-01,2,https://www.e-stat.go.jp/SG1/estat/Pdfdl.do?sinfid=000012449985,2010-02-01,https://www.e-stat.go.jp/SG1/estat/Pdfdl.do?sinfid=000012449985,2026-10-03,false
15210,新潟県,,,十日町市,,052,中越,15,信濃川,未確認,2010年包括区域の名称条件一致,十日町市,要現行資料照合,2010-02-01,2026-01-01,2,https://www.e-stat.go.jp/SG1/estat/Pdfdl.do?sinfid=000012449985,2010-02-01,https://www.e-stat.go.jp/SG1/estat/Pdfdl.do?sinfid=000012449985,2026-10-03,false
15211,新潟県,,,見附市,,052,中越,15,信濃川,未確認,2010年包括区域の名称条件一致,見附市,要現行資料照合,2010-02-01,2026-01-01,2,https://www.e-stat.go.jp/SG1/estat/Pdfdl.do?sinfid=000012449985,2010-02-01,https://www.e-stat.go.jp/SG1/estat/Pdfdl.do?sinfid=000012449985,2026-10-03,false
15212,新潟県,,,村上市,,051,下越,14,阿賀野川,未確認,2010年包括区域の名称条件一致,村上市,要現行資料照合,2010-02-01,2026-01-01,1,https://www.e-stat.go.jp/SG1/estat/Pdfdl.do?sinfid=000012449985,2010-02-01,https://www.e-stat.go.jp/SG1/estat/Pdfdl.do?sinfid=000012449985,2026-10-03,false
15213,新潟県,,,燕市,,052,中越,15,信濃川,未確認,2010年包括区域の名称条件一致,燕市,要現行資料照合,2010-02-01,2026-01-01,2,https://www.e-stat.go.jp/SG1/estat/Pdfdl.do?sinfid=000012449985,2010-02-01,https://www.e-stat.go.jp/SG1/estat/Pdfdl.do?sinfid=000012449985,2026-10-03,false
15216,新潟県,,,糸魚川市,,053,上越,15,信濃川,未確認,2010年包括区域の名称条件一致,糸魚川市,要現行資料照合,2010-02-01,2026-01-01,2,https://www.e-stat.go.jp/SG1/estat/Pdfdl.do?sinfid=000012449985,2010-02-01,https://www.e-stat.go.jp/SG1/estat/Pdfdl.do?sinfid=000012449985,2026-10-03,false
15217,新潟県,,,妙高市,,053,上越,15,信濃川,未確認,2010年包括区域の名称条件一致,妙高市,要現行資料照合,2010-02-01,2026-01-01,2,https://www.e-stat.go.jp/SG1/estat/Pdfdl.do?sinfid=000012449985,2010-02-01,https://www.e-stat.go.jp/SG1/estat/Pdfdl.do?sinfid=000012449985,2026-10-03,false
15218,新潟県,,,五泉市,,051,下越,14,阿賀野川,未確認,2010年包括区域の名称条件一致,五泉市,要現行資料照合,2010-02-01,2026-01-01,1,https://www.e-stat.go.jp/SG1/estat/Pdfdl.do?sinfid=000012449985,2010-02-01,https://www.e-stat.go.jp/SG1/estat/Pdfdl.do?sinfid=000012449985,2026-10-03,false
15222,新潟県,,,上越市,,053,上越,15,信濃川,未確認,2010年包括区域の名称条件一致,上越市,要現行資料照合,2010-02-01,2026-01-01,2,https://www.e-stat.go.jp/SG1/estat/Pdfdl.do?sinfid=000012449985,2010-02-01,https://www.e-stat.go.jp/SG1/estat/Pdfdl.do?sinfid=000012449985,2026-10-03,false
15223,新潟県,,,阿賀野市,,051,下越,14,阿賀野川,未確認,2010年包括区域の名称条件一致,阿賀野市,要現行資料照合,2010-02-01,2026-01-01,1,https://www.e-stat.go.jp/SG1/estat/Pdfdl.do?sinfid=000012449985,2010-02-01,https://www.e-stat.go.jp/SG1/estat/Pdfdl.do?sinfid=000012449985,2026-10-03,false
15224,新潟県,,,佐渡市,,054,佐渡,15,信濃川,未確認,2010年包括区域の名称条件一致,佐渡市,要現行資料照合,2010-02-01,2026-01-01,2,https://www.e-stat.go.jp/SG1/estat/Pdfdl.do?sinfid=000012449985,2010-02-01,https://www.e-stat.go.jp/SG1/estat/Pdfdl.do?sinfid=000012449985,2026-10-03,false
15225,新潟県,,,魚沼市,,052,中越,15,信濃川,未確認,2010年包括区域の名称条件一致,魚沼市,要現行資料照合,2010-02-01,2026-01-01,2,https://www.e-stat.go.jp/SG1/estat/Pdfdl.do?sinfid=000012449985,2010-02-01,https://www.e-stat.go.jp/SG1/estat/Pdfdl.do?sinfid=000012449985,2026-10-03,false
15226,新潟県,,,南魚沼市,,052,中越,15,信濃川,未確認,2010年包括区域の名称条件一致,南魚沼市,要現行資料照合,2010-02-01,2026-01-01,2,https://www.e-stat.go.jp/SG1/estat/Pdfdl.do?sinfid=000012449985,2010-02-01,https://www.e-stat.go.jp/SG1/estat/Pdfdl.do?sinfid=000012449985,2026-10-03,false
15227,新潟県,,,胎内市,,051,下越,14,阿賀野川,未確認,2010年包括区域の名称条件一致,胎内市,要現行資料照合,2010-02-01,2026-01-01,1,https://www.e-stat.go.jp/SG1/estat/Pdfdl.do?sinfid=000012449985,2010-02-01,https://www.e-stat.go.jp/SG1/estat/Pdfdl.do?sinfid=000012449985,2026-10-03,false
15307,新潟県,,北蒲原郡,聖籠町,,051,下越,14,阿賀野川,未確認,2010年包括区域の名称条件一致,北蒲原郡,要現行資料照合,2010-02-01,2026-01-01,1,https://www.e-stat.go.jp/SG1/estat/Pdfdl.do?sinfid=000012449985,2010-02-01,https://www.e-stat.go.jp/SG1/estat/Pdfdl.do?sinfid=000012449985,2026-10-03,false
15342,新潟県,,西蒲原郡,弥彦村,,052,中越,15,信濃川,未確認,2010年包括区域の名称条件一致,西蒲原郡,要現行資料照合,2010-02-01,2026-01-01,2,https://www.e-stat.go.jp/SG1/estat/Pdfdl.do?sinfid=000012449985,2010-02-01,https://www.e-stat.go.jp/SG1/estat/Pdfdl.do?sinfid=000012449985,2026-10-03,false
15361,新潟県,,南蒲原郡,田上町,,052,中越,15,信濃川,未確認,2010年包括区域の名称条件一致,南蒲原郡,要現行資料照合,2010-02-01,2026-01-01,2,https://www.e-stat.go.jp/SG1/estat/Pdfdl.do?sinfid=000012449985,2010-02-01,https://www.e-stat.go.jp/SG1/estat/Pdfdl.do?sinfid=000012449985,2026-10-03,false
15385,新潟県,,東蒲原郡,阿賀町,,051,下越,14,阿賀野川,未確認,2010年包括区域の名称条件一致,東蒲原郡,要現行資料照合,2010-02-01,2026-01-01,1,https://www.e-stat.go.jp/SG1/estat/Pdfdl.do?sinfid=000012449985,2010-02-01,https://www.e-stat.go.jp/SG1/estat/Pdfdl.do?sinfid=000012449985,2026-10-03,false
15405,新潟県,,三島郡,出雲崎町,,052,中越,15,信濃川,未確認,2010年包括区域の名称条件一致,三島郡,要現行資料照合,2010-02-01,2026-01-01,2,https://www.e-stat.go.jp/SG1/estat/Pdfdl.do?sinfid=000012449985,2010-02-01,https://www.e-stat.go.jp/SG1/estat/Pdfdl.do?sinfid=000012449985,2026-10-03,false
15461,新潟県,,南魚沼郡,湯沢町,,052,中越,15,信濃川,未確認,2010年包括区域の名称条件一致,南魚沼郡,要現行資料照合,2010-02-01,2026-01-01,2,https://www.e-stat.go.jp/SG1/estat/Pdfdl.do?sinfid=000012449985,2010-02-01,https://www.e-stat.go.jp/SG1/estat/Pdfdl.do?sinfid=000012449985,2026-10-03,false
15482,新潟県,,中魚沼郡,津南町,,052,中越,15,信濃川,未確認,2010年包括区域の名称条件一致,中魚沼郡,要現行資料照合,2010-02-01,2026-01-01,2,https://www.e-stat.go.jp/SG1/estat/Pdfdl.do?sinfid=000012449985,2010-02-01,https://www.e-stat.go.jp/SG1/estat/Pdfdl.do?sinfid=000012449985,2026-10-03,false
15504,新潟県,,刈羽郡,刈羽村,,052,中越,15,信濃川,未確認,2010年包括区域の名称条件一致,刈羽郡,要現行資料照合,2010-02-01,2026-01-01,2,https://www.e-stat.go.jp/SG1/estat/Pdfdl.do?sinfid=000012449985,2010-02-01,https://www.e-stat.go.jp/SG1/estat/Pdfdl.do?sinfid=000012449985,2026-10-03,false
15581,新潟県,,岩船郡,関川村,,051,下越,14,阿賀野川,未確認,2010年包括区域の名称条件一致,岩船郡,要現行資料照合,2010-02-01,2026-01-01,1,https://www.e-stat.go.jp/SG1/estat/Pdfdl.do?sinfid=000012449985,2010-02-01,https://www.e-stat.go.jp/SG1/estat/Pdfdl.do?sinfid=000012449985,2026-10-03,false
15586,新潟県,,岩船郡,粟島浦村,,051,下越,14,阿賀野川,未確認,2010年包括区域の名称条件一致,岩船郡,要現行資料照合,2010-02-01,2026-01-01,1,https://www.e-stat.go.jp/SG1/estat/Pdfdl.do?sinfid=000012449985,2010-02-01,https://www.e-stat.go.jp/SG1/estat/Pdfdl.do?sinfid=000012449985,2026-10-03,false
16201,富山県,,,富山市,,055,神通川,21,神通・庄川,未確認,県公式の区域一覧と名称一致,富山市,所属計画区を県資料で照合・境界未確認,2024-03-13,2026-01-01,,https://www.pref.toyama.jp/1603/5jou/plan.html,2010-02-01,https://www.e-stat.go.jp/SG1/estat/Pdfdl.do?sinfid=000012449985,2026-10-03,false
16202,富山県,,,高岡市,,056,庄川,21,神通・庄川,未確認,県公式の区域一覧と名称一致,高岡市,所属計画区を県資料で照合・境界未確認,2024-03-13,2026-01-01,,https://www.pref.toyama.jp/1603/5jou/plan.html,2010-02-01,https://www.e-stat.go.jp/SG1/estat/Pdfdl.do?sinfid=000012449985,2026-10-03,false
16204,富山県,,,魚津市,,055,神通川,21,神通・庄川,未確認,県公式の区域一覧と名称一致,魚津市,所属計画区を県資料で照合・境界未確認,2024-03-13,2026-01-01,,https://www.pref.toyama.jp/1603/5jou/plan.html,2010-02-01,https://www.e-stat.go.jp/SG1/estat/Pdfdl.do?sinfid=000012449985,2026-10-03,false
16205,富山県,,,氷見市,,056,庄川,21,神通・庄川,未確認,県公式の区域一覧と名称一致,氷見市,所属計画区を県資料で照合・境界未確認,2024-03-13,2026-01-01,,https://www.pref.toyama.jp/1603/5jou/plan.html,2010-02-01,https://www.e-stat.go.jp/SG1/estat/Pdfdl.do?sinfid=000012449985,2026-10-03,false
16206,富山県,,,滑川市,,055,神通川,21,神通・庄川,未確認,県公式の区域一覧と名称一致,滑川市,所属計画区を県資料で照合・境界未確認,2024-03-13,2026-01-01,,https://www.pref.toyama.jp/1603/5jou/plan.html,2010-02-01,https://www.e-stat.go.jp/SG1/estat/Pdfdl.do?sinfid=000012449985,2026-10-03,false
16207,富山県,,,黒部市,,055,神通川,21,神通・庄川,未確認,県公式の区域一覧と名称一致,黒部市,所属計画区を県資料で照合・境界未確認,2024-03-13,2026-01-01,,https://www.pref.toyama.jp/1603/5jou/plan.html,2010-02-01,https://www.e-stat.go.jp/SG1/estat/Pdfdl.do?sinfid=000012449985,2026-10-03,false
16208,富山県,,,砺波市,,056,庄川,21,神通・庄川,未確認,県公式の区域一覧と名称一致,砺波市,所属計画区を県資料で照合・境界未確認,2024-03-13,2026-01-01,,https://www.pref.toyama.jp/1603/5jou/plan.html,2010-02-01,https://www.e-stat.go.jp/SG1/estat/Pdfdl.do?sinfid=000012449985,2026-10-03,false
16209,富山県,,,小矢部市,,056,庄川,21,神通・庄川,未確認,県公式の区域一覧と名称一致,小矢部市,所属計画区を県資料で照合・境界未確認,2024-03-13,2026-01-01,,https://www.pref.toyama.jp/1603/5jou/plan.html,2010-02-01,https://www.e-stat.go.jp/SG1/estat/Pdfdl.do?sinfid=000012449985,2026-10-03,false
16210,富山県,,,南砺市,,056,庄川,21,神通・庄川,未確認,県公式の区域一覧と名称一致,南砺市,所属計画区を県資料で照合・境界未確認,2024-03-13,2026-01-01,,https://www.pref.toyama.jp/1603/5jou/plan.html,2010-02-01,https://www.e-stat.go.jp/SG1/estat/Pdfdl.do?sinfid=000012449985,2026-10-03,false
16211,富山県,,,射水市,,056,庄川,21,神通・庄川,未確認,県公式の区域一覧と名称一致,射水市,所属計画区を県資料で照合・境界未確認,2024-03-13,2026-01-01,,https://www.pref.toyama.jp/1603/5jou/plan.html,2010-02-01,https://www.e-stat.go.jp/SG1/estat/Pdfdl.do?sinfid=000012449985,2026-10-03,false
16321,富山県,,中新川郡,舟橋村,,055,神通川,21,神通・庄川,未確認,2010年包括区域の名称条件一致,中新川郡,要現行資料照合,2010-02-01,2026-01-01,2,https://www.e-stat.go.jp/SG1/estat/Pdfdl.do?sinfid=000012449985,2010-02-01,https://www.e-stat.go.jp/SG1/estat/Pdfdl.do?sinfid=000012449985,2026-10-03,false
16322,富山県,,中新川郡,上市町,,055,神通川,21,神通・庄川,未確認,県公式の区域一覧と名称一致,上市町,所属計画区を県資料で照合・境界未確認,2024-03-13,2026-01-01,,https://www.pref.toyama.jp/1603/5jou/plan.html,2010-02-01,https://www.e-stat.go.jp/SG1/estat/Pdfdl.do?sinfid=000012449985,2026-10-03,false
16323,富山県,,中新川郡,立山町,,055,神通川,21,神通・庄川,未確認,県公式の区域一覧と名称一致,立山町,所属計画区を県資料で照合・境界未確認,2024-03-13,2026-01-01,,https://www.pref.toyama.jp/1603/5jou/plan.html,2010-02-01,https://www.e-stat.go.jp/SG1/estat/Pdfdl.do?sinfid=000012449985,2026-10-03,false
16342,富山県,,下新川郡,入善町,,055,神通川,21,神通・庄川,未確認,県公式の区域一覧と名称一致,入善町,所属計画区を県資料で照合・境界未確認,2024-03-13,2026-01-01,,https://www.pref.toyama.jp/1603/5jou/plan.html,2010-02-01,https://www.e-stat.go.jp/SG1/estat/Pdfdl.do?sinfid=000012449985,2026-10-03,false
16343,富山県,,下新川郡,朝日町,,055,神通川,21,神通・庄川,未確認,県公式の区域一覧と名称一致,朝日町,所属計画区を県資料で照合・境界未確認,2024-03-13,2026-01-01,,https://www.pref.toyama.jp/1603/5jou/plan.html,2010-02-01,https://www.e-stat.go.jp/SG1/estat/Pdfdl.do?sinfid=000012449985,2026-10-03,false
17201,石川県,,,金沢市,,058,加賀,22,九頭竜川,未確認,2010年包括区域の名称条件一致,金沢市,要現行資料照合,2010-02-01,2026-01-01,2,https://www.e-stat.go.jp/SG1/estat/Pdfdl.do?sinfid=000012449985,2010-02-01,https://www.e-stat.go.jp/SG1/estat/Pdfdl.do?sinfid=000012449985,2026-10-03,false
17202,石川県,,,七尾市,,057,能登,22,九頭竜川,未確認,2010年包括区域の名称条件一致,七尾市,要現行資料照合,2010-02-01,2026-01-01,2,https://www.e-stat.go.jp/SG1/estat/Pdfdl.do?sinfid=000012449985,2010-02-01,https://www.e-stat.go.jp/SG1/estat/Pdfdl.do?sinfid=000012449985,2026-10-03,false
17203,石川県,,,小松市,,058,加賀,22,九頭竜川,未確認,2010年包括区域の名称条件一致,小松市,要現行資料照合,2010-02-01,2026-01-01,2,https://www.e-stat.go.jp/SG1/estat/Pdfdl.do?sinfid=000012449985,2010-02-01,https://www.e-stat.go.jp/SG1/estat/Pdfdl.do?sinfid=000012449985,2026-10-03,false
17204,石川県,,,輪島市,,057,能登,22,九頭竜川,未確認,2010年包括区域の名称条件一致,輪島市,要現行資料照合,2010-02-01,2026-01-01,2,https://www.e-stat.go.jp/SG1/estat/Pdfdl.do?sinfid=000012449985,2010-02-01,https://www.e-stat.go.jp/SG1/estat/Pdfdl.do?sinfid=000012449985,2026-10-03,false
17205,石川県,,,珠洲市,,057,能登,22,九頭竜川,未確認,2010年包括区域の名称条件一致,珠洲市,要現行資料照合,2010-02-01,2026-01-01,2,https://www.e-stat.go.jp/SG1/estat/Pdfdl.do?sinfid=000012449985,2010-02-01,https://www.e-stat.go.jp/SG1/estat/Pdfdl.do?sinfid=000012449985,2026-10-03,false
17206,石川県,,,加賀市,,058,加賀,22,九頭竜川,未確認,2010年包括区域の名称条件一致,加賀市,要現行資料照合,2010-02-01,2026-01-01,2,https://www.e-stat.go.jp/SG1/estat/Pdfdl.do?sinfid=000012449985,2010-02-01,https://www.e-stat.go.jp/SG1/estat/Pdfdl.do?sinfid=000012449985,2026-10-03,false
17207,石川県,,,羽咋市,,057,能登,22,九頭竜川,未確認,2010年包括区域の名称条件一致,羽咋市,要現行資料照合,2010-02-01,2026-01-01,2,https://www.e-stat.go.jp/SG1/estat/Pdfdl.do?sinfid=000012449985,2010-02-01,https://www.e-stat.go.jp/SG1/estat/Pdfdl.do?sinfid=000012449985,2026-10-03,false
17209,石川県,,,かほく市,,057,能登,22,九頭竜川,未確認,2010年包括区域の名称条件一致,かほく市,要現行資料照合,2010-02-01,2026-01-01,2,https://www.e-stat.go.jp/SG1/estat/Pdfdl.do?sinfid=000012449985,2010-02-01,https://www.e-stat.go.jp/SG1/estat/Pdfdl.do?sinfid=000012449985,2026-10-03,false
17210,石川県,,,白山市,,058,加賀,22,九頭竜川,未確認,2010年包括区域の名称条件一致,白山市,要現行資料照合,2010-02-01,2026-01-01,2,https://www.e-stat.go.jp/SG1/estat/Pdfdl.do?sinfid=000012449985,2010-02-01,https://www.e-stat.go.jp/SG1/estat/Pdfdl.do?sinfid=000012449985,2026-10-03,false
17211,石川県,,,能美市,,058,加賀,22,九頭竜川,未確認,2010年包括区域の名称条件一致,能美市,要現行資料照合,2010-02-01,2026-01-01,2,https://www.e-stat.go.jp/SG1/estat/Pdfdl.do?sinfid=000012449985,2010-02-01,https://www.e-stat.go.jp/SG1/estat/Pdfdl.do?sinfid=000012449985,2026-10-03,false
17212,石川県,,,野々市市,,,,,,未確認,名称一致なし,,未対応・要調査,2010-02-01,2026-01-01,,https://www.e-stat.go.jp/SG1/estat/Pdfdl.do?sinfid=000012449985,2010-02-01,https://www.e-stat.go.jp/SG1/estat/Pdfdl.do?sinfid=000012449985,2026-10-03,false
17324,石川県,,能美郡,川北町,,058,加賀,22,九頭竜川,未確認,2010年包括区域の名称条件一致,能美郡,要現行資料照合,2010-02-01,2026-01-01,2,https://www.e-stat.go.jp/SG1/estat/Pdfdl.do?sinfid=000012449985,2010-02-01,https://www.e-stat.go.jp/SG1/estat/Pdfdl.do?sinfid=000012449985,2026-10-03,false
17361,石川県,,河北郡,津幡町,,057,能登,22,九頭竜川,未確認,2010年包括区域の名称条件一致,河北郡,要現行資料照合,2010-02-01,2026-01-01,2,https://www.e-stat.go.jp/SG1/estat/Pdfdl.do?sinfid=000012449985,2010-02-01,https://www.e-stat.go.jp/SG1/estat/Pdfdl.do?sinfid=000012449985,2026-10-03,false
17365,石川県,,河北郡,内灘町,,057,能登,22,九頭竜川,未確認,2010年包括区域の名称条件一致,河北郡,要現行資料照合,2010-02-01,2026-01-01,2,https://www.e-stat.go.jp/SG1/estat/Pdfdl.do?sinfid=000012449985,2010-02-01,https://www.e-stat.go.jp/SG1/estat/Pdfdl.do?sinfid=000012449985,2026-10-03,false
17384,石川県,,羽咋郡,志賀町,,057,能登,22,九頭竜川,未確認,2010年包括区域の名称条件一致,羽咋郡,要現行資料照合,2010-02-01,2026-01-01,2,https://www.e-stat.go.jp/SG1/estat/Pdfdl.do?sinfid=000012449985,2010-02-01,https://www.e-stat.go.jp/SG1/estat/Pdfdl.do?sinfid=000012449985,2026-10-03,false
17386,石川県,,羽咋郡,宝達志水町,,057,能登,22,九頭竜川,未確認,2010年包括区域の名称条件一致,羽咋郡,要現行資料照合,2010-02-01,2026-01-01,2,https://www.e-stat.go.jp/SG1/estat/Pdfdl.do?sinfid=000012449985,2010-02-01,https://www.e-stat.go.jp/SG1/estat/Pdfdl.do?sinfid=000012449985,2026-10-03,false
17407,石川県,,鹿島郡,中能登町,,057,能登,22,九頭竜川,未確認,2010年包括区域の名称条件一致,鹿島郡,要現行資料照合,2010-02-01,2026-01-01,2,https://www.e-stat.go.jp/SG1/estat/Pdfdl.do?sinfid=000012449985,2010-02-01,https://www.e-stat.go.jp/SG1/estat/Pdfdl.do?sinfid=000012449985,2026-10-03,false
17461,石川県,,鳳珠郡,穴水町,,,,,,未確認,名称一致なし,,未対応・要調査,2010-02-01,2026-01-01,,https://www.e-stat.go.jp/SG1/estat/Pdfdl.do?sinfid=000012449985,2010-02-01,https://www.e-stat.go.jp/SG1/estat/Pdfdl.do?sinfid=000012449985,2026-10-03,false
17463,石川県,,鳳珠郡,能登町,,,,,,未確認,名称一致なし,,未対応・要調査,2010-02-01,2026-01-01,,https://www.e-stat.go.jp/SG1/estat/Pdfdl.do?sinfid=000012449985,2010-02-01,https://www.e-stat.go.jp/SG1/estat/Pdfdl.do?sinfid=000012449985,2026-10-03,false
18201,福井県,,,福井市,,059,越前,22,九頭竜川,未確認,2010年包括区域の名称条件一致,福井市,要現行資料照合,2010-02-01,2026-01-01,2,https://www.e-stat.go.jp/SG1/estat/Pdfdl.do?sinfid=000012449985,2010-02-01,https://www.e-stat.go.jp/SG1/estat/Pdfdl.do?sinfid=000012449985,2026-10-03,false
18202,福井県,,,敦賀市,,060,若狭,24,由良川,未確認,2010年包括区域の名称条件一致,敦賀市,要現行資料照合,2010-02-01,2026-01-01,3,https://www.e-stat.go.jp/SG1/estat/Pdfdl.do?sinfid=000012449985,2010-02-01,https://www.e-stat.go.jp/SG1/estat/Pdfdl.do?sinfid=000012449985,2026-10-03,false
18204,福井県,,,小浜市,,060,若狭,24,由良川,未確認,2010年包括区域の名称条件一致,小浜市,要現行資料照合,2010-02-01,2026-01-01,3,https://www.e-stat.go.jp/SG1/estat/Pdfdl.do?sinfid=000012449985,2010-02-01,https://www.e-stat.go.jp/SG1/estat/Pdfdl.do?sinfid=000012449985,2026-10-03,false
18205,福井県,,,大野市,,059,越前,22,九頭竜川,未確認,2010年包括区域の名称条件一致,大野市,要現行資料照合,2010-02-01,2026-01-01,2,https://www.e-stat.go.jp/SG1/estat/Pdfdl.do?sinfid=000012449985,2010-02-01,https://www.e-stat.go.jp/SG1/estat/Pdfdl.do?sinfid=000012449985,2026-10-03,false
18206,福井県,,,勝山市,,059,越前,22,九頭竜川,未確認,2010年包括区域の名称条件一致,勝山市,要現行資料照合,2010-02-01,2026-01-01,2,https://www.e-stat.go.jp/SG1/estat/Pdfdl.do?sinfid=000012449985,2010-02-01,https://www.e-stat.go.jp/SG1/estat/Pdfdl.do?sinfid=000012449985,2026-10-03,false
18207,福井県,,,鯖江市,,059,越前,22,九頭竜川,未確認,2010年包括区域の名称条件一致,鯖江市,要現行資料照合,2010-02-01,2026-01-01,2,https://www.e-stat.go.jp/SG1/estat/Pdfdl.do?sinfid=000012449985,2010-02-01,https://www.e-stat.go.jp/SG1/estat/Pdfdl.do?sinfid=000012449985,2026-10-03,false
18208,福井県,,,あわら市,,059,越前,22,九頭竜川,未確認,2010年包括区域の名称条件一致,あわら市,要現行資料照合,2010-02-01,2026-01-01,2,https://www.e-stat.go.jp/SG1/estat/Pdfdl.do?sinfid=000012449985,2010-02-01,https://www.e-stat.go.jp/SG1/estat/Pdfdl.do?sinfid=000012449985,2026-10-03,false
18209,福井県,,,越前市,,059,越前,22,九頭竜川,未確認,2010年包括区域の名称条件一致,越前市,要現行資料照合,2010-02-01,2026-01-01,2,https://www.e-stat.go.jp/SG1/estat/Pdfdl.do?sinfid=000012449985,2010-02-01,https://www.e-stat.go.jp/SG1/estat/Pdfdl.do?sinfid=000012449985,2026-10-03,false
18210,福井県,,,坂井市,,059,越前,22,九頭竜川,未確認,2010年包括区域の名称条件一致,坂井市,要現行資料照合,2010-02-01,2026-01-01,2,https://www.e-stat.go.jp/SG1/estat/Pdfdl.do?sinfid=000012449985,2010-02-01,https://www.e-stat.go.jp/SG1/estat/Pdfdl.do?sinfid=000012449985,2026-10-03,false
18322,福井県,,吉田郡,永平寺町,,059,越前,22,九頭竜川,未確認,2010年包括区域の名称条件一致,吉田郡,要現行資料照合,2010-02-01,2026-01-01,2,https://www.e-stat.go.jp/SG1/estat/Pdfdl.do?sinfid=000012449985,2010-02-01,https://www.e-stat.go.jp/SG1/estat/Pdfdl.do?sinfid=000012449985,2026-10-03,false
18382,福井県,,今立郡,池田町,,059,越前,22,九頭竜川,未確認,2010年包括区域の名称条件一致,今立郡,要現行資料照合,2010-02-01,2026-01-01,2,https://www.e-stat.go.jp/SG1/estat/Pdfdl.do?sinfid=000012449985,2010-02-01,https://www.e-stat.go.jp/SG1/estat/Pdfdl.do?sinfid=000012449985,2026-10-03,false
18404,福井県,,南条郡,南越前町,,059,越前,22,九頭竜川,未確認,2010年包括区域の名称条件一致,南条郡,要現行資料照合,2010-02-01,2026-01-01,2,https://www.e-stat.go.jp/SG1/estat/Pdfdl.do?sinfid=000012449985,2010-02-01,https://www.e-stat.go.jp/SG1/estat/Pdfdl.do?sinfid=000012449985,2026-10-03,false
18423,福井県,,丹生郡,越前町,,059,越前,22,九頭竜川,未確認,2010年包括区域の名称条件一致,丹生郡,要現行資料照合,2010-02-01,2026-01-01,2,https://www.e-stat.go.jp/SG1/estat/Pdfdl.do?sinfid=000012449985,2010-02-01,https://www.e-stat.go.jp/SG1/estat/Pdfdl.do?sinfid=000012449985,2026-10-03,false
18442,福井県,,三方郡,美浜町,,060,若狭,24,由良川,未確認,2010年包括区域の名称条件一致,三方郡,要現行資料照合,2010-02-01,2026-01-01,3,https://www.e-stat.go.jp/SG1/estat/Pdfdl.do?sinfid=000012449985,2010-02-01,https://www.e-stat.go.jp/SG1/estat/Pdfdl.do?sinfid=000012449985,2026-10-03,false
18481,福井県,,大飯郡,高浜町,,060,若狭,24,由良川,未確認,2010年包括区域の名称条件一致,大飯郡,要現行資料照合,2010-02-01,2026-01-01,3,https://www.e-stat.go.jp/SG1/estat/Pdfdl.do?sinfid=000012449985,2010-02-01,https://www.e-stat.go.jp/SG1/estat/Pdfdl.do?sinfid=000012449985,2026-10-03,false
18483,福井県,,大飯郡,おおい町,,060,若狭,24,由良川,未確認,2010年包括区域の名称条件一致,大飯郡,要現行資料照合,2010-02-01,2026-01-01,3,https://www.e-stat.go.jp/SG1/estat/Pdfdl.do?sinfid=000012449985,2010-02-01,https://www.e-stat.go.jp/SG1/estat/Pdfdl.do?sinfid=000012449985,2026-10-03,false
18501,福井県,,三方上中郡,若狭町,,060,若狭,24,由良川,未確認,2010年包括区域の名称条件一致,三方上中郡,要現行資料照合,2010-02-01,2026-01-01,3,https://www.e-stat.go.jp/SG1/estat/Pdfdl.do?sinfid=000012449985,2010-02-01,https://www.e-stat.go.jp/SG1/estat/Pdfdl.do?sinfid=000012449985,2026-10-03,false
19201,山梨県,,,甲府市,,062,富士川上流,19,富士川,未確認,2010年包括区域の名称条件一致,甲府市,要現行資料照合,2010-02-01,2026-01-01,2,https://www.e-stat.go.jp/SG1/estat/Pdfdl.do?sinfid=000012449985,2010-02-01,https://www.e-stat.go.jp/SG1/estat/Pdfdl.do?sinfid=000012449985,2026-10-03,false
19202,山梨県,,,富士吉田市,,061,山梨東部,18,相模川,未確認,2010年包括区域の名称条件一致,富士吉田市,要現行資料照合,2010-02-01,2026-01-01,2,https://www.e-stat.go.jp/SG1/estat/Pdfdl.do?sinfid=000012449985,2010-02-01,https://www.e-stat.go.jp/SG1/estat/Pdfdl.do?sinfid=000012449985,2026-10-03,false
19204,山梨県,,,都留市,,061,山梨東部,18,相模川,未確認,2010年包括区域の名称条件一致,都留市,要現行資料照合,2010-02-01,2026-01-01,2,https://www.e-stat.go.jp/SG1/estat/Pdfdl.do?sinfid=000012449985,2010-02-01,https://www.e-stat.go.jp/SG1/estat/Pdfdl.do?sinfid=000012449985,2026-10-03,false
19205,山梨県,,,山梨市,,062,富士川上流,19,富士川,未確認,2010年包括区域の名称条件一致,山梨市,要現行資料照合,2010-02-01,2026-01-01,2,https://www.e-stat.go.jp/SG1/estat/Pdfdl.do?sinfid=000012449985,2010-02-01,https://www.e-stat.go.jp/SG1/estat/Pdfdl.do?sinfid=000012449985,2026-10-03,false
19206,山梨県,,,大月市,,061,山梨東部,18,相模川,未確認,2010年包括区域の名称条件一致,大月市,要現行資料照合,2010-02-01,2026-01-01,2,https://www.e-stat.go.jp/SG1/estat/Pdfdl.do?sinfid=000012449985,2010-02-01,https://www.e-stat.go.jp/SG1/estat/Pdfdl.do?sinfid=000012449985,2026-10-03,false
19207,山梨県,,,韮崎市,,062,富士川上流,19,富士川,未確認,2010年包括区域の名称条件一致,韮崎市,要現行資料照合,2010-02-01,2026-01-01,2,https://www.e-stat.go.jp/SG1/estat/Pdfdl.do?sinfid=000012449985,2010-02-01,https://www.e-stat.go.jp/SG1/estat/Pdfdl.do?sinfid=000012449985,2026-10-03,false
19208,山梨県,,,南アルプス市,,062,富士川上流,19,富士川,未確認,2010年包括区域の名称条件一致,南アルプス市,要現行資料照合,2010-02-01,2026-01-01,2,https://www.e-stat.go.jp/SG1/estat/Pdfdl.do?sinfid=000012449985,2010-02-01,https://www.e-stat.go.jp/SG1/estat/Pdfdl.do?sinfid=000012449985,2026-10-03,false
19209,山梨県,,,北杜市,,062,富士川上流,19,富士川,未確認,2010年包括区域の名称条件一致,北杜市,要現行資料照合,2010-02-01,2026-01-01,2,https://www.e-stat.go.jp/SG1/estat/Pdfdl.do?sinfid=000012449985,2010-02-01,https://www.e-stat.go.jp/SG1/estat/Pdfdl.do?sinfid=000012449985,2026-10-03,false
19210,山梨県,,,甲斐市,,062,富士川上流,19,富士川,未確認,2010年包括区域の名称条件一致,甲斐市,要現行資料照合,2010-02-01,2026-01-01,2,https://www.e-stat.go.jp/SG1/estat/Pdfdl.do?sinfid=000012449985,2010-02-01,https://www.e-stat.go.jp/SG1/estat/Pdfdl.do?sinfid=000012449985,2026-10-03,false
19211,山梨県,,,笛吹市,,062,富士川上流,19,富士川,未確認,2010年包括区域の名称条件一致,笛吹市,要現行資料照合,2010-02-01,2026-01-01,2,https://www.e-stat.go.jp/SG1/estat/Pdfdl.do?sinfid=000012449985,2010-02-01,https://www.e-stat.go.jp/SG1/estat/Pdfdl.do?sinfid=000012449985,2026-10-03,false
19212,山梨県,,,上野原市,,061,山梨東部,18,相模川,未確認,2010年包括区域の名称条件一致,上野原市,要現行資料照合,2010-02-01,2026-01-01,2,https://www.e-stat.go.jp/SG1/estat/Pdfdl.do?sinfid=000012449985,2010-02-01,https://www.e-stat.go.jp/SG1/estat/Pdfdl.do?sinfid=000012449985,2026-10-03,false
19213,山梨県,,,甲州市,,062,富士川上流,19,富士川,未確認,2010年包括区域の名称条件一致,甲州市,要現行資料照合,2010-02-01,2026-01-01,2,https://www.e-stat.go.jp/SG1/estat/Pdfdl.do?sinfid=000012449985,2010-02-01,https://www.e-stat.go.jp/SG1/estat/Pdfdl.do?sinfid=000012449985,2026-10-03,false
19214,山梨県,,,中央市,,062,富士川上流,19,富士川,未確認,2010年包括区域の名称条件一致,中央市,要現行資料照合,2010-02-01,2026-01-01,2,https://www.e-stat.go.jp/SG1/estat/Pdfdl.do?sinfid=000012449985,2010-02-01,https://www.e-stat.go.jp/SG1/estat/Pdfdl.do?sinfid=000012449985,2026-10-03,false
19346,山梨県,,西八代郡,市川三郷町,,063,富士川中流,19,富士川,未確認,2010年包括区域の名称条件一致,西八代郡,要現行資料照合,2010-02-01,2026-01-01,2,https://www.e-stat.go.jp/SG1/estat/Pdfdl.do?sinfid=000012449985,2010-02-01,https://www.e-stat.go.jp/SG1/estat/Pdfdl.do?sinfid=000012449985,2026-10-03,false
19364,山梨県,,南巨摩郡,早川町,,063,富士川中流,19,富士川,未確認,2010年包括区域の名称条件一致,南巨摩郡,要現行資料照合,2010-02-01,2026-01-01,2,https://www.e-stat.go.jp/SG1/estat/Pdfdl.do?sinfid=000012449985,2010-02-01,https://www.e-stat.go.jp/SG1/estat/Pdfdl.do?sinfid=000012449985,2026-10-03,false
19365,山梨県,,南巨摩郡,身延町,,063,富士川中流,19,富士川,未確認,2010年包括区域の名称条件一致,南巨摩郡,要現行資料照合,2010-02-01,2026-01-01,2,https://www.e-stat.go.jp/SG1/estat/Pdfdl.do?sinfid=000012449985,2010-02-01,https://www.e-stat.go.jp/SG1/estat/Pdfdl.do?sinfid=000012449985,2026-10-03,false
19366,山梨県,,南巨摩郡,南部町,,063,富士川中流,19,富士川,未確認,2010年包括区域の名称条件一致,南巨摩郡,要現行資料照合,2010-02-01,2026-01-01,2,https://www.e-stat.go.jp/SG1/estat/Pdfdl.do?sinfid=000012449985,2010-02-01,https://www.e-stat.go.jp/SG1/estat/Pdfdl.do?sinfid=000012449985,2026-10-03,false
19368,山梨県,,南巨摩郡,富士川町,,063,富士川中流,19,富士川,未確認,2010年包括区域の名称条件一致,南巨摩郡,要現行資料照合,2010-02-01,2026-01-01,2,https://www.e-stat.go.jp/SG1/estat/Pdfdl.do?sinfid=000012449985,2010-02-01,https://www.e-stat.go.jp/SG1/estat/Pdfdl.do?sinfid=000012449985,2026-10-03,false
19384,山梨県,,中巨摩郡,昭和町,,062,富士川上流,19,富士川,未確認,2010年包括区域の名称条件一致,中巨摩郡,要現行資料照合,2010-02-01,2026-01-01,2,https://www.e-stat.go.jp/SG1/estat/Pdfdl.do?sinfid=000012449985,2010-02-01,https://www.e-stat.go.jp/SG1/estat/Pdfdl.do?sinfid=000012449985,2026-10-03,false
19422,山梨県,,南都留郡,道志村,,061,山梨東部,18,相模川,未確認,2010年包括区域の名称条件一致,南都留郡,要現行資料照合,2010-02-01,2026-01-01,2,https://www.e-stat.go.jp/SG1/estat/Pdfdl.do?sinfid=000012449985,2010-02-01,https://www.e-stat.go.jp/SG1/estat/Pdfdl.do?sinfid=000012449985,2026-10-03,false
19423,山梨県,,南都留郡,西桂町,,061,山梨東部,18,相模川,未確認,2010年包括区域の名称条件一致,南都留郡,要現行資料照合,2010-02-01,2026-01-01,2,https://www.e-stat.go.jp/SG1/estat/Pdfdl.do?sinfid=000012449985,2010-02-01,https://www.e-stat.go.jp/SG1/estat/Pdfdl.do?sinfid=000012449985,2026-10-03,false
19424,山梨県,,南都留郡,忍野村,,061,山梨東部,18,相模川,未確認,2010年包括区域の名称条件一致,南都留郡,要現行資料照合,2010-02-01,2026-01-01,2,https://www.e-stat.go.jp/SG1/estat/Pdfdl.do?sinfid=000012449985,2010-02-01,https://www.e-stat.go.jp/SG1/estat/Pdfdl.do?sinfid=000012449985,2026-10-03,false
19425,山梨県,,南都留郡,山中湖村,,061,山梨東部,18,相模川,未確認,2010年包括区域の名称条件一致,南都留郡,要現行資料照合,2010-02-01,2026-01-01,2,https://www.e-stat.go.jp/SG1/estat/Pdfdl.do?sinfid=000012449985,2010-02-01,https://www.e-stat.go.jp/SG1/estat/Pdfdl.do?sinfid=000012449985,2026-10-03,false
19429,山梨県,,南都留郡,鳴沢村,,061,山梨東部,18,相模川,未確認,2010年包括区域の名称条件一致,南都留郡,要現行資料照合,2010-02-01,2026-01-01,2,https://www.e-stat.go.jp/SG1/estat/Pdfdl.do?sinfid=000012449985,2010-02-01,https://www.e-stat.go.jp/SG1/estat/Pdfdl.do?sinfid=000012449985,2026-10-03,false
19430,山梨県,,南都留郡,富士河口湖町,,061,山梨東部,18,相模川,未確認,2010年包括区域の名称条件一致,南都留郡,要現行資料照合,2010-02-01,2026-01-01,2,https://www.e-stat.go.jp/SG1/estat/Pdfdl.do?sinfid=000012449985,2010-02-01,https://www.e-stat.go.jp/SG1/estat/Pdfdl.do?sinfid=000012449985,2026-10-03,false
19442,山梨県,,北都留郡,小菅村,,061,山梨東部,18,相模川,未確認,2010年包括区域の名称条件一致,北都留郡,要現行資料照合,2010-02-01,2026-01-01,2,https://www.e-stat.go.jp/SG1/estat/Pdfdl.do?sinfid=000012449985,2010-02-01,https://www.e-stat.go.jp/SG1/estat/Pdfdl.do?sinfid=000012449985,2026-10-03,false
19443,山梨県,,北都留郡,丹波山村,,061,山梨東部,18,相模川,未確認,2010年包括区域の名称条件一致,北都留郡,要現行資料照合,2010-02-01,2026-01-01,2,https://www.e-stat.go.jp/SG1/estat/Pdfdl.do?sinfid=000012449985,2010-02-01,https://www.e-stat.go.jp/SG1/estat/Pdfdl.do?sinfid=000012449985,2026-10-03,false
20201,長野県,,,長野市,,064,千曲川下流,15,信濃川,未確認,2010年包括区域の名称条件一致,長野市,要現行資料照合,2010-02-01,2026-01-01,2,https://www.e-stat.go.jp/SG1/estat/Pdfdl.do?sinfid=000012449985,2010-02-01,https://www.e-stat.go.jp/SG1/estat/Pdfdl.do?sinfid=000012449985,2026-10-03,false
20202,長野県,,,松本市,,065,中部山岳,15,信濃川,未確認,2010年包括区域の名称条件一致,松本市,要現行資料照合,2010-02-01,2026-01-01,2,https://www.e-stat.go.jp/SG1/estat/Pdfdl.do?sinfid=000012449985,2010-02-01,https://www.e-stat.go.jp/SG1/estat/Pdfdl.do?sinfid=000012449985,2026-10-03,false
20203,長野県,,,上田市,,066,千曲川上流,15,信濃川,未確認,2010年包括区域の名称条件一致,上田市,要現行資料照合,2010-02-01,2026-01-01,2,https://www.e-stat.go.jp/SG1/estat/Pdfdl.do?sinfid=000012449985,2010-02-01,https://www.e-stat.go.jp/SG1/estat/Pdfdl.do?sinfid=000012449985,2026-10-03,false
20204,長野県,,,岡谷市,,067,伊那谷,20,天竜川,未確認,2010年包括区域の名称条件一致,岡谷市,要現行資料照合,2010-02-01,2026-01-01,2,https://www.e-stat.go.jp/SG1/estat/Pdfdl.do?sinfid=000012449985,2010-02-01,https://www.e-stat.go.jp/SG1/estat/Pdfdl.do?sinfid=000012449985,2026-10-03,false
20205,長野県,,,飯田市,,067,伊那谷,20,天竜川,未確認,2010年包括区域の名称条件一致,飯田市,要現行資料照合,2010-02-01,2026-01-01,2,https://www.e-stat.go.jp/SG1/estat/Pdfdl.do?sinfid=000012449985,2010-02-01,https://www.e-stat.go.jp/SG1/estat/Pdfdl.do?sinfid=000012449985,2026-10-03,false
20206,長野県,,,諏訪市,,067,伊那谷,20,天竜川,未確認,2010年包括区域の名称条件一致,諏訪市,要現行資料照合,2010-02-01,2026-01-01,2,https://www.e-stat.go.jp/SG1/estat/Pdfdl.do?sinfid=000012449985,2010-02-01,https://www.e-stat.go.jp/SG1/estat/Pdfdl.do?sinfid=000012449985,2026-10-03,false
20207,長野県,,,須坂市,,064,千曲川下流,15,信濃川,未確認,2010年包括区域の名称条件一致,須坂市,要現行資料照合,2010-02-01,2026-01-01,2,https://www.e-stat.go.jp/SG1/estat/Pdfdl.do?sinfid=000012449985,2010-02-01,https://www.e-stat.go.jp/SG1/estat/Pdfdl.do?sinfid=000012449985,2026-10-03,false
20208,長野県,,,小諸市,,066,千曲川上流,15,信濃川,未確認,2010年包括区域の名称条件一致,小諸市,要現行資料照合,2010-02-01,2026-01-01,2,https://www.e-stat.go.jp/SG1/estat/Pdfdl.do?sinfid=000012449985,2010-02-01,https://www.e-stat.go.jp/SG1/estat/Pdfdl.do?sinfid=000012449985,2026-10-03,false
20209,長野県,,,伊那市,,067,伊那谷,20,天竜川,未確認,2010年包括区域の名称条件一致,伊那市,要現行資料照合,2010-02-01,2026-01-01,2,https://www.e-stat.go.jp/SG1/estat/Pdfdl.do?sinfid=000012449985,2010-02-01,https://www.e-stat.go.jp/SG1/estat/Pdfdl.do?sinfid=000012449985,2026-10-03,false
20210,長野県,,,駒ヶ根市,,067,伊那谷,20,天竜川,未確認,2010年包括区域の名称条件一致,駒ヶ根市,要現行資料照合,2010-02-01,2026-01-01,2,https://www.e-stat.go.jp/SG1/estat/Pdfdl.do?sinfid=000012449985,2010-02-01,https://www.e-stat.go.jp/SG1/estat/Pdfdl.do?sinfid=000012449985,2026-10-03,false
20211,長野県,,,中野市,,064,千曲川下流,15,信濃川,未確認,2010年包括区域の名称条件一致,中野市,要現行資料照合,2010-02-01,2026-01-01,2,https://www.e-stat.go.jp/SG1/estat/Pdfdl.do?sinfid=000012449985,2010-02-01,https://www.e-stat.go.jp/SG1/estat/Pdfdl.do?sinfid=000012449985,2026-10-03,false
20212,長野県,,,大町市,,065,中部山岳,15,信濃川,未確認,2010年包括区域の名称条件一致,大町市,要現行資料照合,2010-02-01,2026-01-01,2,https://www.e-stat.go.jp/SG1/estat/Pdfdl.do?sinfid=000012449985,2010-02-01,https://www.e-stat.go.jp/SG1/estat/Pdfdl.do?sinfid=000012449985,2026-10-03,false
20213,長野県,,,飯山市,,064,千曲川下流,15,信濃川,未確認,2010年包括区域の名称条件一致,飯山市,要現行資料照合,2010-02-01,2026-01-01,2,https://www.e-stat.go.jp/SG1/estat/Pdfdl.do?sinfid=000012449985,2010-02-01,https://www.e-stat.go.jp/SG1/estat/Pdfdl.do?sinfid=000012449985,2026-10-03,false
20214,長野県,,,茅野市,,067,伊那谷,20,天竜川,未確認,2010年包括区域の名称条件一致,茅野市,要現行資料照合,2010-02-01,2026-01-01,2,https://www.e-stat.go.jp/SG1/estat/Pdfdl.do?sinfid=000012449985,2010-02-01,https://www.e-stat.go.jp/SG1/estat/Pdfdl.do?sinfid=000012449985,2026-10-03,false
20215,長野県,,,塩尻市,,065,中部山岳,15,信濃川,未確認,2010年包括区域の名称条件一致,塩尻市,要現行資料照合,2010-02-01,2026-01-01,2,https://www.e-stat.go.jp/SG1/estat/Pdfdl.do?sinfid=000012449985,2010-02-01,https://www.e-stat.go.jp/SG1/estat/Pdfdl.do?sinfid=000012449985,2026-10-03,false
20217,長野県,,,佐久市,,066,千曲川上流,15,信濃川,未確認,2010年包括区域の名称条件一致,佐久市,要現行資料照合,2010-02-01,2026-01-01,2,https://www.e-stat.go.jp/SG1/estat/Pdfdl.do?sinfid=000012449985,2010-02-01,https://www.e-stat.go.jp/SG1/estat/Pdfdl.do?sinfid=000012449985,2026-10-03,false
20218,長野県,,,千曲市,,064,千曲川下流,15,信濃川,未確認,2010年包括区域の名称条件一致,千曲市,要現行資料照合,2010-02-01,2026-01-01,2,https://www.e-stat.go.jp/SG1/estat/Pdfdl.do?sinfid=000012449985,2010-02-01,https://www.e-stat.go.jp/SG1/estat/Pdfdl.do?sinfid=000012449985,2026-10-03,false
20219,長野県,,,東御市,,066,千曲川上流,15,信濃川,未確認,2010年包括区域の名称条件一致,東御市,要現行資料照合,2010-02-01,2026-01-01,2,https://www.e-stat.go.jp/SG1/estat/Pdfdl.do?sinfid=000012449985,2010-02-01,https://www.e-stat.go.jp/SG1/estat/Pdfdl.do?sinfid=000012449985,2026-10-03,false
20220,長野県,,,安曇野市,,065,中部山岳,15,信濃川,未確認,2010年包括区域の名称条件一致,安曇野市,要現行資料照合,2010-02-01,2026-01-01,2,https://www.e-stat.go.jp/SG1/estat/Pdfdl.do?sinfid=000012449985,2010-02-01,https://www.e-stat.go.jp/SG1/estat/Pdfdl.do?sinfid=000012449985,2026-10-03,false
20303,長野県,,南佐久郡,小海町,,066,千曲川上流,15,信濃川,未確認,2010年包括区域の名称条件一致,南佐久郡,要現行資料照合,2010-02-01,2026-01-01,2,https://www.e-stat.go.jp/SG1/estat/Pdfdl.do?sinfid=000012449985,2010-02-01,https://www.e-stat.go.jp/SG1/estat/Pdfdl.do?sinfid=000012449985,2026-10-03,false
20304,長野県,,南佐久郡,川上村,,066,千曲川上流,15,信濃川,未確認,2010年包括区域の名称条件一致,南佐久郡,要現行資料照合,2010-02-01,2026-01-01,2,https://www.e-stat.go.jp/SG1/estat/Pdfdl.do?sinfid=000012449985,2010-02-01,https://www.e-stat.go.jp/SG1/estat/Pdfdl.do?sinfid=000012449985,2026-10-03,false
20305,長野県,,南佐久郡,南牧村,,066,千曲川上流,15,信濃川,未確認,2010年包括区域の名称条件一致,南佐久郡,要現行資料照合,2010-02-01,2026-01-01,2,https://www.e-stat.go.jp/SG1/estat/Pdfdl.do?sinfid=000012449985,2010-02-01,https://www.e-stat.go.jp/SG1/estat/Pdfdl.do?sinfid=000012449985,2026-10-03,false
20306,長野県,,南佐久郡,南相木村,,066,千曲川上流,15,信濃川,未確認,2010年包括区域の名称条件一致,南佐久郡,要現行資料照合,2010-02-01,2026-01-01,2,https://www.e-stat.go.jp/SG1/estat/Pdfdl.do?sinfid=000012449985,2010-02-01,https://www.e-stat.go.jp/SG1/estat/Pdfdl.do?sinfid=000012449985,2026-10-03,false
20307,長野県,,南佐久郡,北相木村,,066,千曲川上流,15,信濃川,未確認,2010年包括区域の名称条件一致,南佐久郡,要現行資料照合,2010-02-01,2026-01-01,2,https://www.e-stat.go.jp/SG1/estat/Pdfdl.do?sinfid=000012449985,2010-02-01,https://www.e-stat.go.jp/SG1/estat/Pdfdl.do?sinfid=000012449985,2026-10-03,false
20309,長野県,,南佐久郡,佐久穂町,,066,千曲川上流,15,信濃川,未確認,2010年包括区域の名称条件一致,南佐久郡,要現行資料照合,2010-02-01,2026-01-01,2,https://www.e-stat.go.jp/SG1/estat/Pdfdl.do?sinfid=000012449985,2010-02-01,https://www.e-stat.go.jp/SG1/estat/Pdfdl.do?sinfid=000012449985,2026-10-03,false
20321,長野県,,北佐久郡,軽井沢町,,066,千曲川上流,15,信濃川,未確認,2010年包括区域の名称条件一致,北佐久郡,要現行資料照合,2010-02-01,2026-01-01,2,https://www.e-stat.go.jp/SG1/estat/Pdfdl.do?sinfid=000012449985,2010-02-01,https://www.e-stat.go.jp/SG1/estat/Pdfdl.do?sinfid=000012449985,2026-10-03,false
20323,長野県,,北佐久郡,御代田町,,066,千曲川上流,15,信濃川,未確認,2010年包括区域の名称条件一致,北佐久郡,要現行資料照合,2010-02-01,2026-01-01,2,https://www.e-stat.go.jp/SG1/estat/Pdfdl.do?sinfid=000012449985,2010-02-01,https://www.e-stat.go.jp/SG1/estat/Pdfdl.do?sinfid=000012449985,2026-10-03,false
20324,長野県,,北佐久郡,立科町,,066,千曲川上流,15,信濃川,未確認,2010年包括区域の名称条件一致,北佐久郡,要現行資料照合,2010-02-01,2026-01-01,2,https://www.e-stat.go.jp/SG1/estat/Pdfdl.do?sinfid=000012449985,2010-02-01,https://www.e-stat.go.jp/SG1/estat/Pdfdl.do?sinfid=000012449985,2026-10-03,false
20349,長野県,,小県郡,青木村,,066,千曲川上流,15,信濃川,未確認,2010年包括区域の名称条件一致,小県郡,要現行資料照合,2010-02-01,2026-01-01,2,https://www.e-stat.go.jp/SG1/estat/Pdfdl.do?sinfid=000012449985,2010-02-01,https://www.e-stat.go.jp/SG1/estat/Pdfdl.do?sinfid=000012449985,2026-10-03,false
20350,長野県,,小県郡,長和町,,066,千曲川上流,15,信濃川,未確認,2010年包括区域の名称条件一致,小県郡,要現行資料照合,2010-02-01,2026-01-01,2,https://www.e-stat.go.jp/SG1/estat/Pdfdl.do?sinfid=000012449985,2010-02-01,https://www.e-stat.go.jp/SG1/estat/Pdfdl.do?sinfid=000012449985,2026-10-03,false
20361,長野県,,諏訪郡,下諏訪町,,067,伊那谷,20,天竜川,未確認,2010年包括区域の名称条件一致,諏訪郡,要現行資料照合,2010-02-01,2026-01-01,2,https://www.e-stat.go.jp/SG1/estat/Pdfdl.do?sinfid=000012449985,2010-02-01,https://www.e-stat.go.jp/SG1/estat/Pdfdl.do?sinfid=000012449985,2026-10-03,false
20362,長野県,,諏訪郡,富士見町,,067,伊那谷,20,天竜川,未確認,2010年包括区域の名称条件一致,諏訪郡,要現行資料照合,2010-02-01,2026-01-01,2,https://www.e-stat.go.jp/SG1/estat/Pdfdl.do?sinfid=000012449985,2010-02-01,https://www.e-stat.go.jp/SG1/estat/Pdfdl.do?sinfid=000012449985,2026-10-03,false
20363,長野県,,諏訪郡,原村,,067,伊那谷,20,天竜川,未確認,2010年包括区域の名称条件一致,諏訪郡,要現行資料照合,2010-02-01,2026-01-01,2,https://www.e-stat.go.jp/SG1/estat/Pdfdl.do?sinfid=000012449985,2010-02-01,https://www.e-stat.go.jp/SG1/estat/Pdfdl.do?sinfid=000012449985,2026-10-03,false
20382,長野県,,上伊那郡,辰野町,,067,伊那谷,20,天竜川,未確認,2010年包括区域の名称条件一致,上伊那郡,要現行資料照合,2010-02-01,2026-01-01,2,https://www.e-stat.go.jp/SG1/estat/Pdfdl.do?sinfid=000012449985,2010-02-01,https://www.e-stat.go.jp/SG1/estat/Pdfdl.do?sinfid=000012449985,2026-10-03,false
20383,長野県,,上伊那郡,箕輪町,,067,伊那谷,20,天竜川,未確認,2010年包括区域の名称条件一致,上伊那郡,要現行資料照合,2010-02-01,2026-01-01,2,https://www.e-stat.go.jp/SG1/estat/Pdfdl.do?sinfid=000012449985,2010-02-01,https://www.e-stat.go.jp/SG1/estat/Pdfdl.do?sinfid=000012449985,2026-10-03,false
20384,長野県,,上伊那郡,飯島町,,067,伊那谷,20,天竜川,未確認,2010年包括区域の名称条件一致,上伊那郡,要現行資料照合,2010-02-01,2026-01-01,2,https://www.e-stat.go.jp/SG1/estat/Pdfdl.do?sinfid=000012449985,2010-02-01,https://www.e-stat.go.jp/SG1/estat/Pdfdl.do?sinfid=000012449985,2026-10-03,false
20385,長野県,,上伊那郡,南箕輪村,,067,伊那谷,20,天竜川,未確認,2010年包括区域の名称条件一致,上伊那郡,要現行資料照合,2010-02-01,2026-01-01,2,https://www.e-stat.go.jp/SG1/estat/Pdfdl.do?sinfid=000012449985,2010-02-01,https://www.e-stat.go.jp/SG1/estat/Pdfdl.do?sinfid=000012449985,2026-10-03,false
20386,長野県,,上伊那郡,中川村,,067,伊那谷,20,天竜川,未確認,2010年包括区域の名称条件一致,上伊那郡,要現行資料照合,2010-02-01,2026-01-01,2,https://www.e-stat.go.jp/SG1/estat/Pdfdl.do?sinfid=000012449985,2010-02-01,https://www.e-stat.go.jp/SG1/estat/Pdfdl.do?sinfid=000012449985,2026-10-03,false
20388,長野県,,上伊那郡,宮田村,,067,伊那谷,20,天竜川,未確認,2010年包括区域の名称条件一致,上伊那郡,要現行資料照合,2010-02-01,2026-01-01,2,https://www.e-stat.go.jp/SG1/estat/Pdfdl.do?sinfid=000012449985,2010-02-01,https://www.e-stat.go.jp/SG1/estat/Pdfdl.do?sinfid=000012449985,2026-10-03,false
20402,長野県,,下伊那郡,松川町,,067,伊那谷,20,天竜川,未確認,2010年包括区域の名称条件一致,下伊那郡,要現行資料照合,2010-02-01,2026-01-01,2,https://www.e-stat.go.jp/SG1/estat/Pdfdl.do?sinfid=000012449985,2010-02-01,https://www.e-stat.go.jp/SG1/estat/Pdfdl.do?sinfid=000012449985,2026-10-03,false
20403,長野県,,下伊那郡,高森町,,067,伊那谷,20,天竜川,未確認,2010年包括区域の名称条件一致,下伊那郡,要現行資料照合,2010-02-01,2026-01-01,2,https://www.e-stat.go.jp/SG1/estat/Pdfdl.do?sinfid=000012449985,2010-02-01,https://www.e-stat.go.jp/SG1/estat/Pdfdl.do?sinfid=000012449985,2026-10-03,false
20404,長野県,,下伊那郡,阿南町,,067,伊那谷,20,天竜川,未確認,2010年包括区域の名称条件一致,下伊那郡,要現行資料照合,2010-02-01,2026-01-01,2,https://www.e-stat.go.jp/SG1/estat/Pdfdl.do?sinfid=000012449985,2010-02-01,https://www.e-stat.go.jp/SG1/estat/Pdfdl.do?sinfid=000012449985,2026-10-03,false
20407,長野県,,下伊那郡,阿智村,,067,伊那谷,20,天竜川,未確認,2010年包括区域の名称条件一致,下伊那郡,要現行資料照合,2010-02-01,2026-01-01,2,https://www.e-stat.go.jp/SG1/estat/Pdfdl.do?sinfid=000012449985,2010-02-01,https://www.e-stat.go.jp/SG1/estat/Pdfdl.do?sinfid=000012449985,2026-10-03,false
20409,長野県,,下伊那郡,平谷村,,067,伊那谷,20,天竜川,未確認,2010年包括区域の名称条件一致,下伊那郡,要現行資料照合,2010-02-01,2026-01-01,2,https://www.e-stat.go.jp/SG1/estat/Pdfdl.do?sinfid=000012449985,2010-02-01,https://www.e-stat.go.jp/SG1/estat/Pdfdl.do?sinfid=000012449985,2026-10-03,false
20410,長野県,,下伊那郡,根羽村,,067,伊那谷,20,天竜川,未確認,2010年包括区域の名称条件一致,下伊那郡,要現行資料照合,2010-02-01,2026-01-01,2,https://www.e-stat.go.jp/SG1/estat/Pdfdl.do?sinfid=000012449985,2010-02-01,https://www.e-stat.go.jp/SG1/estat/Pdfdl.do?sinfid=000012449985,2026-10-03,false
20411,長野県,,下伊那郡,下條村,,067,伊那谷,20,天竜川,未確認,2010年包括区域の名称条件一致,下伊那郡,要現行資料照合,2010-02-01,2026-01-01,2,https://www.e-stat.go.jp/SG1/estat/Pdfdl.do?sinfid=000012449985,2010-02-01,https://www.e-stat.go.jp/SG1/estat/Pdfdl.do?sinfid=000012449985,2026-10-03,false
20412,長野県,,下伊那郡,売木村,,067,伊那谷,20,天竜川,未確認,2010年包括区域の名称条件一致,下伊那郡,要現行資料照合,2010-02-01,2026-01-01,2,https://www.e-stat.go.jp/SG1/estat/Pdfdl.do?sinfid=000012449985,2010-02-01,https://www.e-stat.go.jp/SG1/estat/Pdfdl.do?sinfid=000012449985,2026-10-03,false
20413,長野県,,下伊那郡,天龍村,,067,伊那谷,20,天竜川,未確認,2010年包括区域の名称条件一致,下伊那郡,要現行資料照合,2010-02-01,2026-01-01,2,https://www.e-stat.go.jp/SG1/estat/Pdfdl.do?sinfid=000012449985,2010-02-01,https://www.e-stat.go.jp/SG1/estat/Pdfdl.do?sinfid=000012449985,2026-10-03,false
20414,長野県,,下伊那郡,泰阜村,,067,伊那谷,20,天竜川,未確認,2010年包括区域の名称条件一致,下伊那郡,要現行資料照合,2010-02-01,2026-01-01,2,https://www.e-stat.go.jp/SG1/estat/Pdfdl.do?sinfid=000012449985,2010-02-01,https://www.e-stat.go.jp/SG1/estat/Pdfdl.do?sinfid=000012449985,2026-10-03,false
20415,長野県,,下伊那郡,喬木村,,067,伊那谷,20,天竜川,未確認,2010年包括区域の名称条件一致,下伊那郡,要現行資料照合,2010-02-01,2026-01-01,2,https://www.e-stat.go.jp/SG1/estat/Pdfdl.do?sinfid=000012449985,2010-02-01,https://www.e-stat.go.jp/SG1/estat/Pdfdl.do?sinfid=000012449985,2026-10-03,false
20416,長野県,,下伊那郡,豊丘村,,067,伊那谷,20,天竜川,未確認,2010年包括区域の名称条件一致,下伊那郡,要現行資料照合,2010-02-01,2026-01-01,2,https://www.e-stat.go.jp/SG1/estat/Pdfdl.do?sinfid=000012449985,2010-02-01,https://www.e-stat.go.jp/SG1/estat/Pdfdl.do?sinfid=000012449985,2026-10-03,false
20417,長野県,,下伊那郡,大鹿村,,067,伊那谷,20,天竜川,未確認,2010年包括区域の名称条件一致,下伊那郡,要現行資料照合,2010-02-01,2026-01-01,2,https://www.e-stat.go.jp/SG1/estat/Pdfdl.do?sinfid=000012449985,2010-02-01,https://www.e-stat.go.jp/SG1/estat/Pdfdl.do?sinfid=000012449985,2026-10-03,false
20422,長野県,,木曽郡,上松町,,068,木曽谷,23,木曽川,未確認,2010年包括区域の名称条件一致,木曽郡,要現行資料照合,2010-02-01,2026-01-01,2,https://www.e-stat.go.jp/SG1/estat/Pdfdl.do?sinfid=000012449985,2010-02-01,https://www.e-stat.go.jp/SG1/estat/Pdfdl.do?sinfid=000012449985,2026-10-03,false
20423,長野県,,木曽郡,南木曽町,,068,木曽谷,23,木曽川,未確認,2010年包括区域の名称条件一致,木曽郡,要現行資料照合,2010-02-01,2026-01-01,2,https://www.e-stat.go.jp/SG1/estat/Pdfdl.do?sinfid=000012449985,2010-02-01,https://www.e-stat.go.jp/SG1/estat/Pdfdl.do?sinfid=000012449985,2026-10-03,false
20425,長野県,,木曽郡,木祖村,,068,木曽谷,23,木曽川,未確認,2010年包括区域の名称条件一致,木曽郡,要現行資料照合,2010-02-01,2026-01-01,2,https://www.e-stat.go.jp/SG1/estat/Pdfdl.do?sinfid=000012449985,2010-02-01,https://www.e-stat.go.jp/SG1/estat/Pdfdl.do?sinfid=000012449985,2026-10-03,false
20429,長野県,,木曽郡,王滝村,,068,木曽谷,23,木曽川,未確認,2010年包括区域の名称条件一致,木曽郡,要現行資料照合,2010-02-01,2026-01-01,2,https://www.e-stat.go.jp/SG1/estat/Pdfdl.do?sinfid=000012449985,2010-02-01,https://www.e-stat.go.jp/SG1/estat/Pdfdl.do?sinfid=000012449985,2026-10-03,false
20430,長野県,,木曽郡,大桑村,,068,木曽谷,23,木曽川,未確認,2010年包括区域の名称条件一致,木曽郡,要現行資料照合,2010-02-01,2026-01-01,2,https://www.e-stat.go.jp/SG1/estat/Pdfdl.do?sinfid=000012449985,2010-02-01,https://www.e-stat.go.jp/SG1/estat/Pdfdl.do?sinfid=000012449985,2026-10-03,false
20432,長野県,,木曽郡,木曽町,,068,木曽谷,23,木曽川,未確認,2010年包括区域の名称条件一致,木曽郡,要現行資料照合,2010-02-01,2026-01-01,2,https://www.e-stat.go.jp/SG1/estat/Pdfdl.do?sinfid=000012449985,2010-02-01,https://www.e-stat.go.jp/SG1/estat/Pdfdl.do?sinfid=000012449985,2026-10-03,false
20446,長野県,,東筑摩郡,麻績村,,065,中部山岳,15,信濃川,未確認,2010年包括区域の名称条件一致,東筑摩郡,要現行資料照合,2010-02-01,2026-01-01,2,https://www.e-stat.go.jp/SG1/estat/Pdfdl.do?sinfid=000012449985,2010-02-01,https://www.e-stat.go.jp/SG1/estat/Pdfdl.do?sinfid=000012449985,2026-10-03,false
20448,長野県,,東筑摩郡,生坂村,,065,中部山岳,15,信濃川,未確認,2010年包括区域の名称条件一致,東筑摩郡,要現行資料照合,2010-02-01,2026-01-01,2,https://www.e-stat.go.jp/SG1/estat/Pdfdl.do?sinfid=000012449985,2010-02-01,https://www.e-stat.go.jp/SG1/estat/Pdfdl.do?sinfid=000012449985,2026-10-03,false
20450,長野県,,東筑摩郡,山形村,,065,中部山岳,15,信濃川,未確認,2010年包括区域の名称条件一致,東筑摩郡,要現行資料照合,2010-02-01,2026-01-01,2,https://www.e-stat.go.jp/SG1/estat/Pdfdl.do?sinfid=000012449985,2010-02-01,https://www.e-stat.go.jp/SG1/estat/Pdfdl.do?sinfid=000012449985,2026-10-03,false
20451,長野県,,東筑摩郡,朝日村,,065,中部山岳,15,信濃川,未確認,2010年包括区域の名称条件一致,東筑摩郡,要現行資料照合,2010-02-01,2026-01-01,2,https://www.e-stat.go.jp/SG1/estat/Pdfdl.do?sinfid=000012449985,2010-02-01,https://www.e-stat.go.jp/SG1/estat/Pdfdl.do?sinfid=000012449985,2026-10-03,false
20452,長野県,,東筑摩郡,筑北村,,065,中部山岳,15,信濃川,未確認,2010年包括区域の名称条件一致,東筑摩郡,要現行資料照合,2010-02-01,2026-01-01,2,https://www.e-stat.go.jp/SG1/estat/Pdfdl.do?sinfid=000012449985,2010-02-01,https://www.e-stat.go.jp/SG1/estat/Pdfdl.do?sinfid=000012449985,2026-10-03,false
20481,長野県,,北安曇郡,池田町,,065,中部山岳,15,信濃川,未確認,2010年包括区域の名称条件一致,北安曇郡,要現行資料照合,2010-02-01,2026-01-01,2,https://www.e-stat.go.jp/SG1/estat/Pdfdl.do?sinfid=000012449985,2010-02-01,https://www.e-stat.go.jp/SG1/estat/Pdfdl.do?sinfid=000012449985,2026-10-03,false
20482,長野県,,北安曇郡,松川村,,065,中部山岳,15,信濃川,未確認,2010年包括区域の名称条件一致,北安曇郡,要現行資料照合,2010-02-01,2026-01-01,2,https://www.e-stat.go.jp/SG1/estat/Pdfdl.do?sinfid=000012449985,2010-02-01,https://www.e-stat.go.jp/SG1/estat/Pdfdl.do?sinfid=000012449985,2026-10-03,false
20485,長野県,,北安曇郡,白馬村,,065,中部山岳,15,信濃川,未確認,2010年包括区域の名称条件一致,北安曇郡,要現行資料照合,2010-02-01,2026-01-01,2,https://www.e-stat.go.jp/SG1/estat/Pdfdl.do?sinfid=000012449985,2010-02-01,https://www.e-stat.go.jp/SG1/estat/Pdfdl.do?sinfid=000012449985,2026-10-03,false
20486,長野県,,北安曇郡,小谷村,,065,中部山岳,15,信濃川,未確認,2010年包括区域の名称条件一致,北安曇郡,要現行資料照合,2010-02-01,2026-01-01,2,https://www.e-stat.go.jp/SG1/estat/Pdfdl.do?sinfid=000012449985,2010-02-01,https://www.e-stat.go.jp/SG1/estat/Pdfdl.do?sinfid=000012449985,2026-10-03,false
20521,長野県,,埴科郡,坂城町,,064,千曲川下流,15,信濃川,未確認,2010年包括区域の名称条件一致,埴科郡,要現行資料照合,2010-02-01,2026-01-01,2,https://www.e-stat.go.jp/SG1/estat/Pdfdl.do?sinfid=000012449985,2010-02-01,https://www.e-stat.go.jp/SG1/estat/Pdfdl.do?sinfid=000012449985,2026-10-03,false
20541,長野県,,上高井郡,小布施町,,064,千曲川下流,15,信濃川,未確認,2010年包括区域の名称条件一致,上高井郡,要現行資料照合,2010-02-01,2026-01-01,2,https://www.e-stat.go.jp/SG1/estat/Pdfdl.do?sinfid=000012449985,2010-02-01,https://www.e-stat.go.jp/SG1/estat/Pdfdl.do?sinfid=000012449985,2026-10-03,false
20543,長野県,,上高井郡,高山村,,064,千曲川下流,15,信濃川,未確認,2010年包括区域の名称条件一致,上高井郡,要現行資料照合,2010-02-01,2026-01-01,2,https://www.e-stat.go.jp/SG1/estat/Pdfdl.do?sinfid=000012449985,2010-02-01,https://www.e-stat.go.jp/SG1/estat/Pdfdl.do?sinfid=000012449985,2026-10-03,false
20561,長野県,,下高井郡,山ノ内町,,064,千曲川下流,15,信濃川,未確認,2010年包括区域の名称条件一致,下高井郡,要現行資料照合,2010-02-01,2026-01-01,2,https://www.e-stat.go.jp/SG1/estat/Pdfdl.do?sinfid=000012449985,2010-02-01,https://www.e-stat.go.jp/SG1/estat/Pdfdl.do?sinfid=000012449985,2026-10-03,false
20562,長野県,,下高井郡,木島平村,,064,千曲川下流,15,信濃川,未確認,2010年包括区域の名称条件一致,下高井郡,要現行資料照合,2010-02-01,2026-01-01,2,https://www.e-stat.go.jp/SG1/estat/Pdfdl.do?sinfid=000012449985,2010-02-01,https://www.e-stat.go.jp/SG1/estat/Pdfdl.do?sinfid=000012449985,2026-10-03,false
20563,長野県,,下高井郡,野沢温泉村,,064,千曲川下流,15,信濃川,未確認,2010年包括区域の名称条件一致,下高井郡,要現行資料照合,2010-02-01,2026-01-01,2,https://www.e-stat.go.jp/SG1/estat/Pdfdl.do?sinfid=000012449985,2010-02-01,https://www.e-stat.go.jp/SG1/estat/Pdfdl.do?sinfid=000012449985,2026-10-03,false
20583,長野県,,上水内郡,信濃町,,064,千曲川下流,15,信濃川,未確認,2010年包括区域の名称条件一致,上水内郡,要現行資料照合,2010-02-01,2026-01-01,2,https://www.e-stat.go.jp/SG1/estat/Pdfdl.do?sinfid=000012449985,2010-02-01,https://www.e-stat.go.jp/SG1/estat/Pdfdl.do?sinfid=000012449985,2026-10-03,false
20588,長野県,,上水内郡,小川村,,064,千曲川下流,15,信濃川,未確認,2010年包括区域の名称条件一致,上水内郡,要現行資料照合,2010-02-01,2026-01-01,2,https://www.e-stat.go.jp/SG1/estat/Pdfdl.do?sinfid=000012449985,2010-02-01,https://www.e-stat.go.jp/SG1/estat/Pdfdl.do?sinfid=000012449985,2026-10-03,false
20590,長野県,,上水内郡,飯綱町,,064,千曲川下流,15,信濃川,未確認,2010年包括区域の名称条件一致,上水内郡,要現行資料照合,2010-02-01,2026-01-01,2,https://www.e-stat.go.jp/SG1/estat/Pdfdl.do?sinfid=000012449985,2010-02-01,https://www.e-stat.go.jp/SG1/estat/Pdfdl.do?sinfid=000012449985,2026-10-03,false
20602,長野県,,下水内郡,栄村,,064,千曲川下流,15,信濃川,未確認,2010年包括区域の名称条件一致,下水内郡,要現行資料照合,2010-02-01,2026-01-01,2,https://www.e-stat.go.jp/SG1/estat/Pdfdl.do?sinfid=000012449985,2010-02-01,https://www.e-stat.go.jp/SG1/estat/Pdfdl.do?sinfid=000012449985,2026-10-03,false
21201,岐阜県,,,岐阜市,,071,長良川,23,木曽川,未確認,2010年包括区域の名称条件一致,岐阜市,要現行資料照合,2010-02-01,2026-01-01,2,https://www.e-stat.go.jp/SG1/estat/Pdfdl.do?sinfid=000012449985,2010-02-01,https://www.e-stat.go.jp/SG1/estat/Pdfdl.do?sinfid=000012449985,2026-10-03,false
21202,岐阜県,,,大垣市,,072,揖斐川,23,木曽川,未確認,2010年包括区域の名称条件一致,大垣市,要現行資料照合,2010-02-01,2026-01-01,2,https://www.e-stat.go.jp/SG1/estat/Pdfdl.do?sinfid=000012449985,2010-02-01,https://www.e-stat.go.jp/SG1/estat/Pdfdl.do?sinfid=000012449985,2026-10-03,false
21203,岐阜県,,,高山市,,069,宮・庄川,21,神通・庄川,未確認,2010年包括区域の名称条件一致,高山市,要現行資料照合,2010-02-01,2026-01-01,2,https://www.e-stat.go.jp/SG1/estat/Pdfdl.do?sinfid=000012449985,2010-02-01,https://www.e-stat.go.jp/SG1/estat/Pdfdl.do?sinfid=000012449985,2026-10-03,false
21204,岐阜県,,,多治見市,,073,木曽川,23,木曽川,未確認,2010年包括区域の名称条件一致,多治見市,要現行資料照合,2010-02-01,2026-01-01,2,https://www.e-stat.go.jp/SG1/estat/Pdfdl.do?sinfid=000012449985,2010-02-01,https://www.e-stat.go.jp/SG1/estat/Pdfdl.do?sinfid=000012449985,2026-10-03,false
21205,岐阜県,,,関市,,071,長良川,23,木曽川,未確認,2010年包括区域の名称条件一致,関市,要現行資料照合,2010-02-01,2026-01-01,2,https://www.e-stat.go.jp/SG1/estat/Pdfdl.do?sinfid=000012449985,2010-02-01,https://www.e-stat.go.jp/SG1/estat/Pdfdl.do?sinfid=000012449985,2026-10-03,false
21206,岐阜県,,,中津川市,,073,木曽川,23,木曽川,未確認,2010年包括区域の名称条件一致,中津川市,要現行資料照合,2010-02-01,2026-01-01,2,https://www.e-stat.go.jp/SG1/estat/Pdfdl.do?sinfid=000012449985,2010-02-01,https://www.e-stat.go.jp/SG1/estat/Pdfdl.do?sinfid=000012449985,2026-10-03,false
21207,岐阜県,,,美濃市,,071,長良川,23,木曽川,未確認,2010年包括区域の名称条件一致,美濃市,要現行資料照合,2010-02-01,2026-01-01,2,https://www.e-stat.go.jp/SG1/estat/Pdfdl.do?sinfid=000012449985,2010-02-01,https://www.e-stat.go.jp/SG1/estat/Pdfdl.do?sinfid=000012449985,2026-10-03,false
21208,岐阜県,,,瑞浪市,,073,木曽川,23,木曽川,未確認,2010年包括区域の名称条件一致,瑞浪市,要現行資料照合,2010-02-01,2026-01-01,2,https://www.e-stat.go.jp/SG1/estat/Pdfdl.do?sinfid=000012449985,2010-02-01,https://www.e-stat.go.jp/SG1/estat/Pdfdl.do?sinfid=000012449985,2026-10-03,false
21209,岐阜県,,,羽島市,,071,長良川,23,木曽川,未確認,2010年包括区域の名称条件一致,羽島市,要現行資料照合,2010-02-01,2026-01-01,2,https://www.e-stat.go.jp/SG1/estat/Pdfdl.do?sinfid=000012449985,2010-02-01,https://www.e-stat.go.jp/SG1/estat/Pdfdl.do?sinfid=000012449985,2026-10-03,false
21210,岐阜県,,,恵那市,,073,木曽川,23,木曽川,未確認,2010年包括区域の名称条件一致,恵那市,要現行資料照合,2010-02-01,2026-01-01,2,https://www.e-stat.go.jp/SG1/estat/Pdfdl.do?sinfid=000012449985,2010-02-01,https://www.e-stat.go.jp/SG1/estat/Pdfdl.do?sinfid=000012449985,2026-10-03,false
21211,岐阜県,,,美濃加茂市,,070,飛騨川,23,木曽川,未確認,2010年包括区域の名称条件一致,美濃加茂市,要現行資料照合,2010-02-01,2026-01-01,2,https://www.e-stat.go.jp/SG1/estat/Pdfdl.do?sinfid=000012449985,2010-02-01,https://www.e-stat.go.jp/SG1/estat/Pdfdl.do?sinfid=000012449985,2026-10-03,false
21212,岐阜県,,,土岐市,,073,木曽川,23,木曽川,未確認,2010年包括区域の名称条件一致,土岐市,要現行資料照合,2010-02-01,2026-01-01,2,https://www.e-stat.go.jp/SG1/estat/Pdfdl.do?sinfid=000012449985,2010-02-01,https://www.e-stat.go.jp/SG1/estat/Pdfdl.do?sinfid=000012449985,2026-10-03,false
21213,岐阜県,,,各務原市,,071,長良川,23,木曽川,未確認,2010年包括区域の名称条件一致,各務原市,要現行資料照合,2010-02-01,2026-01-01,2,https://www.e-stat.go.jp/SG1/estat/Pdfdl.do?sinfid=000012449985,2010-02-01,https://www.e-stat.go.jp/SG1/estat/Pdfdl.do?sinfid=000012449985,2026-10-03,false
21214,岐阜県,,,可児市,,073,木曽川,23,木曽川,未確認,2010年包括区域の名称条件一致,可児市,要現行資料照合,2010-02-01,2026-01-01,2,https://www.e-stat.go.jp/SG1/estat/Pdfdl.do?sinfid=000012449985,2010-02-01,https://www.e-stat.go.jp/SG1/estat/Pdfdl.do?sinfid=000012449985,2026-10-03,false
21215,岐阜県,,,山県市,,071,長良川,23,木曽川,未確認,2010年包括区域の名称条件一致,山県市,要現行資料照合,2010-02-01,2026-01-01,2,https://www.e-stat.go.jp/SG1/estat/Pdfdl.do?sinfid=000012449985,2010-02-01,https://www.e-stat.go.jp/SG1/estat/Pdfdl.do?sinfid=000012449985,2026-10-03,false
21216,岐阜県,,,瑞穂市,,072,揖斐川,23,木曽川,未確認,2010年包括区域の名称条件一致,瑞穂市,要現行資料照合,2010-02-01,2026-01-01,2,https://www.e-stat.go.jp/SG1/estat/Pdfdl.do?sinfid=000012449985,2010-02-01,https://www.e-stat.go.jp/SG1/estat/Pdfdl.do?sinfid=000012449985,2026-10-03,false
21217,岐阜県,,,飛騨市,,069,宮・庄川,21,神通・庄川,未確認,2010年包括区域の名称条件一致,飛騨市,要現行資料照合,2010-02-01,2026-01-01,2,https://www.e-stat.go.jp/SG1/estat/Pdfdl.do?sinfid=000012449985,2010-02-01,https://www.e-stat.go.jp/SG1/estat/Pdfdl.do?sinfid=000012449985,2026-10-03,false
21218,岐阜県,,,本巣市,,072,揖斐川,23,木曽川,未確認,2010年包括区域の名称条件一致,本巣市,要現行資料照合,2010-02-01,2026-01-01,2,https://www.e-stat.go.jp/SG1/estat/Pdfdl.do?sinfid=000012449985,2010-02-01,https://www.e-stat.go.jp/SG1/estat/Pdfdl.do?sinfid=000012449985,2026-10-03,false
21219,岐阜県,,,郡上市,,071,長良川,23,木曽川,未確認,2010年包括区域の名称条件一致,郡上市,要現行資料照合,2010-02-01,2026-01-01,2,https://www.e-stat.go.jp/SG1/estat/Pdfdl.do?sinfid=000012449985,2010-02-01,https://www.e-stat.go.jp/SG1/estat/Pdfdl.do?sinfid=000012449985,2026-10-03,false
21220,岐阜県,,,下呂市,,070,飛騨川,23,木曽川,未確認,2010年包括区域の名称条件一致,下呂市,要現行資料照合,2010-02-01,2026-01-01,2,https://www.e-stat.go.jp/SG1/estat/Pdfdl.do?sinfid=000012449985,2010-02-01,https://www.e-stat.go.jp/SG1/estat/Pdfdl.do?sinfid=000012449985,2026-10-03,false
21221,岐阜県,,,海津市,,,,,,未確認,名称一致なし,,未対応・要調査,2010-02-01,2026-01-01,,https://www.e-stat.go.jp/SG1/estat/Pdfdl.do?sinfid=000012449985,2010-02-01,https://www.e-stat.go.jp/SG1/estat/Pdfdl.do?sinfid=000012449985,2026-10-03,false
21302,岐阜県,,羽島郡,岐南町,,071,長良川,23,木曽川,未確認,2010年包括区域の名称条件一致,羽島郡,要現行資料照合,2010-02-01,2026-01-01,2,https://www.e-stat.go.jp/SG1/estat/Pdfdl.do?sinfid=000012449985,2010-02-01,https://www.e-stat.go.jp/SG1/estat/Pdfdl.do?sinfid=000012449985,2026-10-03,false
21303,岐阜県,,羽島郡,笠松町,,071,長良川,23,木曽川,未確認,2010年包括区域の名称条件一致,羽島郡,要現行資料照合,2010-02-01,2026-01-01,2,https://www.e-stat.go.jp/SG1/estat/Pdfdl.do?sinfid=000012449985,2010-02-01,https://www.e-stat.go.jp/SG1/estat/Pdfdl.do?sinfid=000012449985,2026-10-03,false
21341,岐阜県,,養老郡,養老町,,072,揖斐川,23,木曽川,未確認,2010年包括区域の名称条件一致,養老郡,要現行資料照合,2010-02-01,2026-01-01,2,https://www.e-stat.go.jp/SG1/estat/Pdfdl.do?sinfid=000012449985,2010-02-01,https://www.e-stat.go.jp/SG1/estat/Pdfdl.do?sinfid=000012449985,2026-10-03,false
21361,岐阜県,,不破郡,垂井町,,072,揖斐川,23,木曽川,未確認,2010年包括区域の名称条件一致,不破郡,要現行資料照合,2010-02-01,2026-01-01,2,https://www.e-stat.go.jp/SG1/estat/Pdfdl.do?sinfid=000012449985,2010-02-01,https://www.e-stat.go.jp/SG1/estat/Pdfdl.do?sinfid=000012449985,2026-10-03,false
21362,岐阜県,,不破郡,関ケ原町,,072,揖斐川,23,木曽川,未確認,2010年包括区域の名称条件一致,不破郡,要現行資料照合,2010-02-01,2026-01-01,2,https://www.e-stat.go.jp/SG1/estat/Pdfdl.do?sinfid=000012449985,2010-02-01,https://www.e-stat.go.jp/SG1/estat/Pdfdl.do?sinfid=000012449985,2026-10-03,false
21381,岐阜県,,安八郡,神戸町,,072,揖斐川,23,木曽川,未確認,2010年包括区域の名称条件一致,安八郡,要現行資料照合,2010-02-01,2026-01-01,2,https://www.e-stat.go.jp/SG1/estat/Pdfdl.do?sinfid=000012449985,2010-02-01,https://www.e-stat.go.jp/SG1/estat/Pdfdl.do?sinfid=000012449985,2026-10-03,false
21382,岐阜県,,安八郡,輪之内町,,072,揖斐川,23,木曽川,未確認,2010年包括区域の名称条件一致,安八郡,要現行資料照合,2010-02-01,2026-01-01,2,https://www.e-stat.go.jp/SG1/estat/Pdfdl.do?sinfid=000012449985,2010-02-01,https://www.e-stat.go.jp/SG1/estat/Pdfdl.do?sinfid=000012449985,2026-10-03,false
21383,岐阜県,,安八郡,安八町,,072,揖斐川,23,木曽川,未確認,2010年包括区域の名称条件一致,安八郡,要現行資料照合,2010-02-01,2026-01-01,2,https://www.e-stat.go.jp/SG1/estat/Pdfdl.do?sinfid=000012449985,2010-02-01,https://www.e-stat.go.jp/SG1/estat/Pdfdl.do?sinfid=000012449985,2026-10-03,false
21401,岐阜県,,揖斐郡,揖斐川町,,072,揖斐川,23,木曽川,未確認,2010年包括区域の名称条件一致,揖斐郡,要現行資料照合,2010-02-01,2026-01-01,2,https://www.e-stat.go.jp/SG1/estat/Pdfdl.do?sinfid=000012449985,2010-02-01,https://www.e-stat.go.jp/SG1/estat/Pdfdl.do?sinfid=000012449985,2026-10-03,false
21403,岐阜県,,揖斐郡,大野町,,072,揖斐川,23,木曽川,未確認,2010年包括区域の名称条件一致,揖斐郡,要現行資料照合,2010-02-01,2026-01-01,2,https://www.e-stat.go.jp/SG1/estat/Pdfdl.do?sinfid=000012449985,2010-02-01,https://www.e-stat.go.jp/SG1/estat/Pdfdl.do?sinfid=000012449985,2026-10-03,false
21404,岐阜県,,揖斐郡,池田町,,072,揖斐川,23,木曽川,未確認,2010年包括区域の名称条件一致,揖斐郡,要現行資料照合,2010-02-01,2026-01-01,2,https://www.e-stat.go.jp/SG1/estat/Pdfdl.do?sinfid=000012449985,2010-02-01,https://www.e-stat.go.jp/SG1/estat/Pdfdl.do?sinfid=000012449985,2026-10-03,false
21421,岐阜県,,本巣郡,北方町,,072,揖斐川,23,木曽川,未確認,2010年包括区域の名称条件一致,本巣郡,要現行資料照合,2010-02-01,2026-01-01,2,https://www.e-stat.go.jp/SG1/estat/Pdfdl.do?sinfid=000012449985,2010-02-01,https://www.e-stat.go.jp/SG1/estat/Pdfdl.do?sinfid=000012449985,2026-10-03,false
21501,岐阜県,,加茂郡,坂祝町,,070,飛騨川,23,木曽川,未確認,2010年包括区域の名称条件一致,加茂郡,要現行資料照合,2010-02-01,2026-01-01,2,https://www.e-stat.go.jp/SG1/estat/Pdfdl.do?sinfid=000012449985,2010-02-01,https://www.e-stat.go.jp/SG1/estat/Pdfdl.do?sinfid=000012449985,2026-10-03,false
21502,岐阜県,,加茂郡,富加町,,070,飛騨川,23,木曽川,未確認,2010年包括区域の名称条件一致,加茂郡,要現行資料照合,2010-02-01,2026-01-01,2,https://www.e-stat.go.jp/SG1/estat/Pdfdl.do?sinfid=000012449985,2010-02-01,https://www.e-stat.go.jp/SG1/estat/Pdfdl.do?sinfid=000012449985,2026-10-03,false
21503,岐阜県,,加茂郡,川辺町,,070,飛騨川,23,木曽川,未確認,2010年包括区域の名称条件一致,加茂郡,要現行資料照合,2010-02-01,2026-01-01,2,https://www.e-stat.go.jp/SG1/estat/Pdfdl.do?sinfid=000012449985,2010-02-01,https://www.e-stat.go.jp/SG1/estat/Pdfdl.do?sinfid=000012449985,2026-10-03,false
21504,岐阜県,,加茂郡,七宗町,,070,飛騨川,23,木曽川,未確認,2010年包括区域の名称条件一致,加茂郡,要現行資料照合,2010-02-01,2026-01-01,2,https://www.e-stat.go.jp/SG1/estat/Pdfdl.do?sinfid=000012449985,2010-02-01,https://www.e-stat.go.jp/SG1/estat/Pdfdl.do?sinfid=000012449985,2026-10-03,false
21505,岐阜県,,加茂郡,八百津町,,070,飛騨川,23,木曽川,未確認,2010年包括区域の名称条件一致,加茂郡,要現行資料照合,2010-02-01,2026-01-01,2,https://www.e-stat.go.jp/SG1/estat/Pdfdl.do?sinfid=000012449985,2010-02-01,https://www.e-stat.go.jp/SG1/estat/Pdfdl.do?sinfid=000012449985,2026-10-03,false
21506,岐阜県,,加茂郡,白川町,,070,飛騨川,23,木曽川,未確認,2010年包括区域の名称条件一致,加茂郡,要現行資料照合,2010-02-01,2026-01-01,2,https://www.e-stat.go.jp/SG1/estat/Pdfdl.do?sinfid=000012449985,2010-02-01,https://www.e-stat.go.jp/SG1/estat/Pdfdl.do?sinfid=000012449985,2026-10-03,false
21507,岐阜県,,加茂郡,東白川村,,070,飛騨川,23,木曽川,未確認,2010年包括区域の名称条件一致,加茂郡,要現行資料照合,2010-02-01,2026-01-01,2,https://www.e-stat.go.jp/SG1/estat/Pdfdl.do?sinfid=000012449985,2010-02-01,https://www.e-stat.go.jp/SG1/estat/Pdfdl.do?sinfid=000012449985,2026-10-03,false
21521,岐阜県,,可児郡,御嵩町,,073,木曽川,23,木曽川,未確認,2010年包括区域の名称条件一致,可児郡,要現行資料照合,2010-02-01,2026-01-01,2,https://www.e-stat.go.jp/SG1/estat/Pdfdl.do?sinfid=000012449985,2010-02-01,https://www.e-stat.go.jp/SG1/estat/Pdfdl.do?sinfid=000012449985,2026-10-03,false
21604,岐阜県,,大野郡,白川村,,069,宮・庄川,21,神通・庄川,未確認,2010年包括区域の名称条件一致,大野郡,要現行資料照合,2010-02-01,2026-01-01,2,https://www.e-stat.go.jp/SG1/estat/Pdfdl.do?sinfid=000012449985,2010-02-01,https://www.e-stat.go.jp/SG1/estat/Pdfdl.do?sinfid=000012449985,2026-10-03,false
22101,静岡県,,,静岡市,葵区,074,静岡,19,富士川,未確認,2010年包括区域の名称条件一致,静岡市,要現行資料照合,2010-02-01,2026-01-01,2,https://www.e-stat.go.jp/SG1/estat/Pdfdl.do?sinfid=000012449985,2010-02-01,https://www.e-stat.go.jp/SG1/estat/Pdfdl.do?sinfid=000012449985,2026-10-03,false
22102,静岡県,,,静岡市,駿河区,074,静岡,19,富士川,未確認,2010年包括区域の名称条件一致,静岡市,要現行資料照合,2010-02-01,2026-01-01,2,https://www.e-stat.go.jp/SG1/estat/Pdfdl.do?sinfid=000012449985,2010-02-01,https://www.e-stat.go.jp/SG1/estat/Pdfdl.do?sinfid=000012449985,2026-10-03,false
22103,静岡県,,,静岡市,清水区,074,静岡,19,富士川,未確認,2010年包括区域の名称条件一致,静岡市,要現行資料照合,2010-02-01,2026-01-01,2,https://www.e-stat.go.jp/SG1/estat/Pdfdl.do?sinfid=000012449985,2010-02-01,https://www.e-stat.go.jp/SG1/estat/Pdfdl.do?sinfid=000012449985,2026-10-03,false
22138,静岡県,,,浜松市,中央区,077,天竜,20,天竜川,未確認,2010年包括区域の名称条件一致,浜松市,要現行資料照合,2010-02-01,2026-01-01,2,https://www.e-stat.go.jp/SG1/estat/Pdfdl.do?sinfid=000012449985,2010-02-01,https://www.e-stat.go.jp/SG1/estat/Pdfdl.do?sinfid=000012449985,2026-10-03,false
22139,静岡県,,,浜松市,浜名区,077,天竜,20,天竜川,未確認,2010年包括区域の名称条件一致,浜松市,要現行資料照合,2010-02-01,2026-01-01,2,https://www.e-stat.go.jp/SG1/estat/Pdfdl.do?sinfid=000012449985,2010-02-01,https://www.e-stat.go.jp/SG1/estat/Pdfdl.do?sinfid=000012449985,2026-10-03,false
22140,静岡県,,,浜松市,天竜区,077,天竜,20,天竜川,未確認,2010年包括区域の名称条件一致,浜松市,要現行資料照合,2010-02-01,2026-01-01,2,https://www.e-stat.go.jp/SG1/estat/Pdfdl.do?sinfid=000012449985,2010-02-01,https://www.e-stat.go.jp/SG1/estat/Pdfdl.do?sinfid=000012449985,2026-10-03,false
22203,静岡県,,,沼津市,,075,富士,19,富士川,未確認,2010年包括区域の名称条件一致,沼津市,要現行資料照合,2010-02-01,2026-01-01,2,https://www.e-stat.go.jp/SG1/estat/Pdfdl.do?sinfid=000012449985,2010-02-01,https://www.e-stat.go.jp/SG1/estat/Pdfdl.do?sinfid=000012449985,2026-10-03,false
22205,静岡県,,,熱海市,,076,伊豆,19,富士川,未確認,2010年包括区域の名称条件一致,熱海市,要現行資料照合,2010-02-01,2026-01-01,2,https://www.e-stat.go.jp/SG1/estat/Pdfdl.do?sinfid=000012449985,2010-02-01,https://www.e-stat.go.jp/SG1/estat/Pdfdl.do?sinfid=000012449985,2026-10-03,false
22206,静岡県,,,三島市,,075,富士,19,富士川,未確認,2010年包括区域の名称条件一致,三島市,要現行資料照合,2010-02-01,2026-01-01,2,https://www.e-stat.go.jp/SG1/estat/Pdfdl.do?sinfid=000012449985,2010-02-01,https://www.e-stat.go.jp/SG1/estat/Pdfdl.do?sinfid=000012449985,2026-10-03,false
22207,静岡県,,,富士宮市,,075,富士,19,富士川,未確認,2010年包括区域の名称条件一致,富士宮市,要現行資料照合,2010-02-01,2026-01-01,2,https://www.e-stat.go.jp/SG1/estat/Pdfdl.do?sinfid=000012449985,2010-02-01,https://www.e-stat.go.jp/SG1/estat/Pdfdl.do?sinfid=000012449985,2026-10-03,false
22208,静岡県,,,伊東市,,076,伊豆,19,富士川,未確認,2010年包括区域の名称条件一致,伊東市,要現行資料照合,2010-02-01,2026-01-01,2,https://www.e-stat.go.jp/SG1/estat/Pdfdl.do?sinfid=000012449985,2010-02-01,https://www.e-stat.go.jp/SG1/estat/Pdfdl.do?sinfid=000012449985,2026-10-03,false
22209,静岡県,,,島田市,,074,静岡,19,富士川,未確認,2010年包括区域の名称条件一致,島田市,要現行資料照合,2010-02-01,2026-01-01,2,https://www.e-stat.go.jp/SG1/estat/Pdfdl.do?sinfid=000012449985,2010-02-01,https://www.e-stat.go.jp/SG1/estat/Pdfdl.do?sinfid=000012449985,2026-10-03,false
22210,静岡県,,,富士市,,075,富士,19,富士川,未確認,2010年包括区域の名称条件一致,富士市,要現行資料照合,2010-02-01,2026-01-01,2,https://www.e-stat.go.jp/SG1/estat/Pdfdl.do?sinfid=000012449985,2010-02-01,https://www.e-stat.go.jp/SG1/estat/Pdfdl.do?sinfid=000012449985,2026-10-03,false
22211,静岡県,,,磐田市,,077,天竜,20,天竜川,未確認,2010年包括区域の名称条件一致,磐田市,要現行資料照合,2010-02-01,2026-01-01,2,https://www.e-stat.go.jp/SG1/estat/Pdfdl.do?sinfid=000012449985,2010-02-01,https://www.e-stat.go.jp/SG1/estat/Pdfdl.do?sinfid=000012449985,2026-10-03,false
22212,静岡県,,,焼津市,,074,静岡,19,富士川,未確認,2010年包括区域の名称条件一致,焼津市,要現行資料照合,2010-02-01,2026-01-01,2,https://www.e-stat.go.jp/SG1/estat/Pdfdl.do?sinfid=000012449985,2010-02-01,https://www.e-stat.go.jp/SG1/estat/Pdfdl.do?sinfid=000012449985,2026-10-03,false
22213,静岡県,,,掛川市,,077,天竜,20,天竜川,未確認,2010年包括区域の名称条件一致,掛川市,要現行資料照合,2010-02-01,2026-01-01,2,https://www.e-stat.go.jp/SG1/estat/Pdfdl.do?sinfid=000012449985,2010-02-01,https://www.e-stat.go.jp/SG1/estat/Pdfdl.do?sinfid=000012449985,2026-10-03,false
22214,静岡県,,,藤枝市,,074,静岡,19,富士川,未確認,2010年包括区域の名称条件一致,藤枝市,要現行資料照合,2010-02-01,2026-01-01,2,https://www.e-stat.go.jp/SG1/estat/Pdfdl.do?sinfid=000012449985,2010-02-01,https://www.e-stat.go.jp/SG1/estat/Pdfdl.do?sinfid=000012449985,2026-10-03,false
22215,静岡県,,,御殿場市,,075,富士,19,富士川,未確認,2010年包括区域の名称条件一致,御殿場市,要現行資料照合,2010-02-01,2026-01-01,2,https://www.e-stat.go.jp/SG1/estat/Pdfdl.do?sinfid=000012449985,2010-02-01,https://www.e-stat.go.jp/SG1/estat/Pdfdl.do?sinfid=000012449985,2026-10-03,false
22216,静岡県,,,袋井市,,077,天竜,20,天竜川,未確認,2010年包括区域の名称条件一致,袋井市,要現行資料照合,2010-02-01,2026-01-01,2,https://www.e-stat.go.jp/SG1/estat/Pdfdl.do?sinfid=000012449985,2010-02-01,https://www.e-stat.go.jp/SG1/estat/Pdfdl.do?sinfid=000012449985,2026-10-03,false
22219,静岡県,,,下田市,,076,伊豆,19,富士川,未確認,2010年包括区域の名称条件一致,下田市,要現行資料照合,2010-02-01,2026-01-01,2,https://www.e-stat.go.jp/SG1/estat/Pdfdl.do?sinfid=000012449985,2010-02-01,https://www.e-stat.go.jp/SG1/estat/Pdfdl.do?sinfid=000012449985,2026-10-03,false
22220,静岡県,,,裾野市,,075,富士,19,富士川,未確認,2010年包括区域の名称条件一致,裾野市,要現行資料照合,2010-02-01,2026-01-01,2,https://www.e-stat.go.jp/SG1/estat/Pdfdl.do?sinfid=000012449985,2010-02-01,https://www.e-stat.go.jp/SG1/estat/Pdfdl.do?sinfid=000012449985,2026-10-03,false
22221,静岡県,,,湖西市,,077,天竜,20,天竜川,未確認,2010年包括区域の名称条件一致,湖西市,要現行資料照合,2010-02-01,2026-01-01,2,https://www.e-stat.go.jp/SG1/estat/Pdfdl.do?sinfid=000012449985,2010-02-01,https://www.e-stat.go.jp/SG1/estat/Pdfdl.do?sinfid=000012449985,2026-10-03,false
22222,静岡県,,,伊豆市,,076,伊豆,19,富士川,未確認,2010年包括区域の名称条件一致,伊豆市,要現行資料照合,2010-02-01,2026-01-01,2,https://www.e-stat.go.jp/SG1/estat/Pdfdl.do?sinfid=000012449985,2010-02-01,https://www.e-stat.go.jp/SG1/estat/Pdfdl.do?sinfid=000012449985,2026-10-03,false
22223,静岡県,,,御前崎市,,077,天竜,20,天竜川,未確認,2010年包括区域の名称条件一致,御前崎市,要現行資料照合,2010-02-01,2026-01-01,2,https://www.e-stat.go.jp/SG1/estat/Pdfdl.do?sinfid=000012449985,2010-02-01,https://www.e-stat.go.jp/SG1/estat/Pdfdl.do?sinfid=000012449985,2026-10-03,false
22224,静岡県,,,菊川市,,077,天竜,20,天竜川,未確認,2010年包括区域の名称条件一致,菊川市,要現行資料照合,2010-02-01,2026-01-01,2,https://www.e-stat.go.jp/SG1/estat/Pdfdl.do?sinfid=000012449985,2010-02-01,https://www.e-stat.go.jp/SG1/estat/Pdfdl.do?sinfid=000012449985,2026-10-03,false
22225,静岡県,,,伊豆の国市,,076,伊豆,19,富士川,未確認,2010年包括区域の名称条件一致,伊豆の国市,要現行資料照合,2010-02-01,2026-01-01,2,https://www.e-stat.go.jp/SG1/estat/Pdfdl.do?sinfid=000012449985,2010-02-01,https://www.e-stat.go.jp/SG1/estat/Pdfdl.do?sinfid=000012449985,2026-10-03,false
22226,静岡県,,,牧之原市,,074,静岡,19,富士川,未確認,2010年包括区域の名称条件一致,牧之原市,要現行資料照合,2010-02-01,2026-01-01,2,https://www.e-stat.go.jp/SG1/estat/Pdfdl.do?sinfid=000012449985,2010-02-01,https://www.e-stat.go.jp/SG1/estat/Pdfdl.do?sinfid=000012449985,2026-10-03,false
22301,静岡県,,賀茂郡,東伊豆町,,076,伊豆,19,富士川,未確認,2010年包括区域の名称条件一致,賀茂郡,要現行資料照合,2010-02-01,2026-01-01,2,https://www.e-stat.go.jp/SG1/estat/Pdfdl.do?sinfid=000012449985,2010-02-01,https://www.e-stat.go.jp/SG1/estat/Pdfdl.do?sinfid=000012449985,2026-10-03,false
22302,静岡県,,賀茂郡,河津町,,076,伊豆,19,富士川,未確認,2010年包括区域の名称条件一致,賀茂郡,要現行資料照合,2010-02-01,2026-01-01,2,https://www.e-stat.go.jp/SG1/estat/Pdfdl.do?sinfid=000012449985,2010-02-01,https://www.e-stat.go.jp/SG1/estat/Pdfdl.do?sinfid=000012449985,2026-10-03,false
22304,静岡県,,賀茂郡,南伊豆町,,076,伊豆,19,富士川,未確認,2010年包括区域の名称条件一致,賀茂郡,要現行資料照合,2010-02-01,2026-01-01,2,https://www.e-stat.go.jp/SG1/estat/Pdfdl.do?sinfid=000012449985,2010-02-01,https://www.e-stat.go.jp/SG1/estat/Pdfdl.do?sinfid=000012449985,2026-10-03,false
22305,静岡県,,賀茂郡,松崎町,,076,伊豆,19,富士川,未確認,2010年包括区域の名称条件一致,賀茂郡,要現行資料照合,2010-02-01,2026-01-01,2,https://www.e-stat.go.jp/SG1/estat/Pdfdl.do?sinfid=000012449985,2010-02-01,https://www.e-stat.go.jp/SG1/estat/Pdfdl.do?sinfid=000012449985,2026-10-03,false
22306,静岡県,,賀茂郡,西伊豆町,,076,伊豆,19,富士川,未確認,2010年包括区域の名称条件一致,賀茂郡,要現行資料照合,2010-02-01,2026-01-01,2,https://www.e-stat.go.jp/SG1/estat/Pdfdl.do?sinfid=000012449985,2010-02-01,https://www.e-stat.go.jp/SG1/estat/Pdfdl.do?sinfid=000012449985,2026-10-03,false
22325,静岡県,,田方郡,函南町,,076,伊豆,19,富士川,未確認,2010年包括区域の名称条件一致,田方郡,要現行資料照合,2010-02-01,2026-01-01,2,https://www.e-stat.go.jp/SG1/estat/Pdfdl.do?sinfid=000012449985,2010-02-01,https://www.e-stat.go.jp/SG1/estat/Pdfdl.do?sinfid=000012449985,2026-10-03,false
22341,静岡県,,駿東郡,清水町,,075,富士,19,富士川,未確認,2010年包括区域の名称条件一致,駿東郡,要現行資料照合,2010-02-01,2026-01-01,2,https://www.e-stat.go.jp/SG1/estat/Pdfdl.do?sinfid=000012449985,2010-02-01,https://www.e-stat.go.jp/SG1/estat/Pdfdl.do?sinfid=000012449985,2026-10-03,false
22342,静岡県,,駿東郡,長泉町,,075,富士,19,富士川,未確認,2010年包括区域の名称条件一致,駿東郡,要現行資料照合,2010-02-01,2026-01-01,2,https://www.e-stat.go.jp/SG1/estat/Pdfdl.do?sinfid=000012449985,2010-02-01,https://www.e-stat.go.jp/SG1/estat/Pdfdl.do?sinfid=000012449985,2026-10-03,false
22344,静岡県,,駿東郡,小山町,,075,富士,19,富士川,未確認,2010年包括区域の名称条件一致,駿東郡,要現行資料照合,2010-02-01,2026-01-01,2,https://www.e-stat.go.jp/SG1/estat/Pdfdl.do?sinfid=000012449985,2010-02-01,https://www.e-stat.go.jp/SG1/estat/Pdfdl.do?sinfid=000012449985,2026-10-03,false
22424,静岡県,,榛原郡,吉田町,,074,静岡,19,富士川,未確認,2010年包括区域の名称条件一致,榛原郡,要現行資料照合,2010-02-01,2026-01-01,2,https://www.e-stat.go.jp/SG1/estat/Pdfdl.do?sinfid=000012449985,2010-02-01,https://www.e-stat.go.jp/SG1/estat/Pdfdl.do?sinfid=000012449985,2026-10-03,false
22429,静岡県,,榛原郡,川根本町,,074,静岡,19,富士川,未確認,2010年包括区域の名称条件一致,榛原郡,要現行資料照合,2010-02-01,2026-01-01,2,https://www.e-stat.go.jp/SG1/estat/Pdfdl.do?sinfid=000012449985,2010-02-01,https://www.e-stat.go.jp/SG1/estat/Pdfdl.do?sinfid=000012449985,2026-10-03,false
22461,静岡県,,周智郡,森町,,077,天竜,20,天竜川,未確認,2010年包括区域の名称条件一致,周智郡,要現行資料照合,2010-02-01,2026-01-01,2,https://www.e-stat.go.jp/SG1/estat/Pdfdl.do?sinfid=000012449985,2010-02-01,https://www.e-stat.go.jp/SG1/estat/Pdfdl.do?sinfid=000012449985,2026-10-03,false
23000,愛知県,,,所属未定地,,,,,,未確認,名称一致なし,,未対応・要調査,2010-02-01,2026-01-01,,https://www.e-stat.go.jp/SG1/estat/Pdfdl.do?sinfid=000012449985,2010-02-01,https://www.e-stat.go.jp/SG1/estat/Pdfdl.do?sinfid=000012449985,2026-10-03,false
23101,愛知県,,,名古屋市,千種区,078,尾張西三河,23,木曽川,未確認,2010年包括区域の名称条件一致,名古屋市,要現行資料照合,2010-02-01,2026-01-01,2,https://www.e-stat.go.jp/SG1/estat/Pdfdl.do?sinfid=000012449985,2010-02-01,https://www.e-stat.go.jp/SG1/estat/Pdfdl.do?sinfid=000012449985,2026-10-03,false
23102,愛知県,,,名古屋市,東区,078,尾張西三河,23,木曽川,未確認,2010年包括区域の名称条件一致,名古屋市,要現行資料照合,2010-02-01,2026-01-01,2,https://www.e-stat.go.jp/SG1/estat/Pdfdl.do?sinfid=000012449985,2010-02-01,https://www.e-stat.go.jp/SG1/estat/Pdfdl.do?sinfid=000012449985,2026-10-03,false
23103,愛知県,,,名古屋市,北区,078,尾張西三河,23,木曽川,未確認,2010年包括区域の名称条件一致,名古屋市,要現行資料照合,2010-02-01,2026-01-01,2,https://www.e-stat.go.jp/SG1/estat/Pdfdl.do?sinfid=000012449985,2010-02-01,https://www.e-stat.go.jp/SG1/estat/Pdfdl.do?sinfid=000012449985,2026-10-03,false
23104,愛知県,,,名古屋市,西区,078,尾張西三河,23,木曽川,未確認,2010年包括区域の名称条件一致,名古屋市,要現行資料照合,2010-02-01,2026-01-01,2,https://www.e-stat.go.jp/SG1/estat/Pdfdl.do?sinfid=000012449985,2010-02-01,https://www.e-stat.go.jp/SG1/estat/Pdfdl.do?sinfid=000012449985,2026-10-03,false
23105,愛知県,,,名古屋市,中村区,078,尾張西三河,23,木曽川,未確認,2010年包括区域の名称条件一致,名古屋市,要現行資料照合,2010-02-01,2026-01-01,2,https://www.e-stat.go.jp/SG1/estat/Pdfdl.do?sinfid=000012449985,2010-02-01,https://www.e-stat.go.jp/SG1/estat/Pdfdl.do?sinfid=000012449985,2026-10-03,false
23106,愛知県,,,名古屋市,中区,078,尾張西三河,23,木曽川,未確認,2010年包括区域の名称条件一致,名古屋市,要現行資料照合,2010-02-01,2026-01-01,2,https://www.e-stat.go.jp/SG1/estat/Pdfdl.do?sinfid=000012449985,2010-02-01,https://www.e-stat.go.jp/SG1/estat/Pdfdl.do?sinfid=000012449985,2026-10-03,false
23107,愛知県,,,名古屋市,昭和区,078,尾張西三河,23,木曽川,未確認,2010年包括区域の名称条件一致,名古屋市,要現行資料照合,2010-02-01,2026-01-01,2,https://www.e-stat.go.jp/SG1/estat/Pdfdl.do?sinfid=000012449985,2010-02-01,https://www.e-stat.go.jp/SG1/estat/Pdfdl.do?sinfid=000012449985,2026-10-03,false
23108,愛知県,,,名古屋市,瑞穂区,078,尾張西三河,23,木曽川,未確認,2010年包括区域の名称条件一致,名古屋市,要現行資料照合,2010-02-01,2026-01-01,2,https://www.e-stat.go.jp/SG1/estat/Pdfdl.do?sinfid=000012449985,2010-02-01,https://www.e-stat.go.jp/SG1/estat/Pdfdl.do?sinfid=000012449985,2026-10-03,false
23109,愛知県,,,名古屋市,熱田区,078,尾張西三河,23,木曽川,未確認,2010年包括区域の名称条件一致,名古屋市,要現行資料照合,2010-02-01,2026-01-01,2,https://www.e-stat.go.jp/SG1/estat/Pdfdl.do?sinfid=000012449985,2010-02-01,https://www.e-stat.go.jp/SG1/estat/Pdfdl.do?sinfid=000012449985,2026-10-03,false
23110,愛知県,,,名古屋市,中川区,078,尾張西三河,23,木曽川,未確認,2010年包括区域の名称条件一致,名古屋市,要現行資料照合,2010-02-01,2026-01-01,2,https://www.e-stat.go.jp/SG1/estat/Pdfdl.do?sinfid=000012449985,2010-02-01,https://www.e-stat.go.jp/SG1/estat/Pdfdl.do?sinfid=000012449985,2026-10-03,false
23111,愛知県,,,名古屋市,港区,078,尾張西三河,23,木曽川,未確認,2010年包括区域の名称条件一致,名古屋市,要現行資料照合,2010-02-01,2026-01-01,2,https://www.e-stat.go.jp/SG1/estat/Pdfdl.do?sinfid=000012449985,2010-02-01,https://www.e-stat.go.jp/SG1/estat/Pdfdl.do?sinfid=000012449985,2026-10-03,false
23112,愛知県,,,名古屋市,南区,078,尾張西三河,23,木曽川,未確認,2010年包括区域の名称条件一致,名古屋市,要現行資料照合,2010-02-01,2026-01-01,2,https://www.e-stat.go.jp/SG1/estat/Pdfdl.do?sinfid=000012449985,2010-02-01,https://www.e-stat.go.jp/SG1/estat/Pdfdl.do?sinfid=000012449985,2026-10-03,false
23113,愛知県,,,名古屋市,守山区,078,尾張西三河,23,木曽川,未確認,2010年包括区域の名称条件一致,名古屋市,要現行資料照合,2010-02-01,2026-01-01,2,https://www.e-stat.go.jp/SG1/estat/Pdfdl.do?sinfid=000012449985,2010-02-01,https://www.e-stat.go.jp/SG1/estat/Pdfdl.do?sinfid=000012449985,2026-10-03,false
23114,愛知県,,,名古屋市,緑区,078,尾張西三河,23,木曽川,未確認,2010年包括区域の名称条件一致,名古屋市,要現行資料照合,2010-02-01,2026-01-01,2,https://www.e-stat.go.jp/SG1/estat/Pdfdl.do?sinfid=000012449985,2010-02-01,https://www.e-stat.go.jp/SG1/estat/Pdfdl.do?sinfid=000012449985,2026-10-03,false
23115,愛知県,,,名古屋市,名東区,078,尾張西三河,23,木曽川,未確認,2010年包括区域の名称条件一致,名古屋市,要現行資料照合,2010-02-01,2026-01-01,2,https://www.e-stat.go.jp/SG1/estat/Pdfdl.do?sinfid=000012449985,2010-02-01,https://www.e-stat.go.jp/SG1/estat/Pdfdl.do?sinfid=000012449985,2026-10-03,false
23116,愛知県,,,名古屋市,天白区,078,尾張西三河,23,木曽川,未確認,2010年包括区域の名称条件一致,名古屋市,要現行資料照合,2010-02-01,2026-01-01,2,https://www.e-stat.go.jp/SG1/estat/Pdfdl.do?sinfid=000012449985,2010-02-01,https://www.e-stat.go.jp/SG1/estat/Pdfdl.do?sinfid=000012449985,2026-10-03,false
23201,愛知県,,,豊橋市,,079,東三河,23,木曽川,未確認,2010年包括区域の名称条件一致,豊橋市,要現行資料照合,2010-02-01,2026-01-01,2,https://www.e-stat.go.jp/SG1/estat/Pdfdl.do?sinfid=000012449985,2010-02-01,https://www.e-stat.go.jp/SG1/estat/Pdfdl.do?sinfid=000012449985,2026-10-03,false
23202,愛知県,,,岡崎市,,078,尾張西三河,23,木曽川,未確認,2010年包括区域の名称条件一致,岡崎市,要現行資料照合,2010-02-01,2026-01-01,2,https://www.e-stat.go.jp/SG1/estat/Pdfdl.do?sinfid=000012449985,2010-02-01,https://www.e-stat.go.jp/SG1/estat/Pdfdl.do?sinfid=000012449985,2026-10-03,false
23203,愛知県,,,一宮市,,078,尾張西三河,23,木曽川,未確認,2010年包括区域の名称条件一致,一宮市,要現行資料照合,2010-02-01,2026-01-01,2,https://www.e-stat.go.jp/SG1/estat/Pdfdl.do?sinfid=000012449985,2010-02-01,https://www.e-stat.go.jp/SG1/estat/Pdfdl.do?sinfid=000012449985,2026-10-03,false
23204,愛知県,,,瀬戸市,,078,尾張西三河,23,木曽川,未確認,2010年包括区域の名称条件一致,瀬戸市,要現行資料照合,2010-02-01,2026-01-01,2,https://www.e-stat.go.jp/SG1/estat/Pdfdl.do?sinfid=000012449985,2010-02-01,https://www.e-stat.go.jp/SG1/estat/Pdfdl.do?sinfid=000012449985,2026-10-03,false
23205,愛知県,,,半田市,,078,尾張西三河,23,木曽川,未確認,2010年包括区域の名称条件一致,半田市,要現行資料照合,2010-02-01,2026-01-01,2,https://www.e-stat.go.jp/SG1/estat/Pdfdl.do?sinfid=000012449985,2010-02-01,https://www.e-stat.go.jp/SG1/estat/Pdfdl.do?sinfid=000012449985,2026-10-03,false
23206,愛知県,,,春日井市,,078,尾張西三河,23,木曽川,未確認,2010年包括区域の名称条件一致,春日井市,要現行資料照合,2010-02-01,2026-01-01,2,https://www.e-stat.go.jp/SG1/estat/Pdfdl.do?sinfid=000012449985,2010-02-01,https://www.e-stat.go.jp/SG1/estat/Pdfdl.do?sinfid=000012449985,2026-10-03,false
23207,愛知県,,,豊川市,,079,東三河,23,木曽川,未確認,2010年包括区域の名称条件一致,豊川市,要現行資料照合,2010-02-01,2026-01-01,2,https://www.e-stat.go.jp/SG1/estat/Pdfdl.do?sinfid=000012449985,2010-02-01,https://www.e-stat.go.jp/SG1/estat/Pdfdl.do?sinfid=000012449985,2026-10-03,false
23208,愛知県,,,津島市,,078,尾張西三河,23,木曽川,未確認,2010年包括区域の名称条件一致,津島市,要現行資料照合,2010-02-01,2026-01-01,2,https://www.e-stat.go.jp/SG1/estat/Pdfdl.do?sinfid=000012449985,2010-02-01,https://www.e-stat.go.jp/SG1/estat/Pdfdl.do?sinfid=000012449985,2026-10-03,false
23209,愛知県,,,碧南市,,078,尾張西三河,23,木曽川,未確認,2010年包括区域の名称条件一致,碧南市,要現行資料照合,2010-02-01,2026-01-01,2,https://www.e-stat.go.jp/SG1/estat/Pdfdl.do?sinfid=000012449985,2010-02-01,https://www.e-stat.go.jp/SG1/estat/Pdfdl.do?sinfid=000012449985,2026-10-03,false
23210,愛知県,,,刈谷市,,078,尾張西三河,23,木曽川,未確認,2010年包括区域の名称条件一致,刈谷市,要現行資料照合,2010-02-01,2026-01-01,2,https://www.e-stat.go.jp/SG1/estat/Pdfdl.do?sinfid=000012449985,2010-02-01,https://www.e-stat.go.jp/SG1/estat/Pdfdl.do?sinfid=000012449985,2026-10-03,false
23211,愛知県,,,豊田市,,078,尾張西三河,23,木曽川,未確認,2010年包括区域の名称条件一致,豊田市,要現行資料照合,2010-02-01,2026-01-01,2,https://www.e-stat.go.jp/SG1/estat/Pdfdl.do?sinfid=000012449985,2010-02-01,https://www.e-stat.go.jp/SG1/estat/Pdfdl.do?sinfid=000012449985,2026-10-03,false
23212,愛知県,,,安城市,,078,尾張西三河,23,木曽川,未確認,2010年包括区域の名称条件一致,安城市,要現行資料照合,2010-02-01,2026-01-01,2,https://www.e-stat.go.jp/SG1/estat/Pdfdl.do?sinfid=000012449985,2010-02-01,https://www.e-stat.go.jp/SG1/estat/Pdfdl.do?sinfid=000012449985,2026-10-03,false
23213,愛知県,,,西尾市,,078,尾張西三河,23,木曽川,未確認,2010年包括区域の名称条件一致,西尾市,要現行資料照合,2010-02-01,2026-01-01,2,https://www.e-stat.go.jp/SG1/estat/Pdfdl.do?sinfid=000012449985,2010-02-01,https://www.e-stat.go.jp/SG1/estat/Pdfdl.do?sinfid=000012449985,2026-10-03,false
23214,愛知県,,,蒲郡市,,079,東三河,23,木曽川,未確認,2010年包括区域の名称条件一致,蒲郡市,要現行資料照合,2010-02-01,2026-01-01,2,https://www.e-stat.go.jp/SG1/estat/Pdfdl.do?sinfid=000012449985,2010-02-01,https://www.e-stat.go.jp/SG1/estat/Pdfdl.do?sinfid=000012449985,2026-10-03,false
23215,愛知県,,,犬山市,,078,尾張西三河,23,木曽川,未確認,2010年包括区域の名称条件一致,犬山市,要現行資料照合,2010-02-01,2026-01-01,2,https://www.e-stat.go.jp/SG1/estat/Pdfdl.do?sinfid=000012449985,2010-02-01,https://www.e-stat.go.jp/SG1/estat/Pdfdl.do?sinfid=000012449985,2026-10-03,false
23216,愛知県,,,常滑市,,078,尾張西三河,23,木曽川,未確認,2010年包括区域の名称条件一致,常滑市,要現行資料照合,2010-02-01,2026-01-01,2,https://www.e-stat.go.jp/SG1/estat/Pdfdl.do?sinfid=000012449985,2010-02-01,https://www.e-stat.go.jp/SG1/estat/Pdfdl.do?sinfid=000012449985,2026-10-03,false
23217,愛知県,,,江南市,,078,尾張西三河,23,木曽川,未確認,2010年包括区域の名称条件一致,江南市,要現行資料照合,2010-02-01,2026-01-01,2,https://www.e-stat.go.jp/SG1/estat/Pdfdl.do?sinfid=000012449985,2010-02-01,https://www.e-stat.go.jp/SG1/estat/Pdfdl.do?sinfid=000012449985,2026-10-03,false
23219,愛知県,,,小牧市,,078,尾張西三河,23,木曽川,未確認,2010年包括区域の名称条件一致,小牧市,要現行資料照合,2010-02-01,2026-01-01,2,https://www.e-stat.go.jp/SG1/estat/Pdfdl.do?sinfid=000012449985,2010-02-01,https://www.e-stat.go.jp/SG1/estat/Pdfdl.do?sinfid=000012449985,2026-10-03,false
23220,愛知県,,,稲沢市,,078,尾張西三河,23,木曽川,未確認,2010年包括区域の名称条件一致,稲沢市,要現行資料照合,2010-02-01,2026-01-01,2,https://www.e-stat.go.jp/SG1/estat/Pdfdl.do?sinfid=000012449985,2010-02-01,https://www.e-stat.go.jp/SG1/estat/Pdfdl.do?sinfid=000012449985,2026-10-03,false
23221,愛知県,,,新城市,,079,東三河,23,木曽川,未確認,2010年包括区域の名称条件一致,新城市,要現行資料照合,2010-02-01,2026-01-01,2,https://www.e-stat.go.jp/SG1/estat/Pdfdl.do?sinfid=000012449985,2010-02-01,https://www.e-stat.go.jp/SG1/estat/Pdfdl.do?sinfid=000012449985,2026-10-03,false
23222,愛知県,,,東海市,,078,尾張西三河,23,木曽川,未確認,2010年包括区域の名称条件一致,東海市,要現行資料照合,2010-02-01,2026-01-01,2,https://www.e-stat.go.jp/SG1/estat/Pdfdl.do?sinfid=000012449985,2010-02-01,https://www.e-stat.go.jp/SG1/estat/Pdfdl.do?sinfid=000012449985,2026-10-03,false
23223,愛知県,,,大府市,,078,尾張西三河,23,木曽川,未確認,2010年包括区域の名称条件一致,大府市,要現行資料照合,2010-02-01,2026-01-01,2,https://www.e-stat.go.jp/SG1/estat/Pdfdl.do?sinfid=000012449985,2010-02-01,https://www.e-stat.go.jp/SG1/estat/Pdfdl.do?sinfid=000012449985,2026-10-03,false
23224,愛知県,,,知多市,,078,尾張西三河,23,木曽川,未確認,2010年包括区域の名称条件一致,知多市,要現行資料照合,2010-02-01,2026-01-01,2,https://www.e-stat.go.jp/SG1/estat/Pdfdl.do?sinfid=000012449985,2010-02-01,https://www.e-stat.go.jp/SG1/estat/Pdfdl.do?sinfid=000012449985,2026-10-03,false
23225,愛知県,,,知立市,,078,尾張西三河,23,木曽川,未確認,2010年包括区域の名称条件一致,知立市,要現行資料照合,2010-02-01,2026-01-01,2,https://www.e-stat.go.jp/SG1/estat/Pdfdl.do?sinfid=000012449985,2010-02-01,https://www.e-stat.go.jp/SG1/estat/Pdfdl.do?sinfid=000012449985,2026-10-03,false
23226,愛知県,,,尾張旭市,,078,尾張西三河,23,木曽川,未確認,2010年包括区域の名称条件一致,尾張旭市,要現行資料照合,2010-02-01,2026-01-01,2,https://www.e-stat.go.jp/SG1/estat/Pdfdl.do?sinfid=000012449985,2010-02-01,https://www.e-stat.go.jp/SG1/estat/Pdfdl.do?sinfid=000012449985,2026-10-03,false
23227,愛知県,,,高浜市,,078,尾張西三河,23,木曽川,未確認,2010年包括区域の名称条件一致,高浜市,要現行資料照合,2010-02-01,2026-01-01,2,https://www.e-stat.go.jp/SG1/estat/Pdfdl.do?sinfid=000012449985,2010-02-01,https://www.e-stat.go.jp/SG1/estat/Pdfdl.do?sinfid=000012449985,2026-10-03,false
23228,愛知県,,,岩倉市,,078,尾張西三河,23,木曽川,未確認,2010年包括区域の名称条件一致,岩倉市,要現行資料照合,2010-02-01,2026-01-01,2,https://www.e-stat.go.jp/SG1/estat/Pdfdl.do?sinfid=000012449985,2010-02-01,https://www.e-stat.go.jp/SG1/estat/Pdfdl.do?sinfid=000012449985,2026-10-03,false
23229,愛知県,,,豊明市,,078,尾張西三河,23,木曽川,未確認,2010年包括区域の名称条件一致,豊明市,要現行資料照合,2010-02-01,2026-01-01,2,https://www.e-stat.go.jp/SG1/estat/Pdfdl.do?sinfid=000012449985,2010-02-01,https://www.e-stat.go.jp/SG1/estat/Pdfdl.do?sinfid=000012449985,2026-10-03,false
23230,愛知県,,,日進市,,078,尾張西三河,23,木曽川,未確認,2010年包括区域の名称条件一致,日進市,要現行資料照合,2010-02-01,2026-01-01,2,https://www.e-stat.go.jp/SG1/estat/Pdfdl.do?sinfid=000012449985,2010-02-01,https://www.e-stat.go.jp/SG1/estat/Pdfdl.do?sinfid=000012449985,2026-10-03,false
23231,愛知県,,,田原市,,079,東三河,23,木曽川,未確認,2010年包括区域の名称条件一致,田原市,要現行資料照合,2010-02-01,2026-01-01,2,https://www.e-stat.go.jp/SG1/estat/Pdfdl.do?sinfid=000012449985,2010-02-01,https://www.e-stat.go.jp/SG1/estat/Pdfdl.do?sinfid=000012449985,2026-10-03,false
23232,愛知県,,,愛西市,,078,尾張西三河,23,木曽川,未確認,2010年包括区域の名称条件一致,愛西市,要現行資料照合,2010-02-01,2026-01-01,2,https://www.e-stat.go.jp/SG1/estat/Pdfdl.do?sinfid=000012449985,2010-02-01,https://www.e-stat.go.jp/SG1/estat/Pdfdl.do?sinfid=000012449985,2026-10-03,false
23233,愛知県,,,清須市,,078,尾張西三河,23,木曽川,未確認,2010年包括区域の名称条件一致,清須市,要現行資料照合,2010-02-01,2026-01-01,2,https://www.e-stat.go.jp/SG1/estat/Pdfdl.do?sinfid=000012449985,2010-02-01,https://www.e-stat.go.jp/SG1/estat/Pdfdl.do?sinfid=000012449985,2026-10-03,false
23234,愛知県,,,北名古屋市,,078,尾張西三河,23,木曽川,未確認,2010年包括区域の名称条件一致,北名古屋市,要現行資料照合,2010-02-01,2026-01-01,2,https://www.e-stat.go.jp/SG1/estat/Pdfdl.do?sinfid=000012449985,2010-02-01,https://www.e-stat.go.jp/SG1/estat/Pdfdl.do?sinfid=000012449985,2026-10-03,false
23235,愛知県,,,弥富市,,078,尾張西三河,23,木曽川,未確認,2010年包括区域の名称条件一致,弥富市,要現行資料照合,2010-02-01,2026-01-01,2,https://www.e-stat.go.jp/SG1/estat/Pdfdl.do?sinfid=000012449985,2010-02-01,https://www.e-stat.go.jp/SG1/estat/Pdfdl.do?sinfid=000012449985,2026-10-03,false
23236,愛知県,,,みよし市,,078,尾張西三河,23,木曽川,未確認,2010年包括区域の名称条件一致,みよし市,要現行資料照合,2010-02-01,2026-01-01,2,https://www.e-stat.go.jp/SG1/estat/Pdfdl.do?sinfid=000012449985,2010-02-01,https://www.e-stat.go.jp/SG1/estat/Pdfdl.do?sinfid=000012449985,2026-10-03,false
23237,愛知県,,,あま市,,,,,,未確認,名称一致なし,,未対応・要調査,2010-02-01,2026-01-01,,https://www.e-stat.go.jp/SG1/estat/Pdfdl.do?sinfid=000012449985,2010-02-01,https://www.e-stat.go.jp/SG1/estat/Pdfdl.do?sinfid=000012449985,2026-10-03,false
23238,愛知県,,,長久手市,,,,,,未確認,名称一致なし,,未対応・要調査,2010-02-01,2026-01-01,,https://www.e-stat.go.jp/SG1/estat/Pdfdl.do?sinfid=000012449985,2010-02-01,https://www.e-stat.go.jp/SG1/estat/Pdfdl.do?sinfid=000012449985,2026-10-03,false
23302,愛知県,,愛知郡,東郷町,,078,尾張西三河,23,木曽川,未確認,2010年包括区域の名称条件一致,愛知郡,要現行資料照合,2010-02-01,2026-01-01,2,https://www.e-stat.go.jp/SG1/estat/Pdfdl.do?sinfid=000012449985,2010-02-01,https://www.e-stat.go.jp/SG1/estat/Pdfdl.do?sinfid=000012449985,2026-10-03,false
23342,愛知県,,西春日井郡,豊山町,,078,尾張西三河,23,木曽川,未確認,2010年包括区域の名称条件一致,西春日井郡,要現行資料照合,2010-02-01,2026-01-01,2,https://www.e-stat.go.jp/SG1/estat/Pdfdl.do?sinfid=000012449985,2010-02-01,https://www.e-stat.go.jp/SG1/estat/Pdfdl.do?sinfid=000012449985,2026-10-03,false
23361,愛知県,,丹羽郡,大口町,,078,尾張西三河,23,木曽川,未確認,2010年包括区域の名称条件一致,丹羽郡,要現行資料照合,2010-02-01,2026-01-01,2,https://www.e-stat.go.jp/SG1/estat/Pdfdl.do?sinfid=000012449985,2010-02-01,https://www.e-stat.go.jp/SG1/estat/Pdfdl.do?sinfid=000012449985,2026-10-03,false
23362,愛知県,,丹羽郡,扶桑町,,078,尾張西三河,23,木曽川,未確認,2010年包括区域の名称条件一致,丹羽郡,要現行資料照合,2010-02-01,2026-01-01,2,https://www.e-stat.go.jp/SG1/estat/Pdfdl.do?sinfid=000012449985,2010-02-01,https://www.e-stat.go.jp/SG1/estat/Pdfdl.do?sinfid=000012449985,2026-10-03,false
23424,愛知県,,海部郡,大治町,,078,尾張西三河,23,木曽川,未確認,2010年包括区域の名称条件一致,海部郡,要現行資料照合,2010-02-01,2026-01-01,2,https://www.e-stat.go.jp/SG1/estat/Pdfdl.do?sinfid=000012449985,2010-02-01,https://www.e-stat.go.jp/SG1/estat/Pdfdl.do?sinfid=000012449985,2026-10-03,false
23425,愛知県,,海部郡,蟹江町,,078,尾張西三河,23,木曽川,未確認,2010年包括区域の名称条件一致,海部郡,要現行資料照合,2010-02-01,2026-01-01,2,https://www.e-stat.go.jp/SG1/estat/Pdfdl.do?sinfid=000012449985,2010-02-01,https://www.e-stat.go.jp/SG1/estat/Pdfdl.do?sinfid=000012449985,2026-10-03,false
23427,愛知県,,海部郡,飛島村,,078,尾張西三河,23,木曽川,未確認,2010年包括区域の名称条件一致,海部郡,要現行資料照合,2010-02-01,2026-01-01,2,https://www.e-stat.go.jp/SG1/estat/Pdfdl.do?sinfid=000012449985,2010-02-01,https://www.e-stat.go.jp/SG1/estat/Pdfdl.do?sinfid=000012449985,2026-10-03,false
23441,愛知県,,知多郡,阿久比町,,078,尾張西三河,23,木曽川,未確認,2010年包括区域の名称条件一致,知多郡,要現行資料照合,2010-02-01,2026-01-01,2,https://www.e-stat.go.jp/SG1/estat/Pdfdl.do?sinfid=000012449985,2010-02-01,https://www.e-stat.go.jp/SG1/estat/Pdfdl.do?sinfid=000012449985,2026-10-03,false
23442,愛知県,,知多郡,東浦町,,078,尾張西三河,23,木曽川,未確認,2010年包括区域の名称条件一致,知多郡,要現行資料照合,2010-02-01,2026-01-01,2,https://www.e-stat.go.jp/SG1/estat/Pdfdl.do?sinfid=000012449985,2010-02-01,https://www.e-stat.go.jp/SG1/estat/Pdfdl.do?sinfid=000012449985,2026-10-03,false
23445,愛知県,,知多郡,南知多町,,078,尾張西三河,23,木曽川,未確認,2010年包括区域の名称条件一致,知多郡,要現行資料照合,2010-02-01,2026-01-01,2,https://www.e-stat.go.jp/SG1/estat/Pdfdl.do?sinfid=000012449985,2010-02-01,https://www.e-stat.go.jp/SG1/estat/Pdfdl.do?sinfid=000012449985,2026-10-03,false
23446,愛知県,,知多郡,美浜町,,078,尾張西三河,23,木曽川,未確認,2010年包括区域の名称条件一致,知多郡,要現行資料照合,2010-02-01,2026-01-01,2,https://www.e-stat.go.jp/SG1/estat/Pdfdl.do?sinfid=000012449985,2010-02-01,https://www.e-stat.go.jp/SG1/estat/Pdfdl.do?sinfid=000012449985,2026-10-03,false
23447,愛知県,,知多郡,武豊町,,078,尾張西三河,23,木曽川,未確認,2010年包括区域の名称条件一致,知多郡,要現行資料照合,2010-02-01,2026-01-01,2,https://www.e-stat.go.jp/SG1/estat/Pdfdl.do?sinfid=000012449985,2010-02-01,https://www.e-stat.go.jp/SG1/estat/Pdfdl.do?sinfid=000012449985,2026-10-03,false
23501,愛知県,,額田郡,幸田町,,078,尾張西三河,23,木曽川,未確認,2010年包括区域の名称条件一致,額田郡,要現行資料照合,2010-02-01,2026-01-01,2,https://www.e-stat.go.jp/SG1/estat/Pdfdl.do?sinfid=000012449985,2010-02-01,https://www.e-stat.go.jp/SG1/estat/Pdfdl.do?sinfid=000012449985,2026-10-03,false
23561,愛知県,,北設楽郡,設楽町,,079,東三河,23,木曽川,未確認,2010年包括区域の名称条件一致,北設楽郡,要現行資料照合,2010-02-01,2026-01-01,2,https://www.e-stat.go.jp/SG1/estat/Pdfdl.do?sinfid=000012449985,2010-02-01,https://www.e-stat.go.jp/SG1/estat/Pdfdl.do?sinfid=000012449985,2026-10-03,false
23562,愛知県,,北設楽郡,東栄町,,079,東三河,23,木曽川,未確認,2010年包括区域の名称条件一致,北設楽郡,要現行資料照合,2010-02-01,2026-01-01,2,https://www.e-stat.go.jp/SG1/estat/Pdfdl.do?sinfid=000012449985,2010-02-01,https://www.e-stat.go.jp/SG1/estat/Pdfdl.do?sinfid=000012449985,2026-10-03,false
23563,愛知県,,北設楽郡,豊根村,,079,東三河,23,木曽川,未確認,2010年包括区域の名称条件一致,北設楽郡,要現行資料照合,2010-02-01,2026-01-01,2,https://www.e-stat.go.jp/SG1/estat/Pdfdl.do?sinfid=000012449985,2010-02-01,https://www.e-stat.go.jp/SG1/estat/Pdfdl.do?sinfid=000012449985,2026-10-03,false
24201,三重県,,,津市,,081,北伊勢,26,宮川,未確認,2010年包括区域の名称条件一致,津市,要現行資料照合,2010-02-01,2026-01-01,3,https://www.e-stat.go.jp/SG1/estat/Pdfdl.do?sinfid=000012449985,2010-02-01,https://www.e-stat.go.jp/SG1/estat/Pdfdl.do?sinfid=000012449985,2026-10-03,false
24202,三重県,,,四日市市,,081,北伊勢,26,宮川,未確認,2010年包括区域の名称条件一致,四日市市,要現行資料照合,2010-02-01,2026-01-01,3,https://www.e-stat.go.jp/SG1/estat/Pdfdl.do?sinfid=000012449985,2010-02-01,https://www.e-stat.go.jp/SG1/estat/Pdfdl.do?sinfid=000012449985,2026-10-03,false
24203,三重県,,,伊勢市,,082,南伊勢,26,宮川,未確認,2010年包括区域の名称条件一致,伊勢市,要現行資料照合,2010-02-01,2026-01-01,3,https://www.e-stat.go.jp/SG1/estat/Pdfdl.do?sinfid=000012449985,2010-02-01,https://www.e-stat.go.jp/SG1/estat/Pdfdl.do?sinfid=000012449985,2026-10-03,false
24204,三重県,,,松阪市,,082,南伊勢,26,宮川,未確認,2010年包括区域の名称条件一致,松阪市,要現行資料照合,2010-02-01,2026-01-01,3,https://www.e-stat.go.jp/SG1/estat/Pdfdl.do?sinfid=000012449985,2010-02-01,https://www.e-stat.go.jp/SG1/estat/Pdfdl.do?sinfid=000012449985,2026-10-03,false
24205,三重県,,,桑名市,,081,北伊勢,26,宮川,未確認,2010年包括区域の名称条件一致,桑名市,要現行資料照合,2010-02-01,2026-01-01,3,https://www.e-stat.go.jp/SG1/estat/Pdfdl.do?sinfid=000012449985,2010-02-01,https://www.e-stat.go.jp/SG1/estat/Pdfdl.do?sinfid=000012449985,2026-10-03,false
24207,三重県,,,鈴鹿市,,081,北伊勢,26,宮川,未確認,2010年包括区域の名称条件一致,鈴鹿市,要現行資料照合,2010-02-01,2026-01-01,3,https://www.e-stat.go.jp/SG1/estat/Pdfdl.do?sinfid=000012449985,2010-02-01,https://www.e-stat.go.jp/SG1/estat/Pdfdl.do?sinfid=000012449985,2026-10-03,false
24208,三重県,,,名張市,,080,伊賀,25,淀川,未確認,2010年包括区域の名称条件一致,名張市,要現行資料照合,2010-02-01,2026-01-01,3,https://www.e-stat.go.jp/SG1/estat/Pdfdl.do?sinfid=000012449985,2010-02-01,https://www.e-stat.go.jp/SG1/estat/Pdfdl.do?sinfid=000012449985,2026-10-03,false
24209,三重県,,,尾鷲市,,083,尾鷲熊野,27,熊野川,未確認,2010年包括区域の名称条件一致,尾鷲市,要現行資料照合,2010-02-01,2026-01-01,3,https://www.e-stat.go.jp/SG1/estat/Pdfdl.do?sinfid=000012449985,2010-02-01,https://www.e-stat.go.jp/SG1/estat/Pdfdl.do?sinfid=000012449985,2026-10-03,false
24210,三重県,,,亀山市,,081,北伊勢,26,宮川,未確認,2010年包括区域の名称条件一致,亀山市,要現行資料照合,2010-02-01,2026-01-01,3,https://www.e-stat.go.jp/SG1/estat/Pdfdl.do?sinfid=000012449985,2010-02-01,https://www.e-stat.go.jp/SG1/estat/Pdfdl.do?sinfid=000012449985,2026-10-03,false
24211,三重県,,,鳥羽市,,082,南伊勢,26,宮川,未確認,2010年包括区域の名称条件一致,鳥羽市,要現行資料照合,2010-02-01,2026-01-01,3,https://www.e-stat.go.jp/SG1/estat/Pdfdl.do?sinfid=000012449985,2010-02-01,https://www.e-stat.go.jp/SG1/estat/Pdfdl.do?sinfid=000012449985,2026-10-03,false
24212,三重県,,,熊野市,,083,尾鷲熊野,27,熊野川,未確認,2010年包括区域の名称条件一致,熊野市,要現行資料照合,2010-02-01,2026-01-01,3,https://www.e-stat.go.jp/SG1/estat/Pdfdl.do?sinfid=000012449985,2010-02-01,https://www.e-stat.go.jp/SG1/estat/Pdfdl.do?sinfid=000012449985,2026-10-03,false
24214,三重県,,,いなべ市,,081,北伊勢,26,宮川,未確認,2010年包括区域の名称条件一致,いなべ市,要現行資料照合,2010-02-01,2026-01-01,3,https://www.e-stat.go.jp/SG1/estat/Pdfdl.do?sinfid=000012449985,2010-02-01,https://www.e-stat.go.jp/SG1/estat/Pdfdl.do?sinfid=000012449985,2026-10-03,false
24215,三重県,,,志摩市,,082,南伊勢,26,宮川,未確認,2010年包括区域の名称条件一致,志摩市,要現行資料照合,2010-02-01,2026-01-01,3,https://www.e-stat.go.jp/SG1/estat/Pdfdl.do?sinfid=000012449985,2010-02-01,https://www.e-stat.go.jp/SG1/estat/Pdfdl.do?sinfid=000012449985,2026-10-03,false
24216,三重県,,,伊賀市,,080,伊賀,25,淀川,未確認,2010年包括区域の名称条件一致,伊賀市,要現行資料照合,2010-02-01,2026-01-01,3,https://www.e-stat.go.jp/SG1/estat/Pdfdl.do?sinfid=000012449985,2010-02-01,https://www.e-stat.go.jp/SG1/estat/Pdfdl.do?sinfid=000012449985,2026-10-03,false
24303,三重県,,桑名郡,木曽岬町,,081,北伊勢,26,宮川,未確認,2010年包括区域の名称条件一致,桑名郡,要現行資料照合,2010-02-01,2026-01-01,3,https://www.e-stat.go.jp/SG1/estat/Pdfdl.do?sinfid=000012449985,2010-02-01,https://www.e-stat.go.jp/SG1/estat/Pdfdl.do?sinfid=000012449985,2026-10-03,false
24324,三重県,,員弁郡,東員町,,081,北伊勢,26,宮川,未確認,2010年包括区域の名称条件一致,員弁郡,要現行資料照合,2010-02-01,2026-01-01,3,https://www.e-stat.go.jp/SG1/estat/Pdfdl.do?sinfid=000012449985,2010-02-01,https://www.e-stat.go.jp/SG1/estat/Pdfdl.do?sinfid=000012449985,2026-10-03,false
24341,三重県,,三重郡,菰野町,,081,北伊勢,26,宮川,未確認,2010年包括区域の名称条件一致,三重郡,要現行資料照合,2010-02-01,2026-01-01,3,https://www.e-stat.go.jp/SG1/estat/Pdfdl.do?sinfid=000012449985,2010-02-01,https://www.e-stat.go.jp/SG1/estat/Pdfdl.do?sinfid=000012449985,2026-10-03,false
24343,三重県,,三重郡,朝日町,,081,北伊勢,26,宮川,未確認,2010年包括区域の名称条件一致,三重郡,要現行資料照合,2010-02-01,2026-01-01,3,https://www.e-stat.go.jp/SG1/estat/Pdfdl.do?sinfid=000012449985,2010-02-01,https://www.e-stat.go.jp/SG1/estat/Pdfdl.do?sinfid=000012449985,2026-10-03,false
24344,三重県,,三重郡,川越町,,081,北伊勢,26,宮川,未確認,2010年包括区域の名称条件一致,三重郡,要現行資料照合,2010-02-01,2026-01-01,3,https://www.e-stat.go.jp/SG1/estat/Pdfdl.do?sinfid=000012449985,2010-02-01,https://www.e-stat.go.jp/SG1/estat/Pdfdl.do?sinfid=000012449985,2026-10-03,false
24441,三重県,,多気郡,多気町,,082,南伊勢,26,宮川,未確認,2010年包括区域の名称条件一致,多気郡,要現行資料照合,2010-02-01,2026-01-01,3,https://www.e-stat.go.jp/SG1/estat/Pdfdl.do?sinfid=000012449985,2010-02-01,https://www.e-stat.go.jp/SG1/estat/Pdfdl.do?sinfid=000012449985,2026-10-03,false
24442,三重県,,多気郡,明和町,,082,南伊勢,26,宮川,未確認,2010年包括区域の名称条件一致,多気郡,要現行資料照合,2010-02-01,2026-01-01,3,https://www.e-stat.go.jp/SG1/estat/Pdfdl.do?sinfid=000012449985,2010-02-01,https://www.e-stat.go.jp/SG1/estat/Pdfdl.do?sinfid=000012449985,2026-10-03,false
24443,三重県,,多気郡,大台町,,082,南伊勢,26,宮川,未確認,2010年包括区域の名称条件一致,多気郡,要現行資料照合,2010-02-01,2026-01-01,3,https://www.e-stat.go.jp/SG1/estat/Pdfdl.do?sinfid=000012449985,2010-02-01,https://www.e-stat.go.jp/SG1/estat/Pdfdl.do?sinfid=000012449985,2026-10-03,false
24461,三重県,,度会郡,玉城町,,082,南伊勢,26,宮川,未確認,2010年包括区域の名称条件一致,度会郡,要現行資料照合,2010-02-01,2026-01-01,3,https://www.e-stat.go.jp/SG1/estat/Pdfdl.do?sinfid=000012449985,2010-02-01,https://www.e-stat.go.jp/SG1/estat/Pdfdl.do?sinfid=000012449985,2026-10-03,false
24470,三重県,,度会郡,度会町,,082,南伊勢,26,宮川,未確認,2010年包括区域の名称条件一致,度会郡,要現行資料照合,2010-02-01,2026-01-01,3,https://www.e-stat.go.jp/SG1/estat/Pdfdl.do?sinfid=000012449985,2010-02-01,https://www.e-stat.go.jp/SG1/estat/Pdfdl.do?sinfid=000012449985,2026-10-03,false
24471,三重県,,度会郡,大紀町,,082,南伊勢,26,宮川,未確認,2010年包括区域の名称条件一致,度会郡,要現行資料照合,2010-02-01,2026-01-01,3,https://www.e-stat.go.jp/SG1/estat/Pdfdl.do?sinfid=000012449985,2010-02-01,https://www.e-stat.go.jp/SG1/estat/Pdfdl.do?sinfid=000012449985,2026-10-03,false
24472,三重県,,度会郡,南伊勢町,,082,南伊勢,26,宮川,未確認,2010年包括区域の名称条件一致,度会郡,要現行資料照合,2010-02-01,2026-01-01,3,https://www.e-stat.go.jp/SG1/estat/Pdfdl.do?sinfid=000012449985,2010-02-01,https://www.e-stat.go.jp/SG1/estat/Pdfdl.do?sinfid=000012449985,2026-10-03,false
24543,三重県,,北牟婁郡,紀北町,,083,尾鷲熊野,27,熊野川,未確認,2010年包括区域の名称条件一致,北牟婁郡,要現行資料照合,2010-02-01,2026-01-01,3,https://www.e-stat.go.jp/SG1/estat/Pdfdl.do?sinfid=000012449985,2010-02-01,https://www.e-stat.go.jp/SG1/estat/Pdfdl.do?sinfid=000012449985,2026-10-03,false
24561,三重県,,南牟婁郡,御浜町,,083,尾鷲熊野,27,熊野川,未確認,2010年包括区域の名称条件一致,南牟婁郡,要現行資料照合,2010-02-01,2026-01-01,3,https://www.e-stat.go.jp/SG1/estat/Pdfdl.do?sinfid=000012449985,2010-02-01,https://www.e-stat.go.jp/SG1/estat/Pdfdl.do?sinfid=000012449985,2026-10-03,false
24562,三重県,,南牟婁郡,紀宝町,,083,尾鷲熊野,27,熊野川,未確認,2010年包括区域の名称条件一致,南牟婁郡,要現行資料照合,2010-02-01,2026-01-01,3,https://www.e-stat.go.jp/SG1/estat/Pdfdl.do?sinfid=000012449985,2010-02-01,https://www.e-stat.go.jp/SG1/estat/Pdfdl.do?sinfid=000012449985,2026-10-03,false
25201,滋賀県,,,大津市,,085,湖南,25,淀川,未確認,2010年包括区域の名称条件一致,大津市,要現行資料照合,2010-02-01,2026-01-01,3,https://www.e-stat.go.jp/SG1/estat/Pdfdl.do?sinfid=000012449985,2010-02-01,https://www.e-stat.go.jp/SG1/estat/Pdfdl.do?sinfid=000012449985,2026-10-03,false
25202,滋賀県,,,彦根市,,084,湖北,25,淀川,未確認,2010年包括区域の名称条件一致,彦根市,要現行資料照合,2010-02-01,2026-01-01,3,https://www.e-stat.go.jp/SG1/estat/Pdfdl.do?sinfid=000012449985,2010-02-01,https://www.e-stat.go.jp/SG1/estat/Pdfdl.do?sinfid=000012449985,2026-10-03,false
25203,滋賀県,,,長浜市,,084,湖北,25,淀川,未確認,2010年包括区域の名称条件一致,長浜市,要現行資料照合,2010-02-01,2026-01-01,3,https://www.e-stat.go.jp/SG1/estat/Pdfdl.do?sinfid=000012449985,2010-02-01,https://www.e-stat.go.jp/SG1/estat/Pdfdl.do?sinfid=000012449985,2026-10-03,false
25204,滋賀県,,,近江八幡市,,085,湖南,25,淀川,未確認,2010年包括区域の名称条件一致,近江八幡市,要現行資料照合,2010-02-01,2026-01-01,3,https://www.e-stat.go.jp/SG1/estat/Pdfdl.do?sinfid=000012449985,2010-02-01,https://www.e-stat.go.jp/SG1/estat/Pdfdl.do?sinfid=000012449985,2026-10-03,false
25206,滋賀県,,,草津市,,085,湖南,25,淀川,未確認,2010年包括区域の名称条件一致,草津市,要現行資料照合,2010-02-01,2026-01-01,3,https://www.e-stat.go.jp/SG1/estat/Pdfdl.do?sinfid=000012449985,2010-02-01,https://www.e-stat.go.jp/SG1/estat/Pdfdl.do?sinfid=000012449985,2026-10-03,false
25207,滋賀県,,,守山市,,085,湖南,25,淀川,未確認,2010年包括区域の名称条件一致,守山市,要現行資料照合,2010-02-01,2026-01-01,3,https://www.e-stat.go.jp/SG1/estat/Pdfdl.do?sinfid=000012449985,2010-02-01,https://www.e-stat.go.jp/SG1/estat/Pdfdl.do?sinfid=000012449985,2026-10-03,false
25208,滋賀県,,,栗東市,,085,湖南,25,淀川,未確認,2010年包括区域の名称条件一致,栗東市,要現行資料照合,2010-02-01,2026-01-01,3,https://www.e-stat.go.jp/SG1/estat/Pdfdl.do?sinfid=000012449985,2010-02-01,https://www.e-stat.go.jp/SG1/estat/Pdfdl.do?sinfid=000012449985,2026-10-03,false
25209,滋賀県,,,甲賀市,,085,湖南,25,淀川,未確認,2010年包括区域の名称条件一致,甲賀市,要現行資料照合,2010-02-01,2026-01-01,3,https://www.e-stat.go.jp/SG1/estat/Pdfdl.do?sinfid=000012449985,2010-02-01,https://www.e-stat.go.jp/SG1/estat/Pdfdl.do?sinfid=000012449985,2026-10-03,false
25210,滋賀県,,,野洲市,,085,湖南,25,淀川,未確認,2010年包括区域の名称条件一致,野洲市,要現行資料照合,2010-02-01,2026-01-01,3,https://www.e-stat.go.jp/SG1/estat/Pdfdl.do?sinfid=000012449985,2010-02-01,https://www.e-stat.go.jp/SG1/estat/Pdfdl.do?sinfid=000012449985,2026-10-03,false
25211,滋賀県,,,湖南市,,085,湖南,25,淀川,未確認,2010年包括区域の名称条件一致,湖南市,要現行資料照合,2010-02-01,2026-01-01,3,https://www.e-stat.go.jp/SG1/estat/Pdfdl.do?sinfid=000012449985,2010-02-01,https://www.e-stat.go.jp/SG1/estat/Pdfdl.do?sinfid=000012449985,2026-10-03,false
25212,滋賀県,,,高島市,,084,湖北,25,淀川,未確認,2010年包括区域の名称条件一致,高島市,要現行資料照合,2010-02-01,2026-01-01,3,https://www.e-stat.go.jp/SG1/estat/Pdfdl.do?sinfid=000012449985,2010-02-01,https://www.e-stat.go.jp/SG1/estat/Pdfdl.do?sinfid=000012449985,2026-10-03,false
25213,滋賀県,,,東近江市,,085,湖南,25,淀川,未確認,2010年包括区域の名称条件一致,東近江市,要現行資料照合,2010-02-01,2026-01-01,3,https://www.e-stat.go.jp/SG1/estat/Pdfdl.do?sinfid=000012449985,2010-02-01,https://www.e-stat.go.jp/SG1/estat/Pdfdl.do?sinfid=000012449985,2026-10-03,false
25214,滋賀県,,,米原市,,084,湖北,25,淀川,未確認,2010年包括区域の名称条件一致,米原市,要現行資料照合,2010-02-01,2026-01-01,3,https://www.e-stat.go.jp/SG1/estat/Pdfdl.do?sinfid=000012449985,2010-02-01,https://www.e-stat.go.jp/SG1/estat/Pdfdl.do?sinfid=000012449985,2026-10-03,false
25383,滋賀県,,蒲生郡,日野町,,085,湖南,25,淀川,未確認,2010年包括区域の名称条件一致,蒲生郡,要現行資料照合,2010-02-01,2026-01-01,3,https://www.e-stat.go.jp/SG1/estat/Pdfdl.do?sinfid=000012449985,2010-02-01,https://www.e-stat.go.jp/SG1/estat/Pdfdl.do?sinfid=000012449985,2026-10-03,false
25384,滋賀県,,蒲生郡,竜王町,,085,湖南,25,淀川,未確認,2010年包括区域の名称条件一致,蒲生郡,要現行資料照合,2010-02-01,2026-01-01,3,https://www.e-stat.go.jp/SG1/estat/Pdfdl.do?sinfid=000012449985,2010-02-01,https://www.e-stat.go.jp/SG1/estat/Pdfdl.do?sinfid=000012449985,2026-10-03,false
25425,滋賀県,,愛知郡,愛荘町,,084,湖北,25,淀川,未確認,2010年包括区域の名称条件一致,愛知郡,要現行資料照合,2010-02-01,2026-01-01,3,https://www.e-stat.go.jp/SG1/estat/Pdfdl.do?sinfid=000012449985,2010-02-01,https://www.e-stat.go.jp/SG1/estat/Pdfdl.do?sinfid=000012449985,2026-10-03,false
25441,滋賀県,,犬上郡,豊郷町,,084,湖北,25,淀川,未確認,2010年包括区域の名称条件一致,犬上郡,要現行資料照合,2010-02-01,2026-01-01,3,https://www.e-stat.go.jp/SG1/estat/Pdfdl.do?sinfid=000012449985,2010-02-01,https://www.e-stat.go.jp/SG1/estat/Pdfdl.do?sinfid=000012449985,2026-10-03,false
25442,滋賀県,,犬上郡,甲良町,,084,湖北,25,淀川,未確認,2010年包括区域の名称条件一致,犬上郡,要現行資料照合,2010-02-01,2026-01-01,3,https://www.e-stat.go.jp/SG1/estat/Pdfdl.do?sinfid=000012449985,2010-02-01,https://www.e-stat.go.jp/SG1/estat/Pdfdl.do?sinfid=000012449985,2026-10-03,false
25443,滋賀県,,犬上郡,多賀町,,084,湖北,25,淀川,未確認,2010年包括区域の名称条件一致,犬上郡,要現行資料照合,2010-02-01,2026-01-01,3,https://www.e-stat.go.jp/SG1/estat/Pdfdl.do?sinfid=000012449985,2010-02-01,https://www.e-stat.go.jp/SG1/estat/Pdfdl.do?sinfid=000012449985,2026-10-03,false
26101,京都府,,,京都市,北区,087,淀川上流,25,淀川,未確認,2010年包括区域の名称条件一致,京都市,要現行資料照合,2010-02-01,2026-01-01,3,https://www.e-stat.go.jp/SG1/estat/Pdfdl.do?sinfid=000012449985,2010-02-01,https://www.e-stat.go.jp/SG1/estat/Pdfdl.do?sinfid=000012449985,2026-10-03,false
26102,京都府,,,京都市,上京区,087,淀川上流,25,淀川,未確認,2010年包括区域の名称条件一致,京都市,要現行資料照合,2010-02-01,2026-01-01,3,https://www.e-stat.go.jp/SG1/estat/Pdfdl.do?sinfid=000012449985,2010-02-01,https://www.e-stat.go.jp/SG1/estat/Pdfdl.do?sinfid=000012449985,2026-10-03,false
26103,京都府,,,京都市,左京区,087,淀川上流,25,淀川,未確認,2010年包括区域の名称条件一致,京都市,要現行資料照合,2010-02-01,2026-01-01,3,https://www.e-stat.go.jp/SG1/estat/Pdfdl.do?sinfid=000012449985,2010-02-01,https://www.e-stat.go.jp/SG1/estat/Pdfdl.do?sinfid=000012449985,2026-10-03,false
26104,京都府,,,京都市,中京区,087,淀川上流,25,淀川,未確認,2010年包括区域の名称条件一致,京都市,要現行資料照合,2010-02-01,2026-01-01,3,https://www.e-stat.go.jp/SG1/estat/Pdfdl.do?sinfid=000012449985,2010-02-01,https://www.e-stat.go.jp/SG1/estat/Pdfdl.do?sinfid=000012449985,2026-10-03,false
26105,京都府,,,京都市,東山区,087,淀川上流,25,淀川,未確認,2010年包括区域の名称条件一致,京都市,要現行資料照合,2010-02-01,2026-01-01,3,https://www.e-stat.go.jp/SG1/estat/Pdfdl.do?sinfid=000012449985,2010-02-01,https://www.e-stat.go.jp/SG1/estat/Pdfdl.do?sinfid=000012449985,2026-10-03,false
26106,京都府,,,京都市,下京区,087,淀川上流,25,淀川,未確認,2010年包括区域の名称条件一致,京都市,要現行資料照合,2010-02-01,2026-01-01,3,https://www.e-stat.go.jp/SG1/estat/Pdfdl.do?sinfid=000012449985,2010-02-01,https://www.e-stat.go.jp/SG1/estat/Pdfdl.do?sinfid=000012449985,2026-10-03,false
26107,京都府,,,京都市,南区,087,淀川上流,25,淀川,未確認,2010年包括区域の名称条件一致,京都市,要現行資料照合,2010-02-01,2026-01-01,3,https://www.e-stat.go.jp/SG1/estat/Pdfdl.do?sinfid=000012449985,2010-02-01,https://www.e-stat.go.jp/SG1/estat/Pdfdl.do?sinfid=000012449985,2026-10-03,false
26108,京都府,,,京都市,右京区,087,淀川上流,25,淀川,未確認,2010年包括区域の名称条件一致,京都市,要現行資料照合,2010-02-01,2026-01-01,3,https://www.e-stat.go.jp/SG1/estat/Pdfdl.do?sinfid=000012449985,2010-02-01,https://www.e-stat.go.jp/SG1/estat/Pdfdl.do?sinfid=000012449985,2026-10-03,false
26109,京都府,,,京都市,伏見区,087,淀川上流,25,淀川,未確認,2010年包括区域の名称条件一致,京都市,要現行資料照合,2010-02-01,2026-01-01,3,https://www.e-stat.go.jp/SG1/estat/Pdfdl.do?sinfid=000012449985,2010-02-01,https://www.e-stat.go.jp/SG1/estat/Pdfdl.do?sinfid=000012449985,2026-10-03,false
26110,京都府,,,京都市,山科区,087,淀川上流,25,淀川,未確認,2010年包括区域の名称条件一致,京都市,要現行資料照合,2010-02-01,2026-01-01,3,https://www.e-stat.go.jp/SG1/estat/Pdfdl.do?sinfid=000012449985,2010-02-01,https://www.e-stat.go.jp/SG1/estat/Pdfdl.do?sinfid=000012449985,2026-10-03,false
26111,京都府,,,京都市,西京区,087,淀川上流,25,淀川,未確認,2010年包括区域の名称条件一致,京都市,要現行資料照合,2010-02-01,2026-01-01,3,https://www.e-stat.go.jp/SG1/estat/Pdfdl.do?sinfid=000012449985,2010-02-01,https://www.e-stat.go.jp/SG1/estat/Pdfdl.do?sinfid=000012449985,2026-10-03,false
26201,京都府,,,福知山市,,086,由良川,24,由良川,未確認,2010年包括区域の名称条件一致,福知山市,要現行資料照合,2010-02-01,2026-01-01,3,https://www.e-stat.go.jp/SG1/estat/Pdfdl.do?sinfid=000012449985,2010-02-01,https://www.e-stat.go.jp/SG1/estat/Pdfdl.do?sinfid=000012449985,2026-10-03,false
26202,京都府,,,舞鶴市,,086,由良川,24,由良川,未確認,2010年包括区域の名称条件一致,舞鶴市,要現行資料照合,2010-02-01,2026-01-01,3,https://www.e-stat.go.jp/SG1/estat/Pdfdl.do?sinfid=000012449985,2010-02-01,https://www.e-stat.go.jp/SG1/estat/Pdfdl.do?sinfid=000012449985,2026-10-03,false
26203,京都府,,,綾部市,,086,由良川,24,由良川,未確認,2010年包括区域の名称条件一致,綾部市,要現行資料照合,2010-02-01,2026-01-01,3,https://www.e-stat.go.jp/SG1/estat/Pdfdl.do?sinfid=000012449985,2010-02-01,https://www.e-stat.go.jp/SG1/estat/Pdfdl.do?sinfid=000012449985,2026-10-03,false
26204,京都府,,,宇治市,,087,淀川上流,25,淀川,未確認,2010年包括区域の名称条件一致,宇治市,要現行資料照合,2010-02-01,2026-01-01,3,https://www.e-stat.go.jp/SG1/estat/Pdfdl.do?sinfid=000012449985,2010-02-01,https://www.e-stat.go.jp/SG1/estat/Pdfdl.do?sinfid=000012449985,2026-10-03,false
26205,京都府,,,宮津市,,086,由良川,24,由良川,未確認,2010年包括区域の名称条件一致,宮津市,要現行資料照合,2010-02-01,2026-01-01,3,https://www.e-stat.go.jp/SG1/estat/Pdfdl.do?sinfid=000012449985,2010-02-01,https://www.e-stat.go.jp/SG1/estat/Pdfdl.do?sinfid=000012449985,2026-10-03,false
26206,京都府,,,亀岡市,,087,淀川上流,25,淀川,未確認,2010年包括区域の名称条件一致,亀岡市,要現行資料照合,2010-02-01,2026-01-01,3,https://www.e-stat.go.jp/SG1/estat/Pdfdl.do?sinfid=000012449985,2010-02-01,https://www.e-stat.go.jp/SG1/estat/Pdfdl.do?sinfid=000012449985,2026-10-03,false
26207,京都府,,,城陽市,,087,淀川上流,25,淀川,未確認,2010年包括区域の名称条件一致,城陽市,要現行資料照合,2010-02-01,2026-01-01,3,https://www.e-stat.go.jp/SG1/estat/Pdfdl.do?sinfid=000012449985,2010-02-01,https://www.e-stat.go.jp/SG1/estat/Pdfdl.do?sinfid=000012449985,2026-10-03,false
26208,京都府,,,向日市,,087,淀川上流,25,淀川,未確認,2010年包括区域の名称条件一致,向日市,要現行資料照合,2010-02-01,2026-01-01,3,https://www.e-stat.go.jp/SG1/estat/Pdfdl.do?sinfid=000012449985,2010-02-01,https://www.e-stat.go.jp/SG1/estat/Pdfdl.do?sinfid=000012449985,2026-10-03,false
26209,京都府,,,長岡京市,,087,淀川上流,25,淀川,未確認,2010年包括区域の名称条件一致,長岡京市,要現行資料照合,2010-02-01,2026-01-01,3,https://www.e-stat.go.jp/SG1/estat/Pdfdl.do?sinfid=000012449985,2010-02-01,https://www.e-stat.go.jp/SG1/estat/Pdfdl.do?sinfid=000012449985,2026-10-03,false
26210,京都府,,,八幡市,,087,淀川上流,25,淀川,未確認,2010年包括区域の名称条件一致,八幡市,要現行資料照合,2010-02-01,2026-01-01,3,https://www.e-stat.go.jp/SG1/estat/Pdfdl.do?sinfid=000012449985,2010-02-01,https://www.e-stat.go.jp/SG1/estat/Pdfdl.do?sinfid=000012449985,2026-10-03,false
26211,京都府,,,京田辺市,,087,淀川上流,25,淀川,未確認,2010年包括区域の名称条件一致,京田辺市,要現行資料照合,2010-02-01,2026-01-01,3,https://www.e-stat.go.jp/SG1/estat/Pdfdl.do?sinfid=000012449985,2010-02-01,https://www.e-stat.go.jp/SG1/estat/Pdfdl.do?sinfid=000012449985,2026-10-03,false
26212,京都府,,,京丹後市,,086,由良川,24,由良川,未確認,2010年包括区域の名称条件一致,京丹後市,要現行資料照合,2010-02-01,2026-01-01,3,https://www.e-stat.go.jp/SG1/estat/Pdfdl.do?sinfid=000012449985,2010-02-01,https://www.e-stat.go.jp/SG1/estat/Pdfdl.do?sinfid=000012449985,2026-10-03,false
26213,京都府,,,南丹市,,087,淀川上流,25,淀川,未確認,2010年包括区域の名称条件一致,南丹市,要現行資料照合,2010-02-01,2026-01-01,3,https://www.e-stat.go.jp/SG1/estat/Pdfdl.do?sinfid=000012449985,2010-02-01,https://www.e-stat.go.jp/SG1/estat/Pdfdl.do?sinfid=000012449985,2026-10-03,false
26214,京都府,,,木津川市,,087,淀川上流,25,淀川,未確認,2010年包括区域の名称条件一致,木津川市,要現行資料照合,2010-02-01,2026-01-01,3,https://www.e-stat.go.jp/SG1/estat/Pdfdl.do?sinfid=000012449985,2010-02-01,https://www.e-stat.go.jp/SG1/estat/Pdfdl.do?sinfid=000012449985,2026-10-03,false
26303,京都府,,乙訓郡,大山崎町,,087,淀川上流,25,淀川,未確認,2010年包括区域の名称条件一致,乙訓郡,要現行資料照合,2010-02-01,2026-01-01,3,https://www.e-stat.go.jp/SG1/estat/Pdfdl.do?sinfid=000012449985,2010-02-01,https://www.e-stat.go.jp/SG1/estat/Pdfdl.do?sinfid=000012449985,2026-10-03,false
26322,京都府,,久世郡,久御山町,,087,淀川上流,25,淀川,未確認,2010年包括区域の名称条件一致,久世郡,要現行資料照合,2010-02-01,2026-01-01,3,https://www.e-stat.go.jp/SG1/estat/Pdfdl.do?sinfid=000012449985,2010-02-01,https://www.e-stat.go.jp/SG1/estat/Pdfdl.do?sinfid=000012449985,2026-10-03,false
26343,京都府,,綴喜郡,井手町,,087,淀川上流,25,淀川,未確認,2010年包括区域の名称条件一致,綴喜郡,要現行資料照合,2010-02-01,2026-01-01,3,https://www.e-stat.go.jp/SG1/estat/Pdfdl.do?sinfid=000012449985,2010-02-01,https://www.e-stat.go.jp/SG1/estat/Pdfdl.do?sinfid=000012449985,2026-10-03,false
26344,京都府,,綴喜郡,宇治田原町,,087,淀川上流,25,淀川,未確認,2010年包括区域の名称条件一致,綴喜郡,要現行資料照合,2010-02-01,2026-01-01,3,https://www.e-stat.go.jp/SG1/estat/Pdfdl.do?sinfid=000012449985,2010-02-01,https://www.e-stat.go.jp/SG1/estat/Pdfdl.do?sinfid=000012449985,2026-10-03,false
26364,京都府,,相楽郡,笠置町,,087,淀川上流,25,淀川,未確認,2010年包括区域の名称条件一致,相楽郡,要現行資料照合,2010-02-01,2026-01-01,3,https://www.e-stat.go.jp/SG1/estat/Pdfdl.do?sinfid=000012449985,2010-02-01,https://www.e-stat.go.jp/SG1/estat/Pdfdl.do?sinfid=000012449985,2026-10-03,false
26365,京都府,,相楽郡,和束町,,087,淀川上流,25,淀川,未確認,2010年包括区域の名称条件一致,相楽郡,要現行資料照合,2010-02-01,2026-01-01,3,https://www.e-stat.go.jp/SG1/estat/Pdfdl.do?sinfid=000012449985,2010-02-01,https://www.e-stat.go.jp/SG1/estat/Pdfdl.do?sinfid=000012449985,2026-10-03,false
26366,京都府,,相楽郡,精華町,,087,淀川上流,25,淀川,未確認,2010年包括区域の名称条件一致,相楽郡,要現行資料照合,2010-02-01,2026-01-01,3,https://www.e-stat.go.jp/SG1/estat/Pdfdl.do?sinfid=000012449985,2010-02-01,https://www.e-stat.go.jp/SG1/estat/Pdfdl.do?sinfid=000012449985,2026-10-03,false
26367,京都府,,相楽郡,南山城村,,087,淀川上流,25,淀川,未確認,2010年包括区域の名称条件一致,相楽郡,要現行資料照合,2010-02-01,2026-01-01,3,https://www.e-stat.go.jp/SG1/estat/Pdfdl.do?sinfid=000012449985,2010-02-01,https://www.e-stat.go.jp/SG1/estat/Pdfdl.do?sinfid=000012449985,2026-10-03,false
26407,京都府,,船井郡,京丹波町,,086,由良川,24,由良川,未確認,2010年包括区域の名称条件一致,船井郡,要現行資料照合,2010-02-01,2026-01-01,3,https://www.e-stat.go.jp/SG1/estat/Pdfdl.do?sinfid=000012449985,2010-02-01,https://www.e-stat.go.jp/SG1/estat/Pdfdl.do?sinfid=000012449985,2026-10-03,false
26463,京都府,,与謝郡,伊根町,,086,由良川,24,由良川,未確認,2010年包括区域の名称条件一致,与謝郡,要現行資料照合,2010-02-01,2026-01-01,3,https://www.e-stat.go.jp/SG1/estat/Pdfdl.do?sinfid=000012449985,2010-02-01,https://www.e-stat.go.jp/SG1/estat/Pdfdl.do?sinfid=000012449985,2026-10-03,false
26465,京都府,,与謝郡,与謝野町,,086,由良川,24,由良川,未確認,2010年包括区域の名称条件一致,与謝郡,要現行資料照合,2010-02-01,2026-01-01,3,https://www.e-stat.go.jp/SG1/estat/Pdfdl.do?sinfid=000012449985,2010-02-01,https://www.e-stat.go.jp/SG1/estat/Pdfdl.do?sinfid=000012449985,2026-10-03,false
27102,大阪府,,,大阪市,都島区,088,大阪,25,淀川,未確認,2010年包括区域の名称条件一致,大阪府,要現行資料照合,2010-02-01,2026-01-01,3,https://www.e-stat.go.jp/SG1/estat/Pdfdl.do?sinfid=000012449985,2010-02-01,https://www.e-stat.go.jp/SG1/estat/Pdfdl.do?sinfid=000012449985,2026-10-03,false
27103,大阪府,,,大阪市,福島区,088,大阪,25,淀川,未確認,2010年包括区域の名称条件一致,大阪府,要現行資料照合,2010-02-01,2026-01-01,3,https://www.e-stat.go.jp/SG1/estat/Pdfdl.do?sinfid=000012449985,2010-02-01,https://www.e-stat.go.jp/SG1/estat/Pdfdl.do?sinfid=000012449985,2026-10-03,false
27104,大阪府,,,大阪市,此花区,088,大阪,25,淀川,未確認,2010年包括区域の名称条件一致,大阪府,要現行資料照合,2010-02-01,2026-01-01,3,https://www.e-stat.go.jp/SG1/estat/Pdfdl.do?sinfid=000012449985,2010-02-01,https://www.e-stat.go.jp/SG1/estat/Pdfdl.do?sinfid=000012449985,2026-10-03,false
27106,大阪府,,,大阪市,西区,088,大阪,25,淀川,未確認,2010年包括区域の名称条件一致,大阪府,要現行資料照合,2010-02-01,2026-01-01,3,https://www.e-stat.go.jp/SG1/estat/Pdfdl.do?sinfid=000012449985,2010-02-01,https://www.e-stat.go.jp/SG1/estat/Pdfdl.do?sinfid=000012449985,2026-10-03,false
27107,大阪府,,,大阪市,港区,088,大阪,25,淀川,未確認,2010年包括区域の名称条件一致,大阪府,要現行資料照合,2010-02-01,2026-01-01,3,https://www.e-stat.go.jp/SG1/estat/Pdfdl.do?sinfid=000012449985,2010-02-01,https://www.e-stat.go.jp/SG1/estat/Pdfdl.do?sinfid=000012449985,2026-10-03,false
27108,大阪府,,,大阪市,大正区,088,大阪,25,淀川,未確認,2010年包括区域の名称条件一致,大阪府,要現行資料照合,2010-02-01,2026-01-01,3,https://www.e-stat.go.jp/SG1/estat/Pdfdl.do?sinfid=000012449985,2010-02-01,https://www.e-stat.go.jp/SG1/estat/Pdfdl.do?sinfid=000012449985,2026-10-03,false
27109,大阪府,,,大阪市,天王寺区,088,大阪,25,淀川,未確認,2010年包括区域の名称条件一致,大阪府,要現行資料照合,2010-02-01,2026-01-01,3,https://www.e-stat.go.jp/SG1/estat/Pdfdl.do?sinfid=000012449985,2010-02-01,https://www.e-stat.go.jp/SG1/estat/Pdfdl.do?sinfid=000012449985,2026-10-03,false
27111,大阪府,,,大阪市,浪速区,088,大阪,25,淀川,未確認,2010年包括区域の名称条件一致,大阪府,要現行資料照合,2010-02-01,2026-01-01,3,https://www.e-stat.go.jp/SG1/estat/Pdfdl.do?sinfid=000012449985,2010-02-01,https://www.e-stat.go.jp/SG1/estat/Pdfdl.do?sinfid=000012449985,2026-10-03,false
27113,大阪府,,,大阪市,西淀川区,088,大阪,25,淀川,未確認,2010年包括区域の名称条件一致,大阪府,要現行資料照合,2010-02-01,2026-01-01,3,https://www.e-stat.go.jp/SG1/estat/Pdfdl.do?sinfid=000012449985,2010-02-01,https://www.e-stat.go.jp/SG1/estat/Pdfdl.do?sinfid=000012449985,2026-10-03,false
27114,大阪府,,,大阪市,東淀川区,088,大阪,25,淀川,未確認,2010年包括区域の名称条件一致,大阪府,要現行資料照合,2010-02-01,2026-01-01,3,https://www.e-stat.go.jp/SG1/estat/Pdfdl.do?sinfid=000012449985,2010-02-01,https://www.e-stat.go.jp/SG1/estat/Pdfdl.do?sinfid=000012449985,2026-10-03,false
27115,大阪府,,,大阪市,東成区,088,大阪,25,淀川,未確認,2010年包括区域の名称条件一致,大阪府,要現行資料照合,2010-02-01,2026-01-01,3,https://www.e-stat.go.jp/SG1/estat/Pdfdl.do?sinfid=000012449985,2010-02-01,https://www.e-stat.go.jp/SG1/estat/Pdfdl.do?sinfid=000012449985,2026-10-03,false
27116,大阪府,,,大阪市,生野区,088,大阪,25,淀川,未確認,2010年包括区域の名称条件一致,大阪府,要現行資料照合,2010-02-01,2026-01-01,3,https://www.e-stat.go.jp/SG1/estat/Pdfdl.do?sinfid=000012449985,2010-02-01,https://www.e-stat.go.jp/SG1/estat/Pdfdl.do?sinfid=000012449985,2026-10-03,false
27117,大阪府,,,大阪市,旭区,088,大阪,25,淀川,未確認,2010年包括区域の名称条件一致,大阪府,要現行資料照合,2010-02-01,2026-01-01,3,https://www.e-stat.go.jp/SG1/estat/Pdfdl.do?sinfid=000012449985,2010-02-01,https://www.e-stat.go.jp/SG1/estat/Pdfdl.do?sinfid=000012449985,2026-10-03,false
27118,大阪府,,,大阪市,城東区,088,大阪,25,淀川,未確認,2010年包括区域の名称条件一致,大阪府,要現行資料照合,2010-02-01,2026-01-01,3,https://www.e-stat.go.jp/SG1/estat/Pdfdl.do?sinfid=000012449985,2010-02-01,https://www.e-stat.go.jp/SG1/estat/Pdfdl.do?sinfid=000012449985,2026-10-03,false
27119,大阪府,,,大阪市,阿倍野区,088,大阪,25,淀川,未確認,2010年包括区域の名称条件一致,大阪府,要現行資料照合,2010-02-01,2026-01-01,3,https://www.e-stat.go.jp/SG1/estat/Pdfdl.do?sinfid=000012449985,2010-02-01,https://www.e-stat.go.jp/SG1/estat/Pdfdl.do?sinfid=000012449985,2026-10-03,false
27120,大阪府,,,大阪市,住吉区,088,大阪,25,淀川,未確認,2010年包括区域の名称条件一致,大阪府,要現行資料照合,2010-02-01,2026-01-01,3,https://www.e-stat.go.jp/SG1/estat/Pdfdl.do?sinfid=000012449985,2010-02-01,https://www.e-stat.go.jp/SG1/estat/Pdfdl.do?sinfid=000012449985,2026-10-03,false
27121,大阪府,,,大阪市,東住吉区,088,大阪,25,淀川,未確認,2010年包括区域の名称条件一致,大阪府,要現行資料照合,2010-02-01,2026-01-01,3,https://www.e-stat.go.jp/SG1/estat/Pdfdl.do?sinfid=000012449985,2010-02-01,https://www.e-stat.go.jp/SG1/estat/Pdfdl.do?sinfid=000012449985,2026-10-03,false
27122,大阪府,,,大阪市,西成区,088,大阪,25,淀川,未確認,2010年包括区域の名称条件一致,大阪府,要現行資料照合,2010-02-01,2026-01-01,3,https://www.e-stat.go.jp/SG1/estat/Pdfdl.do?sinfid=000012449985,2010-02-01,https://www.e-stat.go.jp/SG1/estat/Pdfdl.do?sinfid=000012449985,2026-10-03,false
27123,大阪府,,,大阪市,淀川区,088,大阪,25,淀川,未確認,2010年包括区域の名称条件一致,大阪府,要現行資料照合,2010-02-01,2026-01-01,3,https://www.e-stat.go.jp/SG1/estat/Pdfdl.do?sinfid=000012449985,2010-02-01,https://www.e-stat.go.jp/SG1/estat/Pdfdl.do?sinfid=000012449985,2026-10-03,false
27124,大阪府,,,大阪市,鶴見区,088,大阪,25,淀川,未確認,2010年包括区域の名称条件一致,大阪府,要現行資料照合,2010-02-01,2026-01-01,3,https://www.e-stat.go.jp/SG1/estat/Pdfdl.do?sinfid=000012449985,2010-02-01,https://www.e-stat.go.jp/SG1/estat/Pdfdl.do?sinfid=000012449985,2026-10-03,false
27125,大阪府,,,大阪市,住之江区,088,大阪,25,淀川,未確認,2010年包括区域の名称条件一致,大阪府,要現行資料照合,2010-02-01,2026-01-01,3,https://www.e-stat.go.jp/SG1/estat/Pdfdl.do?sinfid=000012449985,2010-02-01,https://www.e-stat.go.jp/SG1/estat/Pdfdl.do?sinfid=000012449985,2026-10-03,false
27126,大阪府,,,大阪市,平野区,088,大阪,25,淀川,未確認,2010年包括区域の名称条件一致,大阪府,要現行資料照合,2010-02-01,2026-01-01,3,https://www.e-stat.go.jp/SG1/estat/Pdfdl.do?sinfid=000012449985,2010-02-01,https://www.e-stat.go.jp/SG1/estat/Pdfdl.do?sinfid=000012449985,2026-10-03,false
27127,大阪府,,,大阪市,北区,088,大阪,25,淀川,未確認,2010年包括区域の名称条件一致,大阪府,要現行資料照合,2010-02-01,2026-01-01,3,https://www.e-stat.go.jp/SG1/estat/Pdfdl.do?sinfid=000012449985,2010-02-01,https://www.e-stat.go.jp/SG1/estat/Pdfdl.do?sinfid=000012449985,2026-10-03,false
27128,大阪府,,,大阪市,中央区,088,大阪,25,淀川,未確認,2010年包括区域の名称条件一致,大阪府,要現行資料照合,2010-02-01,2026-01-01,3,https://www.e-stat.go.jp/SG1/estat/Pdfdl.do?sinfid=000012449985,2010-02-01,https://www.e-stat.go.jp/SG1/estat/Pdfdl.do?sinfid=000012449985,2026-10-03,false
27141,大阪府,,,堺市,堺区,088,大阪,25,淀川,未確認,2010年包括区域の名称条件一致,大阪府,要現行資料照合,2010-02-01,2026-01-01,3,https://www.e-stat.go.jp/SG1/estat/Pdfdl.do?sinfid=000012449985,2010-02-01,https://www.e-stat.go.jp/SG1/estat/Pdfdl.do?sinfid=000012449985,2026-10-03,false
27142,大阪府,,,堺市,中区,088,大阪,25,淀川,未確認,2010年包括区域の名称条件一致,大阪府,要現行資料照合,2010-02-01,2026-01-01,3,https://www.e-stat.go.jp/SG1/estat/Pdfdl.do?sinfid=000012449985,2010-02-01,https://www.e-stat.go.jp/SG1/estat/Pdfdl.do?sinfid=000012449985,2026-10-03,false
27143,大阪府,,,堺市,東区,088,大阪,25,淀川,未確認,2010年包括区域の名称条件一致,大阪府,要現行資料照合,2010-02-01,2026-01-01,3,https://www.e-stat.go.jp/SG1/estat/Pdfdl.do?sinfid=000012449985,2010-02-01,https://www.e-stat.go.jp/SG1/estat/Pdfdl.do?sinfid=000012449985,2026-10-03,false
27144,大阪府,,,堺市,西区,088,大阪,25,淀川,未確認,2010年包括区域の名称条件一致,大阪府,要現行資料照合,2010-02-01,2026-01-01,3,https://www.e-stat.go.jp/SG1/estat/Pdfdl.do?sinfid=000012449985,2010-02-01,https://www.e-stat.go.jp/SG1/estat/Pdfdl.do?sinfid=000012449985,2026-10-03,false
27145,大阪府,,,堺市,南区,088,大阪,25,淀川,未確認,2010年包括区域の名称条件一致,大阪府,要現行資料照合,2010-02-01,2026-01-01,3,https://www.e-stat.go.jp/SG1/estat/Pdfdl.do?sinfid=000012449985,2010-02-01,https://www.e-stat.go.jp/SG1/estat/Pdfdl.do?sinfid=000012449985,2026-10-03,false
27146,大阪府,,,堺市,北区,088,大阪,25,淀川,未確認,2010年包括区域の名称条件一致,大阪府,要現行資料照合,2010-02-01,2026-01-01,3,https://www.e-stat.go.jp/SG1/estat/Pdfdl.do?sinfid=000012449985,2010-02-01,https://www.e-stat.go.jp/SG1/estat/Pdfdl.do?sinfid=000012449985,2026-10-03,false
27147,大阪府,,,堺市,美原区,088,大阪,25,淀川,未確認,2010年包括区域の名称条件一致,大阪府,要現行資料照合,2010-02-01,2026-01-01,3,https://www.e-stat.go.jp/SG1/estat/Pdfdl.do?sinfid=000012449985,2010-02-01,https://www.e-stat.go.jp/SG1/estat/Pdfdl.do?sinfid=000012449985,2026-10-03,false
27202,大阪府,,,岸和田市,,088,大阪,25,淀川,未確認,2010年包括区域の名称条件一致,大阪府,要現行資料照合,2010-02-01,2026-01-01,3,https://www.e-stat.go.jp/SG1/estat/Pdfdl.do?sinfid=000012449985,2010-02-01,https://www.e-stat.go.jp/SG1/estat/Pdfdl.do?sinfid=000012449985,2026-10-03,false
27203,大阪府,,,豊中市,,088,大阪,25,淀川,未確認,2010年包括区域の名称条件一致,大阪府,要現行資料照合,2010-02-01,2026-01-01,3,https://www.e-stat.go.jp/SG1/estat/Pdfdl.do?sinfid=000012449985,2010-02-01,https://www.e-stat.go.jp/SG1/estat/Pdfdl.do?sinfid=000012449985,2026-10-03,false
27204,大阪府,,,池田市,,088,大阪,25,淀川,未確認,2010年包括区域の名称条件一致,大阪府,要現行資料照合,2010-02-01,2026-01-01,3,https://www.e-stat.go.jp/SG1/estat/Pdfdl.do?sinfid=000012449985,2010-02-01,https://www.e-stat.go.jp/SG1/estat/Pdfdl.do?sinfid=000012449985,2026-10-03,false
27205,大阪府,,,吹田市,,088,大阪,25,淀川,未確認,2010年包括区域の名称条件一致,大阪府,要現行資料照合,2010-02-01,2026-01-01,3,https://www.e-stat.go.jp/SG1/estat/Pdfdl.do?sinfid=000012449985,2010-02-01,https://www.e-stat.go.jp/SG1/estat/Pdfdl.do?sinfid=000012449985,2026-10-03,false
27206,大阪府,,,泉大津市,,088,大阪,25,淀川,未確認,2010年包括区域の名称条件一致,大阪府,要現行資料照合,2010-02-01,2026-01-01,3,https://www.e-stat.go.jp/SG1/estat/Pdfdl.do?sinfid=000012449985,2010-02-01,https://www.e-stat.go.jp/SG1/estat/Pdfdl.do?sinfid=000012449985,2026-10-03,false
27207,大阪府,,,高槻市,,088,大阪,25,淀川,未確認,2010年包括区域の名称条件一致,大阪府,要現行資料照合,2010-02-01,2026-01-01,3,https://www.e-stat.go.jp/SG1/estat/Pdfdl.do?sinfid=000012449985,2010-02-01,https://www.e-stat.go.jp/SG1/estat/Pdfdl.do?sinfid=000012449985,2026-10-03,false
27208,大阪府,,,貝塚市,,088,大阪,25,淀川,未確認,2010年包括区域の名称条件一致,大阪府,要現行資料照合,2010-02-01,2026-01-01,3,https://www.e-stat.go.jp/SG1/estat/Pdfdl.do?sinfid=000012449985,2010-02-01,https://www.e-stat.go.jp/SG1/estat/Pdfdl.do?sinfid=000012449985,2026-10-03,false
27209,大阪府,,,守口市,,088,大阪,25,淀川,未確認,2010年包括区域の名称条件一致,大阪府,要現行資料照合,2010-02-01,2026-01-01,3,https://www.e-stat.go.jp/SG1/estat/Pdfdl.do?sinfid=000012449985,2010-02-01,https://www.e-stat.go.jp/SG1/estat/Pdfdl.do?sinfid=000012449985,2026-10-03,false
27210,大阪府,,,枚方市,,088,大阪,25,淀川,未確認,2010年包括区域の名称条件一致,大阪府,要現行資料照合,2010-02-01,2026-01-01,3,https://www.e-stat.go.jp/SG1/estat/Pdfdl.do?sinfid=000012449985,2010-02-01,https://www.e-stat.go.jp/SG1/estat/Pdfdl.do?sinfid=000012449985,2026-10-03,false
27211,大阪府,,,茨木市,,088,大阪,25,淀川,未確認,2010年包括区域の名称条件一致,大阪府,要現行資料照合,2010-02-01,2026-01-01,3,https://www.e-stat.go.jp/SG1/estat/Pdfdl.do?sinfid=000012449985,2010-02-01,https://www.e-stat.go.jp/SG1/estat/Pdfdl.do?sinfid=000012449985,2026-10-03,false
27212,大阪府,,,八尾市,,088,大阪,25,淀川,未確認,2010年包括区域の名称条件一致,大阪府,要現行資料照合,2010-02-01,2026-01-01,3,https://www.e-stat.go.jp/SG1/estat/Pdfdl.do?sinfid=000012449985,2010-02-01,https://www.e-stat.go.jp/SG1/estat/Pdfdl.do?sinfid=000012449985,2026-10-03,false
27213,大阪府,,,泉佐野市,,088,大阪,25,淀川,未確認,2010年包括区域の名称条件一致,大阪府,要現行資料照合,2010-02-01,2026-01-01,3,https://www.e-stat.go.jp/SG1/estat/Pdfdl.do?sinfid=000012449985,2010-02-01,https://www.e-stat.go.jp/SG1/estat/Pdfdl.do?sinfid=000012449985,2026-10-03,false
27214,大阪府,,,富田林市,,088,大阪,25,淀川,未確認,2010年包括区域の名称条件一致,大阪府,要現行資料照合,2010-02-01,2026-01-01,3,https://www.e-stat.go.jp/SG1/estat/Pdfdl.do?sinfid=000012449985,2010-02-01,https://www.e-stat.go.jp/SG1/estat/Pdfdl.do?sinfid=000012449985,2026-10-03,false
27215,大阪府,,,寝屋川市,,088,大阪,25,淀川,未確認,2010年包括区域の名称条件一致,大阪府,要現行資料照合,2010-02-01,2026-01-01,3,https://www.e-stat.go.jp/SG1/estat/Pdfdl.do?sinfid=000012449985,2010-02-01,https://www.e-stat.go.jp/SG1/estat/Pdfdl.do?sinfid=000012449985,2026-10-03,false
27216,大阪府,,,河内長野市,,088,大阪,25,淀川,未確認,2010年包括区域の名称条件一致,大阪府,要現行資料照合,2010-02-01,2026-01-01,3,https://www.e-stat.go.jp/SG1/estat/Pdfdl.do?sinfid=000012449985,2010-02-01,https://www.e-stat.go.jp/SG1/estat/Pdfdl.do?sinfid=000012449985,2026-10-03,false
27217,大阪府,,,松原市,,088,大阪,25,淀川,未確認,2010年包括区域の名称条件一致,大阪府,要現行資料照合,2010-02-01,2026-01-01,3,https://www.e-stat.go.jp/SG1/estat/Pdfdl.do?sinfid=000012449985,2010-02-01,https://www.e-stat.go.jp/SG1/estat/Pdfdl.do?sinfid=000012449985,2026-10-03,false
27218,大阪府,,,大東市,,088,大阪,25,淀川,未確認,2010年包括区域の名称条件一致,大阪府,要現行資料照合,2010-02-01,2026-01-01,3,https://www.e-stat.go.jp/SG1/estat/Pdfdl.do?sinfid=000012449985,2010-02-01,https://www.e-stat.go.jp/SG1/estat/Pdfdl.do?sinfid=000012449985,2026-10-03,false
27219,大阪府,,,和泉市,,088,大阪,25,淀川,未確認,2010年包括区域の名称条件一致,大阪府,要現行資料照合,2010-02-01,2026-01-01,3,https://www.e-stat.go.jp/SG1/estat/Pdfdl.do?sinfid=000012449985,2010-02-01,https://www.e-stat.go.jp/SG1/estat/Pdfdl.do?sinfid=000012449985,2026-10-03,false
27220,大阪府,,,箕面市,,088,大阪,25,淀川,未確認,2010年包括区域の名称条件一致,大阪府,要現行資料照合,2010-02-01,2026-01-01,3,https://www.e-stat.go.jp/SG1/estat/Pdfdl.do?sinfid=000012449985,2010-02-01,https://www.e-stat.go.jp/SG1/estat/Pdfdl.do?sinfid=000012449985,2026-10-03,false
27221,大阪府,,,柏原市,,088,大阪,25,淀川,未確認,2010年包括区域の名称条件一致,大阪府,要現行資料照合,2010-02-01,2026-01-01,3,https://www.e-stat.go.jp/SG1/estat/Pdfdl.do?sinfid=000012449985,2010-02-01,https://www.e-stat.go.jp/SG1/estat/Pdfdl.do?sinfid=000012449985,2026-10-03,false
27222,大阪府,,,羽曳野市,,088,大阪,25,淀川,未確認,2010年包括区域の名称条件一致,大阪府,要現行資料照合,2010-02-01,2026-01-01,3,https://www.e-stat.go.jp/SG1/estat/Pdfdl.do?sinfid=000012449985,2010-02-01,https://www.e-stat.go.jp/SG1/estat/Pdfdl.do?sinfid=000012449985,2026-10-03,false
27223,大阪府,,,門真市,,088,大阪,25,淀川,未確認,2010年包括区域の名称条件一致,大阪府,要現行資料照合,2010-02-01,2026-01-01,3,https://www.e-stat.go.jp/SG1/estat/Pdfdl.do?sinfid=000012449985,2010-02-01,https://www.e-stat.go.jp/SG1/estat/Pdfdl.do?sinfid=000012449985,2026-10-03,false
27224,大阪府,,,摂津市,,088,大阪,25,淀川,未確認,2010年包括区域の名称条件一致,大阪府,要現行資料照合,2010-02-01,2026-01-01,3,https://www.e-stat.go.jp/SG1/estat/Pdfdl.do?sinfid=000012449985,2010-02-01,https://www.e-stat.go.jp/SG1/estat/Pdfdl.do?sinfid=000012449985,2026-10-03,false
27225,大阪府,,,高石市,,088,大阪,25,淀川,未確認,2010年包括区域の名称条件一致,大阪府,要現行資料照合,2010-02-01,2026-01-01,3,https://www.e-stat.go.jp/SG1/estat/Pdfdl.do?sinfid=000012449985,2010-02-01,https://www.e-stat.go.jp/SG1/estat/Pdfdl.do?sinfid=000012449985,2026-10-03,false
27226,大阪府,,,藤井寺市,,088,大阪,25,淀川,未確認,2010年包括区域の名称条件一致,大阪府,要現行資料照合,2010-02-01,2026-01-01,3,https://www.e-stat.go.jp/SG1/estat/Pdfdl.do?sinfid=000012449985,2010-02-01,https://www.e-stat.go.jp/SG1/estat/Pdfdl.do?sinfid=000012449985,2026-10-03,false
27227,大阪府,,,東大阪市,,088,大阪,25,淀川,未確認,2010年包括区域の名称条件一致,大阪府,要現行資料照合,2010-02-01,2026-01-01,3,https://www.e-stat.go.jp/SG1/estat/Pdfdl.do?sinfid=000012449985,2010-02-01,https://www.e-stat.go.jp/SG1/estat/Pdfdl.do?sinfid=000012449985,2026-10-03,false
27228,大阪府,,,泉南市,,088,大阪,25,淀川,未確認,2010年包括区域の名称条件一致,大阪府,要現行資料照合,2010-02-01,2026-01-01,3,https://www.e-stat.go.jp/SG1/estat/Pdfdl.do?sinfid=000012449985,2010-02-01,https://www.e-stat.go.jp/SG1/estat/Pdfdl.do?sinfid=000012449985,2026-10-03,false
27229,大阪府,,,四條畷市,,088,大阪,25,淀川,未確認,2010年包括区域の名称条件一致,大阪府,要現行資料照合,2010-02-01,2026-01-01,3,https://www.e-stat.go.jp/SG1/estat/Pdfdl.do?sinfid=000012449985,2010-02-01,https://www.e-stat.go.jp/SG1/estat/Pdfdl.do?sinfid=000012449985,2026-10-03,false
27230,大阪府,,,交野市,,088,大阪,25,淀川,未確認,2010年包括区域の名称条件一致,大阪府,要現行資料照合,2010-02-01,2026-01-01,3,https://www.e-stat.go.jp/SG1/estat/Pdfdl.do?sinfid=000012449985,2010-02-01,https://www.e-stat.go.jp/SG1/estat/Pdfdl.do?sinfid=000012449985,2026-10-03,false
27231,大阪府,,,大阪狭山市,,088,大阪,25,淀川,未確認,2010年包括区域の名称条件一致,大阪府,要現行資料照合,2010-02-01,2026-01-01,3,https://www.e-stat.go.jp/SG1/estat/Pdfdl.do?sinfid=000012449985,2010-02-01,https://www.e-stat.go.jp/SG1/estat/Pdfdl.do?sinfid=000012449985,2026-10-03,false
27232,大阪府,,,阪南市,,088,大阪,25,淀川,未確認,2010年包括区域の名称条件一致,大阪府,要現行資料照合,2010-02-01,2026-01-01,3,https://www.e-stat.go.jp/SG1/estat/Pdfdl.do?sinfid=000012449985,2010-02-01,https://www.e-stat.go.jp/SG1/estat/Pdfdl.do?sinfid=000012449985,2026-10-03,false
27301,大阪府,,三島郡,島本町,,088,大阪,25,淀川,未確認,2010年包括区域の名称条件一致,大阪府,要現行資料照合,2010-02-01,2026-01-01,3,https://www.e-stat.go.jp/SG1/estat/Pdfdl.do?sinfid=000012449985,2010-02-01,https://www.e-stat.go.jp/SG1/estat/Pdfdl.do?sinfid=000012449985,2026-10-03,false
27321,大阪府,,豊能郡,豊能町,,088,大阪,25,淀川,未確認,2010年包括区域の名称条件一致,大阪府,要現行資料照合,2010-02-01,2026-01-01,3,https://www.e-stat.go.jp/SG1/estat/Pdfdl.do?sinfid=000012449985,2010-02-01,https://www.e-stat.go.jp/SG1/estat/Pdfdl.do?sinfid=000012449985,2026-10-03,false
27322,大阪府,,豊能郡,能勢町,,088,大阪,25,淀川,未確認,2010年包括区域の名称条件一致,大阪府,要現行資料照合,2010-02-01,2026-01-01,3,https://www.e-stat.go.jp/SG1/estat/Pdfdl.do?sinfid=000012449985,2010-02-01,https://www.e-stat.go.jp/SG1/estat/Pdfdl.do?sinfid=000012449985,2026-10-03,false
27341,大阪府,,泉北郡,忠岡町,,088,大阪,25,淀川,未確認,2010年包括区域の名称条件一致,大阪府,要現行資料照合,2010-02-01,2026-01-01,3,https://www.e-stat.go.jp/SG1/estat/Pdfdl.do?sinfid=000012449985,2010-02-01,https://www.e-stat.go.jp/SG1/estat/Pdfdl.do?sinfid=000012449985,2026-10-03,false
27361,大阪府,,泉南郡,熊取町,,088,大阪,25,淀川,未確認,2010年包括区域の名称条件一致,大阪府,要現行資料照合,2010-02-01,2026-01-01,3,https://www.e-stat.go.jp/SG1/estat/Pdfdl.do?sinfid=000012449985,2010-02-01,https://www.e-stat.go.jp/SG1/estat/Pdfdl.do?sinfid=000012449985,2026-10-03,false
27362,大阪府,,泉南郡,田尻町,,088,大阪,25,淀川,未確認,2010年包括区域の名称条件一致,大阪府,要現行資料照合,2010-02-01,2026-01-01,3,https://www.e-stat.go.jp/SG1/estat/Pdfdl.do?sinfid=000012449985,2010-02-01,https://www.e-stat.go.jp/SG1/estat/Pdfdl.do?sinfid=000012449985,2026-10-03,false
27366,大阪府,,泉南郡,岬町,,088,大阪,25,淀川,未確認,2010年包括区域の名称条件一致,大阪府,要現行資料照合,2010-02-01,2026-01-01,3,https://www.e-stat.go.jp/SG1/estat/Pdfdl.do?sinfid=000012449985,2010-02-01,https://www.e-stat.go.jp/SG1/estat/Pdfdl.do?sinfid=000012449985,2026-10-03,false
27381,大阪府,,南河内郡,太子町,,088,大阪,25,淀川,未確認,2010年包括区域の名称条件一致,大阪府,要現行資料照合,2010-02-01,2026-01-01,3,https://www.e-stat.go.jp/SG1/estat/Pdfdl.do?sinfid=000012449985,2010-02-01,https://www.e-stat.go.jp/SG1/estat/Pdfdl.do?sinfid=000012449985,2026-10-03,false
27382,大阪府,,南河内郡,河南町,,088,大阪,25,淀川,未確認,2010年包括区域の名称条件一致,大阪府,要現行資料照合,2010-02-01,2026-01-01,3,https://www.e-stat.go.jp/SG1/estat/Pdfdl.do?sinfid=000012449985,2010-02-01,https://www.e-stat.go.jp/SG1/estat/Pdfdl.do?sinfid=000012449985,2026-10-03,false
27383,大阪府,,南河内郡,千早赤阪村,,088,大阪,25,淀川,未確認,2010年包括区域の名称条件一致,大阪府,要現行資料照合,2010-02-01,2026-01-01,3,https://www.e-stat.go.jp/SG1/estat/Pdfdl.do?sinfid=000012449985,2010-02-01,https://www.e-stat.go.jp/SG1/estat/Pdfdl.do?sinfid=000012449985,2026-10-03,false
28101,兵庫県,,,神戸市,東灘区,089,加古川,29,加古川,未確認,2010年包括区域の名称条件一致,神戸市,要現行資料照合,2010-02-01,2026-01-01,3,https://www.e-stat.go.jp/SG1/estat/Pdfdl.do?sinfid=000012449985,2010-02-01,https://www.e-stat.go.jp/SG1/estat/Pdfdl.do?sinfid=000012449985,2026-10-03,false
28102,兵庫県,,,神戸市,灘区,089,加古川,29,加古川,未確認,2010年包括区域の名称条件一致,神戸市,要現行資料照合,2010-02-01,2026-01-01,3,https://www.e-stat.go.jp/SG1/estat/Pdfdl.do?sinfid=000012449985,2010-02-01,https://www.e-stat.go.jp/SG1/estat/Pdfdl.do?sinfid=000012449985,2026-10-03,false
28105,兵庫県,,,神戸市,兵庫区,089,加古川,29,加古川,未確認,2010年包括区域の名称条件一致,神戸市,要現行資料照合,2010-02-01,2026-01-01,3,https://www.e-stat.go.jp/SG1/estat/Pdfdl.do?sinfid=000012449985,2010-02-01,https://www.e-stat.go.jp/SG1/estat/Pdfdl.do?sinfid=000012449985,2026-10-03,false
28106,兵庫県,,,神戸市,長田区,089,加古川,29,加古川,未確認,2010年包括区域の名称条件一致,神戸市,要現行資料照合,2010-02-01,2026-01-01,3,https://www.e-stat.go.jp/SG1/estat/Pdfdl.do?sinfid=000012449985,2010-02-01,https://www.e-stat.go.jp/SG1/estat/Pdfdl.do?sinfid=000012449985,2026-10-03,false
28107,兵庫県,,,神戸市,須磨区,089,加古川,29,加古川,未確認,2010年包括区域の名称条件一致,神戸市,要現行資料照合,2010-02-01,2026-01-01,3,https://www.e-stat.go.jp/SG1/estat/Pdfdl.do?sinfid=000012449985,2010-02-01,https://www.e-stat.go.jp/SG1/estat/Pdfdl.do?sinfid=000012449985,2026-10-03,false
28108,兵庫県,,,神戸市,垂水区,089,加古川,29,加古川,未確認,2010年包括区域の名称条件一致,神戸市,要現行資料照合,2010-02-01,2026-01-01,3,https://www.e-stat.go.jp/SG1/estat/Pdfdl.do?sinfid=000012449985,2010-02-01,https://www.e-stat.go.jp/SG1/estat/Pdfdl.do?sinfid=000012449985,2026-10-03,false
28109,兵庫県,,,神戸市,北区,089,加古川,29,加古川,未確認,2010年包括区域の名称条件一致,神戸市,要現行資料照合,2010-02-01,2026-01-01,3,https://www.e-stat.go.jp/SG1/estat/Pdfdl.do?sinfid=000012449985,2010-02-01,https://www.e-stat.go.jp/SG1/estat/Pdfdl.do?sinfid=000012449985,2026-10-03,false
28110,兵庫県,,,神戸市,中央区,089,加古川,29,加古川,未確認,2010年包括区域の名称条件一致,神戸市,要現行資料照合,2010-02-01,2026-01-01,3,https://www.e-stat.go.jp/SG1/estat/Pdfdl.do?sinfid=000012449985,2010-02-01,https://www.e-stat.go.jp/SG1/estat/Pdfdl.do?sinfid=000012449985,2026-10-03,false
28111,兵庫県,,,神戸市,西区,089,加古川,29,加古川,未確認,2010年包括区域の名称条件一致,神戸市,要現行資料照合,2010-02-01,2026-01-01,3,https://www.e-stat.go.jp/SG1/estat/Pdfdl.do?sinfid=000012449985,2010-02-01,https://www.e-stat.go.jp/SG1/estat/Pdfdl.do?sinfid=000012449985,2026-10-03,false
28201,兵庫県,,,姫路市,,090,揖保川,29,加古川,未確認,2010年包括区域の名称条件一致,姫路市,要現行資料照合,2010-02-01,2026-01-01,3,https://www.e-stat.go.jp/SG1/estat/Pdfdl.do?sinfid=000012449985,2010-02-01,https://www.e-stat.go.jp/SG1/estat/Pdfdl.do?sinfid=000012449985,2026-10-03,false
28202,兵庫県,,,尼崎市,,089,加古川,29,加古川,未確認,2010年包括区域の名称条件一致,尼崎市,要現行資料照合,2010-02-01,2026-01-01,3,https://www.e-stat.go.jp/SG1/estat/Pdfdl.do?sinfid=000012449985,2010-02-01,https://www.e-stat.go.jp/SG1/estat/Pdfdl.do?sinfid=000012449985,2026-10-03,false
28203,兵庫県,,,明石市,,089,加古川,29,加古川,未確認,2010年包括区域の名称条件一致,明石市,要現行資料照合,2010-02-01,2026-01-01,3,https://www.e-stat.go.jp/SG1/estat/Pdfdl.do?sinfid=000012449985,2010-02-01,https://www.e-stat.go.jp/SG1/estat/Pdfdl.do?sinfid=000012449985,2026-10-03,false
28204,兵庫県,,,西宮市,,089,加古川,29,加古川,未確認,2010年包括区域の名称条件一致,西宮市,要現行資料照合,2010-02-01,2026-01-01,3,https://www.e-stat.go.jp/SG1/estat/Pdfdl.do?sinfid=000012449985,2010-02-01,https://www.e-stat.go.jp/SG1/estat/Pdfdl.do?sinfid=000012449985,2026-10-03,false
28205,兵庫県,,,洲本市,,089,加古川,29,加古川,未確認,2010年包括区域の名称条件一致,洲本市,要現行資料照合,2010-02-01,2026-01-01,3,https://www.e-stat.go.jp/SG1/estat/Pdfdl.do?sinfid=000012449985,2010-02-01,https://www.e-stat.go.jp/SG1/estat/Pdfdl.do?sinfid=000012449985,2026-10-03,false
28206,兵庫県,,,芦屋市,,089,加古川,29,加古川,未確認,2010年包括区域の名称条件一致,芦屋市,要現行資料照合,2010-02-01,2026-01-01,3,https://www.e-stat.go.jp/SG1/estat/Pdfdl.do?sinfid=000012449985,2010-02-01,https://www.e-stat.go.jp/SG1/estat/Pdfdl.do?sinfid=000012449985,2026-10-03,false
28207,兵庫県,,,伊丹市,,089,加古川,29,加古川,未確認,2010年包括区域の名称条件一致,伊丹市,要現行資料照合,2010-02-01,2026-01-01,3,https://www.e-stat.go.jp/SG1/estat/Pdfdl.do?sinfid=000012449985,2010-02-01,https://www.e-stat.go.jp/SG1/estat/Pdfdl.do?sinfid=000012449985,2026-10-03,false
28208,兵庫県,,,相生市,,090,揖保川,29,加古川,未確認,2010年包括区域の名称条件一致,相生市,要現行資料照合,2010-02-01,2026-01-01,3,https://www.e-stat.go.jp/SG1/estat/Pdfdl.do?sinfid=000012449985,2010-02-01,https://www.e-stat.go.jp/SG1/estat/Pdfdl.do?sinfid=000012449985,2026-10-03,false
28209,兵庫県,,,豊岡市,,091,円山川,31,円山・千代川,未確認,2010年包括区域の名称条件一致,豊岡市,要現行資料照合,2010-02-01,2026-01-01,3,https://www.e-stat.go.jp/SG1/estat/Pdfdl.do?sinfid=000012449985,2010-02-01,https://www.e-stat.go.jp/SG1/estat/Pdfdl.do?sinfid=000012449985,2026-10-03,false
28210,兵庫県,,,加古川市,,089,加古川,29,加古川,未確認,2010年包括区域の名称条件一致,加古川市,要現行資料照合,2010-02-01,2026-01-01,3,https://www.e-stat.go.jp/SG1/estat/Pdfdl.do?sinfid=000012449985,2010-02-01,https://www.e-stat.go.jp/SG1/estat/Pdfdl.do?sinfid=000012449985,2026-10-03,false
28212,兵庫県,,,赤穂市,,090,揖保川,29,加古川,未確認,2010年包括区域の名称条件一致,赤穂市,要現行資料照合,2010-02-01,2026-01-01,3,https://www.e-stat.go.jp/SG1/estat/Pdfdl.do?sinfid=000012449985,2010-02-01,https://www.e-stat.go.jp/SG1/estat/Pdfdl.do?sinfid=000012449985,2026-10-03,false
28213,兵庫県,,,西脇市,,089,加古川,29,加古川,未確認,2010年包括区域の名称条件一致,西脇市,要現行資料照合,2010-02-01,2026-01-01,3,https://www.e-stat.go.jp/SG1/estat/Pdfdl.do?sinfid=000012449985,2010-02-01,https://www.e-stat.go.jp/SG1/estat/Pdfdl.do?sinfid=000012449985,2026-10-03,false
28214,兵庫県,,,宝塚市,,089,加古川,29,加古川,未確認,2010年包括区域の名称条件一致,宝塚市,要現行資料照合,2010-02-01,2026-01-01,3,https://www.e-stat.go.jp/SG1/estat/Pdfdl.do?sinfid=000012449985,2010-02-01,https://www.e-stat.go.jp/SG1/estat/Pdfdl.do?sinfid=000012449985,2026-10-03,false
28215,兵庫県,,,三木市,,089,加古川,29,加古川,未確認,2010年包括区域の名称条件一致,三木市,要現行資料照合,2010-02-01,2026-01-01,3,https://www.e-stat.go.jp/SG1/estat/Pdfdl.do?sinfid=000012449985,2010-02-01,https://www.e-stat.go.jp/SG1/estat/Pdfdl.do?sinfid=000012449985,2026-10-03,false
28216,兵庫県,,,高砂市,,089,加古川,29,加古川,未確認,2010年包括区域の名称条件一致,高砂市,要現行資料照合,2010-02-01,2026-01-01,3,https://www.e-stat.go.jp/SG1/estat/Pdfdl.do?sinfid=000012449985,2010-02-01,https://www.e-stat.go.jp/SG1/estat/Pdfdl.do?sinfid=000012449985,2026-10-03,false
28217,兵庫県,,,川西市,,089,加古川,29,加古川,未確認,2010年包括区域の名称条件一致,川西市,要現行資料照合,2010-02-01,2026-01-01,3,https://www.e-stat.go.jp/SG1/estat/Pdfdl.do?sinfid=000012449985,2010-02-01,https://www.e-stat.go.jp/SG1/estat/Pdfdl.do?sinfid=000012449985,2026-10-03,false
28218,兵庫県,,,小野市,,089,加古川,29,加古川,未確認,2010年包括区域の名称条件一致,小野市,要現行資料照合,2010-02-01,2026-01-01,3,https://www.e-stat.go.jp/SG1/estat/Pdfdl.do?sinfid=000012449985,2010-02-01,https://www.e-stat.go.jp/SG1/estat/Pdfdl.do?sinfid=000012449985,2026-10-03,false
28219,兵庫県,,,三田市,,089,加古川,29,加古川,未確認,2010年包括区域の名称条件一致,三田市,要現行資料照合,2010-02-01,2026-01-01,3,https://www.e-stat.go.jp/SG1/estat/Pdfdl.do?sinfid=000012449985,2010-02-01,https://www.e-stat.go.jp/SG1/estat/Pdfdl.do?sinfid=000012449985,2026-10-03,false
28220,兵庫県,,,加西市,,089,加古川,29,加古川,未確認,2010年包括区域の名称条件一致,加西市,要現行資料照合,2010-02-01,2026-01-01,3,https://www.e-stat.go.jp/SG1/estat/Pdfdl.do?sinfid=000012449985,2010-02-01,https://www.e-stat.go.jp/SG1/estat/Pdfdl.do?sinfid=000012449985,2026-10-03,false
28221,兵庫県,,,丹波篠山市,,,,,,未確認,名称一致なし,,未対応・要調査,2010-02-01,2026-01-01,,https://www.e-stat.go.jp/SG1/estat/Pdfdl.do?sinfid=000012449985,2010-02-01,https://www.e-stat.go.jp/SG1/estat/Pdfdl.do?sinfid=000012449985,2026-10-03,false
28222,兵庫県,,,養父市,,091,円山川,31,円山・千代川,未確認,2010年包括区域の名称条件一致,養父市,要現行資料照合,2010-02-01,2026-01-01,3,https://www.e-stat.go.jp/SG1/estat/Pdfdl.do?sinfid=000012449985,2010-02-01,https://www.e-stat.go.jp/SG1/estat/Pdfdl.do?sinfid=000012449985,2026-10-03,false
28223,兵庫県,,,丹波市,,089,加古川,29,加古川,未確認,2010年包括区域の名称条件一致,丹波市,要現行資料照合,2010-02-01,2026-01-01,3,https://www.e-stat.go.jp/SG1/estat/Pdfdl.do?sinfid=000012449985,2010-02-01,https://www.e-stat.go.jp/SG1/estat/Pdfdl.do?sinfid=000012449985,2026-10-03,false
28224,兵庫県,,,南あわじ市,,089,加古川,29,加古川,未確認,2010年包括区域の名称条件一致,南あわじ市,要現行資料照合,2010-02-01,2026-01-01,3,https://www.e-stat.go.jp/SG1/estat/Pdfdl.do?sinfid=000012449985,2010-02-01,https://www.e-stat.go.jp/SG1/estat/Pdfdl.do?sinfid=000012449985,2026-10-03,false
28225,兵庫県,,,朝来市,,091,円山川,31,円山・千代川,未確認,2010年包括区域の名称条件一致,朝来市,要現行資料照合,2010-02-01,2026-01-01,3,https://www.e-stat.go.jp/SG1/estat/Pdfdl.do?sinfid=000012449985,2010-02-01,https://www.e-stat.go.jp/SG1/estat/Pdfdl.do?sinfid=000012449985,2026-10-03,false
28226,兵庫県,,,淡路市,,089,加古川,29,加古川,未確認,2010年包括区域の名称条件一致,淡路市,要現行資料照合,2010-02-01,2026-01-01,3,https://www.e-stat.go.jp/SG1/estat/Pdfdl.do?sinfid=000012449985,2010-02-01,https://www.e-stat.go.jp/SG1/estat/Pdfdl.do?sinfid=000012449985,2026-10-03,false
28227,兵庫県,,,宍粟市,,090,揖保川,29,加古川,未確認,2010年包括区域の名称条件一致,宍粟市,要現行資料照合,2010-02-01,2026-01-01,3,https://www.e-stat.go.jp/SG1/estat/Pdfdl.do?sinfid=000012449985,2010-02-01,https://www.e-stat.go.jp/SG1/estat/Pdfdl.do?sinfid=000012449985,2026-10-03,false
28228,兵庫県,,,加東市,,089,加古川,29,加古川,未確認,2010年包括区域の名称条件一致,加東市,要現行資料照合,2010-02-01,2026-01-01,3,https://www.e-stat.go.jp/SG1/estat/Pdfdl.do?sinfid=000012449985,2010-02-01,https://www.e-stat.go.jp/SG1/estat/Pdfdl.do?sinfid=000012449985,2026-10-03,false
28229,兵庫県,,,たつの市,,090,揖保川,29,加古川,未確認,2010年包括区域の名称条件一致,たつの市,要現行資料照合,2010-02-01,2026-01-01,3,https://www.e-stat.go.jp/SG1/estat/Pdfdl.do?sinfid=000012449985,2010-02-01,https://www.e-stat.go.jp/SG1/estat/Pdfdl.do?sinfid=000012449985,2026-10-03,false
28301,兵庫県,,川辺郡,猪名川町,,089,加古川,29,加古川,未確認,2010年包括区域の名称条件一致,川辺郡,要現行資料照合,2010-02-01,2026-01-01,3,https://www.e-stat.go.jp/SG1/estat/Pdfdl.do?sinfid=000012449985,2010-02-01,https://www.e-stat.go.jp/SG1/estat/Pdfdl.do?sinfid=000012449985,2026-10-03,false
28365,兵庫県,,多可郡,多可町,,089,加古川,29,加古川,未確認,2010年包括区域の名称条件一致,多可郡,要現行資料照合,2010-02-01,2026-01-01,3,https://www.e-stat.go.jp/SG1/estat/Pdfdl.do?sinfid=000012449985,2010-02-01,https://www.e-stat.go.jp/SG1/estat/Pdfdl.do?sinfid=000012449985,2026-10-03,false
28381,兵庫県,,加古郡,稲美町,,089,加古川,29,加古川,未確認,2010年包括区域の名称条件一致,加古郡,要現行資料照合,2010-02-01,2026-01-01,3,https://www.e-stat.go.jp/SG1/estat/Pdfdl.do?sinfid=000012449985,2010-02-01,https://www.e-stat.go.jp/SG1/estat/Pdfdl.do?sinfid=000012449985,2026-10-03,false
28382,兵庫県,,加古郡,播磨町,,089,加古川,29,加古川,未確認,2010年包括区域の名称条件一致,加古郡,要現行資料照合,2010-02-01,2026-01-01,3,https://www.e-stat.go.jp/SG1/estat/Pdfdl.do?sinfid=000012449985,2010-02-01,https://www.e-stat.go.jp/SG1/estat/Pdfdl.do?sinfid=000012449985,2026-10-03,false
28442,兵庫県,,神崎郡,市川町,,090,揖保川,29,加古川,未確認,2010年包括区域の名称条件一致,神崎郡,要現行資料照合,2010-02-01,2026-01-01,3,https://www.e-stat.go.jp/SG1/estat/Pdfdl.do?sinfid=000012449985,2010-02-01,https://www.e-stat.go.jp/SG1/estat/Pdfdl.do?sinfid=000012449985,2026-10-03,false
28443,兵庫県,,神崎郡,福崎町,,090,揖保川,29,加古川,未確認,2010年包括区域の名称条件一致,神崎郡,要現行資料照合,2010-02-01,2026-01-01,3,https://www.e-stat.go.jp/SG1/estat/Pdfdl.do?sinfid=000012449985,2010-02-01,https://www.e-stat.go.jp/SG1/estat/Pdfdl.do?sinfid=000012449985,2026-10-03,false
28446,兵庫県,,神崎郡,神河町,,090,揖保川,29,加古川,未確認,2010年包括区域の名称条件一致,神崎郡,要現行資料照合,2010-02-01,2026-01-01,3,https://www.e-stat.go.jp/SG1/estat/Pdfdl.do?sinfid=000012449985,2010-02-01,https://www.e-stat.go.jp/SG1/estat/Pdfdl.do?sinfid=000012449985,2026-10-03,false
28464,兵庫県,,揖保郡,太子町,,090,揖保川,29,加古川,未確認,2010年包括区域の名称条件一致,揖保郡,要現行資料照合,2010-02-01,2026-01-01,3,https://www.e-stat.go.jp/SG1/estat/Pdfdl.do?sinfid=000012449985,2010-02-01,https://www.e-stat.go.jp/SG1/estat/Pdfdl.do?sinfid=000012449985,2026-10-03,false
28481,兵庫県,,赤穂郡,上郡町,,090,揖保川,29,加古川,未確認,2010年包括区域の名称条件一致,赤穂郡,要現行資料照合,2010-02-01,2026-01-01,3,https://www.e-stat.go.jp/SG1/estat/Pdfdl.do?sinfid=000012449985,2010-02-01,https://www.e-stat.go.jp/SG1/estat/Pdfdl.do?sinfid=000012449985,2026-10-03,false
28501,兵庫県,,佐用郡,佐用町,,090,揖保川,29,加古川,未確認,2010年包括区域の名称条件一致,佐用郡,要現行資料照合,2010-02-01,2026-01-01,3,https://www.e-stat.go.jp/SG1/estat/Pdfdl.do?sinfid=000012449985,2010-02-01,https://www.e-stat.go.jp/SG1/estat/Pdfdl.do?sinfid=000012449985,2026-10-03,false
28585,兵庫県,,美方郡,香美町,,091,円山川,31,円山・千代川,未確認,2010年包括区域の名称条件一致,美方郡,要現行資料照合,2010-02-01,2026-01-01,3,https://www.e-stat.go.jp/SG1/estat/Pdfdl.do?sinfid=000012449985,2010-02-01,https://www.e-stat.go.jp/SG1/estat/Pdfdl.do?sinfid=000012449985,2026-10-03,false
28586,兵庫県,,美方郡,新温泉町,,091,円山川,31,円山・千代川,未確認,2010年包括区域の名称条件一致,美方郡,要現行資料照合,2010-02-01,2026-01-01,3,https://www.e-stat.go.jp/SG1/estat/Pdfdl.do?sinfid=000012449985,2010-02-01,https://www.e-stat.go.jp/SG1/estat/Pdfdl.do?sinfid=000012449985,2026-10-03,false
29201,奈良県,,,奈良市,,092,大和・木津川,25,淀川,未確認,2010年包括区域の名称条件一致,奈良市,要現行資料照合,2010-02-01,2026-01-01,3,https://www.e-stat.go.jp/SG1/estat/Pdfdl.do?sinfid=000012449985,2010-02-01,https://www.e-stat.go.jp/SG1/estat/Pdfdl.do?sinfid=000012449985,2026-10-03,false
29202,奈良県,,,大和高田市,,092,大和・木津川,25,淀川,未確認,2010年包括区域の名称条件一致,大和高田市,要現行資料照合,2010-02-01,2026-01-01,3,https://www.e-stat.go.jp/SG1/estat/Pdfdl.do?sinfid=000012449985,2010-02-01,https://www.e-stat.go.jp/SG1/estat/Pdfdl.do?sinfid=000012449985,2026-10-03,false
29203,奈良県,,,大和郡山市,,092,大和・木津川,25,淀川,未確認,2010年包括区域の名称条件一致,大和郡山市,要現行資料照合,2010-02-01,2026-01-01,3,https://www.e-stat.go.jp/SG1/estat/Pdfdl.do?sinfid=000012449985,2010-02-01,https://www.e-stat.go.jp/SG1/estat/Pdfdl.do?sinfid=000012449985,2026-10-03,false
29204,奈良県,,,天理市,,092,大和・木津川,25,淀川,未確認,2010年包括区域の名称条件一致,天理市,要現行資料照合,2010-02-01,2026-01-01,3,https://www.e-stat.go.jp/SG1/estat/Pdfdl.do?sinfid=000012449985,2010-02-01,https://www.e-stat.go.jp/SG1/estat/Pdfdl.do?sinfid=000012449985,2026-10-03,false
29205,奈良県,,,橿原市,,092,大和・木津川,25,淀川,未確認,2010年包括区域の名称条件一致,橿原市,要現行資料照合,2010-02-01,2026-01-01,3,https://www.e-stat.go.jp/SG1/estat/Pdfdl.do?sinfid=000012449985,2010-02-01,https://www.e-stat.go.jp/SG1/estat/Pdfdl.do?sinfid=000012449985,2026-10-03,false
29206,奈良県,,,桜井市,,092,大和・木津川,25,淀川,未確認,2010年包括区域の名称条件一致,桜井市,要現行資料照合,2010-02-01,2026-01-01,3,https://www.e-stat.go.jp/SG1/estat/Pdfdl.do?sinfid=000012449985,2010-02-01,https://www.e-stat.go.jp/SG1/estat/Pdfdl.do?sinfid=000012449985,2026-10-03,false
29207,奈良県,,,五條市,,094,吉野,28,紀ノ川,未確認,2010年包括区域の名称条件一致,五條市,要現行資料照合,2010-02-01,2026-01-01,3,https://www.e-stat.go.jp/SG1/estat/Pdfdl.do?sinfid=000012449985,2010-02-01,https://www.e-stat.go.jp/SG1/estat/Pdfdl.do?sinfid=000012449985,2026-10-03,false
29208,奈良県,,,御所市,,092,大和・木津川,25,淀川,未確認,2010年包括区域の名称条件一致,御所市,要現行資料照合,2010-02-01,2026-01-01,3,https://www.e-stat.go.jp/SG1/estat/Pdfdl.do?sinfid=000012449985,2010-02-01,https://www.e-stat.go.jp/SG1/estat/Pdfdl.do?sinfid=000012449985,2026-10-03,false
29209,奈良県,,,生駒市,,092,大和・木津川,25,淀川,未確認,2010年包括区域の名称条件一致,生駒市,要現行資料照合,2010-02-01,2026-01-01,3,https://www.e-stat.go.jp/SG1/estat/Pdfdl.do?sinfid=000012449985,2010-02-01,https://www.e-stat.go.jp/SG1/estat/Pdfdl.do?sinfid=000012449985,2026-10-03,false
29210,奈良県,,,香芝市,,092,大和・木津川,25,淀川,未確認,2010年包括区域の名称条件一致,香芝市,要現行資料照合,2010-02-01,2026-01-01,3,https://www.e-stat.go.jp/SG1/estat/Pdfdl.do?sinfid=000012449985,2010-02-01,https://www.e-stat.go.jp/SG1/estat/Pdfdl.do?sinfid=000012449985,2026-10-03,false
29211,奈良県,,,葛城市,,092,大和・木津川,25,淀川,未確認,2010年包括区域の名称条件一致,葛城市,要現行資料照合,2010-02-01,2026-01-01,3,https://www.e-stat.go.jp/SG1/estat/Pdfdl.do?sinfid=000012449985,2010-02-01,https://www.e-stat.go.jp/SG1/estat/Pdfdl.do?sinfid=000012449985,2026-10-03,false
29212,奈良県,,,宇陀市,,092,大和・木津川,25,淀川,未確認,2010年包括区域の名称条件一致,宇陀市,要現行資料照合,2010-02-01,2026-01-01,3,https://www.e-stat.go.jp/SG1/estat/Pdfdl.do?sinfid=000012449985,2010-02-01,https://www.e-stat.go.jp/SG1/estat/Pdfdl.do?sinfid=000012449985,2026-10-03,false
29322,奈良県,,山辺郡,山添村,,092,大和・木津川,25,淀川,未確認,2010年包括区域の名称条件一致,山辺郡,要現行資料照合,2010-02-01,2026-01-01,3,https://www.e-stat.go.jp/SG1/estat/Pdfdl.do?sinfid=000012449985,2010-02-01,https://www.e-stat.go.jp/SG1/estat/Pdfdl.do?sinfid=000012449985,2026-10-03,false
29342,奈良県,,生駒郡,平群町,,092,大和・木津川,25,淀川,未確認,2010年包括区域の名称条件一致,生駒郡,要現行資料照合,2010-02-01,2026-01-01,3,https://www.e-stat.go.jp/SG1/estat/Pdfdl.do?sinfid=000012449985,2010-02-01,https://www.e-stat.go.jp/SG1/estat/Pdfdl.do?sinfid=000012449985,2026-10-03,false
29343,奈良県,,生駒郡,三郷町,,092,大和・木津川,25,淀川,未確認,2010年包括区域の名称条件一致,生駒郡,要現行資料照合,2010-02-01,2026-01-01,3,https://www.e-stat.go.jp/SG1/estat/Pdfdl.do?sinfid=000012449985,2010-02-01,https://www.e-stat.go.jp/SG1/estat/Pdfdl.do?sinfid=000012449985,2026-10-03,false
29344,奈良県,,生駒郡,斑鳩町,,092,大和・木津川,25,淀川,未確認,2010年包括区域の名称条件一致,生駒郡,要現行資料照合,2010-02-01,2026-01-01,3,https://www.e-stat.go.jp/SG1/estat/Pdfdl.do?sinfid=000012449985,2010-02-01,https://www.e-stat.go.jp/SG1/estat/Pdfdl.do?sinfid=000012449985,2026-10-03,false
29345,奈良県,,生駒郡,安堵町,,092,大和・木津川,25,淀川,未確認,2010年包括区域の名称条件一致,生駒郡,要現行資料照合,2010-02-01,2026-01-01,3,https://www.e-stat.go.jp/SG1/estat/Pdfdl.do?sinfid=000012449985,2010-02-01,https://www.e-stat.go.jp/SG1/estat/Pdfdl.do?sinfid=000012449985,2026-10-03,false
29361,奈良県,,磯城郡,川西町,,092,大和・木津川,25,淀川,未確認,2010年包括区域の名称条件一致,磯城郡,要現行資料照合,2010-02-01,2026-01-01,3,https://www.e-stat.go.jp/SG1/estat/Pdfdl.do?sinfid=000012449985,2010-02-01,https://www.e-stat.go.jp/SG1/estat/Pdfdl.do?sinfid=000012449985,2026-10-03,false
29362,奈良県,,磯城郡,三宅町,,092,大和・木津川,25,淀川,未確認,2010年包括区域の名称条件一致,磯城郡,要現行資料照合,2010-02-01,2026-01-01,3,https://www.e-stat.go.jp/SG1/estat/Pdfdl.do?sinfid=000012449985,2010-02-01,https://www.e-stat.go.jp/SG1/estat/Pdfdl.do?sinfid=000012449985,2026-10-03,false
29363,奈良県,,磯城郡,田原本町,,092,大和・木津川,25,淀川,未確認,2010年包括区域の名称条件一致,磯城郡,要現行資料照合,2010-02-01,2026-01-01,3,https://www.e-stat.go.jp/SG1/estat/Pdfdl.do?sinfid=000012449985,2010-02-01,https://www.e-stat.go.jp/SG1/estat/Pdfdl.do?sinfid=000012449985,2026-10-03,false
29385,奈良県,,宇陀郡,曽爾村,,092,大和・木津川,25,淀川,未確認,2010年包括区域の名称条件一致,宇陀郡,要現行資料照合,2010-02-01,2026-01-01,3,https://www.e-stat.go.jp/SG1/estat/Pdfdl.do?sinfid=000012449985,2010-02-01,https://www.e-stat.go.jp/SG1/estat/Pdfdl.do?sinfid=000012449985,2026-10-03,false
29386,奈良県,,宇陀郡,御杖村,,092,大和・木津川,25,淀川,未確認,2010年包括区域の名称条件一致,宇陀郡,要現行資料照合,2010-02-01,2026-01-01,3,https://www.e-stat.go.jp/SG1/estat/Pdfdl.do?sinfid=000012449985,2010-02-01,https://www.e-stat.go.jp/SG1/estat/Pdfdl.do?sinfid=000012449985,2026-10-03,false
29401,奈良県,,高市郡,高取町,,092,大和・木津川,25,淀川,未確認,2010年包括区域の名称条件一致,高市郡,要現行資料照合,2010-02-01,2026-01-01,3,https://www.e-stat.go.jp/SG1/estat/Pdfdl.do?sinfid=000012449985,2010-02-01,https://www.e-stat.go.jp/SG1/estat/Pdfdl.do?sinfid=000012449985,2026-10-03,false
29402,奈良県,,高市郡,明日香村,,092,大和・木津川,25,淀川,未確認,2010年包括区域の名称条件一致,高市郡,要現行資料照合,2010-02-01,2026-01-01,3,https://www.e-stat.go.jp/SG1/estat/Pdfdl.do?sinfid=000012449985,2010-02-01,https://www.e-stat.go.jp/SG1/estat/Pdfdl.do?sinfid=000012449985,2026-10-03,false
29424,奈良県,,北葛城郡,上牧町,,092,大和・木津川,25,淀川,未確認,2010年包括区域の名称条件一致,北葛城郡,要現行資料照合,2010-02-01,2026-01-01,3,https://www.e-stat.go.jp/SG1/estat/Pdfdl.do?sinfid=000012449985,2010-02-01,https://www.e-stat.go.jp/SG1/estat/Pdfdl.do?sinfid=000012449985,2026-10-03,false
29425,奈良県,,北葛城郡,王寺町,,092,大和・木津川,25,淀川,未確認,2010年包括区域の名称条件一致,北葛城郡,要現行資料照合,2010-02-01,2026-01-01,3,https://www.e-stat.go.jp/SG1/estat/Pdfdl.do?sinfid=000012449985,2010-02-01,https://www.e-stat.go.jp/SG1/estat/Pdfdl.do?sinfid=000012449985,2026-10-03,false
29426,奈良県,,北葛城郡,広陵町,,092,大和・木津川,25,淀川,未確認,2010年包括区域の名称条件一致,北葛城郡,要現行資料照合,2010-02-01,2026-01-01,3,https://www.e-stat.go.jp/SG1/estat/Pdfdl.do?sinfid=000012449985,2010-02-01,https://www.e-stat.go.jp/SG1/estat/Pdfdl.do?sinfid=000012449985,2026-10-03,false
29427,奈良県,,北葛城郡,河合町,,092,大和・木津川,25,淀川,未確認,2010年包括区域の名称条件一致,北葛城郡,要現行資料照合,2010-02-01,2026-01-01,3,https://www.e-stat.go.jp/SG1/estat/Pdfdl.do?sinfid=000012449985,2010-02-01,https://www.e-stat.go.jp/SG1/estat/Pdfdl.do?sinfid=000012449985,2026-10-03,false
29441,奈良県,,吉野郡,吉野町,,094,吉野,28,紀ノ川,未確認,2010年包括区域の名称条件一致,吉野郡（天川村、野迫川村、十津川村、下北山村、上北山村を除く）,要現行資料照合,2010-02-01,2026-01-01,3,https://www.e-stat.go.jp/SG1/estat/Pdfdl.do?sinfid=000012449985,2010-02-01,https://www.e-stat.go.jp/SG1/estat/Pdfdl.do?sinfid=000012449985,2026-10-03,false
29442,奈良県,,吉野郡,大淀町,,094,吉野,28,紀ノ川,未確認,2010年包括区域の名称条件一致,吉野郡（天川村、野迫川村、十津川村、下北山村、上北山村を除く）,要現行資料照合,2010-02-01,2026-01-01,3,https://www.e-stat.go.jp/SG1/estat/Pdfdl.do?sinfid=000012449985,2010-02-01,https://www.e-stat.go.jp/SG1/estat/Pdfdl.do?sinfid=000012449985,2026-10-03,false
29443,奈良県,,吉野郡,下市町,,094,吉野,28,紀ノ川,未確認,2010年包括区域の名称条件一致,吉野郡（天川村、野迫川村、十津川村、下北山村、上北山村を除く）,要現行資料照合,2010-02-01,2026-01-01,3,https://www.e-stat.go.jp/SG1/estat/Pdfdl.do?sinfid=000012449985,2010-02-01,https://www.e-stat.go.jp/SG1/estat/Pdfdl.do?sinfid=000012449985,2026-10-03,false
29444,奈良県,,吉野郡,黒滝村,,094,吉野,28,紀ノ川,未確認,2010年包括区域の名称条件一致,吉野郡（天川村、野迫川村、十津川村、下北山村、上北山村を除く）,要現行資料照合,2010-02-01,2026-01-01,3,https://www.e-stat.go.jp/SG1/estat/Pdfdl.do?sinfid=000012449985,2010-02-01,https://www.e-stat.go.jp/SG1/estat/Pdfdl.do?sinfid=000012449985,2026-10-03,false
29446,奈良県,,吉野郡,天川村,,093,北山・十津川,27,熊野川,未確認,2010年包括区域の名称条件一致,吉野郡（天川村、野迫川村、十津川村、下北山村、上北山村）,要現行資料照合,2010-02-01,2026-01-01,3,https://www.e-stat.go.jp/SG1/estat/Pdfdl.do?sinfid=000012449985,2010-02-01,https://www.e-stat.go.jp/SG1/estat/Pdfdl.do?sinfid=000012449985,2026-10-03,false
29447,奈良県,,吉野郡,野迫川村,,093,北山・十津川,27,熊野川,未確認,2010年包括区域の名称条件一致,吉野郡（天川村、野迫川村、十津川村、下北山村、上北山村）,要現行資料照合,2010-02-01,2026-01-01,3,https://www.e-stat.go.jp/SG1/estat/Pdfdl.do?sinfid=000012449985,2010-02-01,https://www.e-stat.go.jp/SG1/estat/Pdfdl.do?sinfid=000012449985,2026-10-03,false
29449,奈良県,,吉野郡,十津川村,,093,北山・十津川,27,熊野川,未確認,2010年包括区域の名称条件一致,吉野郡（天川村、野迫川村、十津川村、下北山村、上北山村）,要現行資料照合,2010-02-01,2026-01-01,3,https://www.e-stat.go.jp/SG1/estat/Pdfdl.do?sinfid=000012449985,2010-02-01,https://www.e-stat.go.jp/SG1/estat/Pdfdl.do?sinfid=000012449985,2026-10-03,false
29450,奈良県,,吉野郡,下北山村,,093,北山・十津川,27,熊野川,未確認,2010年包括区域の名称条件一致,吉野郡（天川村、野迫川村、十津川村、下北山村、上北山村）,要現行資料照合,2010-02-01,2026-01-01,3,https://www.e-stat.go.jp/SG1/estat/Pdfdl.do?sinfid=000012449985,2010-02-01,https://www.e-stat.go.jp/SG1/estat/Pdfdl.do?sinfid=000012449985,2026-10-03,false
29451,奈良県,,吉野郡,上北山村,,093,北山・十津川,27,熊野川,未確認,2010年包括区域の名称条件一致,吉野郡（天川村、野迫川村、十津川村、下北山村、上北山村）,要現行資料照合,2010-02-01,2026-01-01,3,https://www.e-stat.go.jp/SG1/estat/Pdfdl.do?sinfid=000012449985,2010-02-01,https://www.e-stat.go.jp/SG1/estat/Pdfdl.do?sinfid=000012449985,2026-10-03,false
29452,奈良県,,吉野郡,川上村,,094,吉野,28,紀ノ川,未確認,2010年包括区域の名称条件一致,吉野郡（天川村、野迫川村、十津川村、下北山村、上北山村を除く）,要現行資料照合,2010-02-01,2026-01-01,3,https://www.e-stat.go.jp/SG1/estat/Pdfdl.do?sinfid=000012449985,2010-02-01,https://www.e-stat.go.jp/SG1/estat/Pdfdl.do?sinfid=000012449985,2026-10-03,false
29453,奈良県,,吉野郡,東吉野村,,094,吉野,28,紀ノ川,未確認,2010年包括区域の名称条件一致,吉野郡（天川村、野迫川村、十津川村、下北山村、上北山村を除く）,要現行資料照合,2010-02-01,2026-01-01,3,https://www.e-stat.go.jp/SG1/estat/Pdfdl.do?sinfid=000012449985,2010-02-01,https://www.e-stat.go.jp/SG1/estat/Pdfdl.do?sinfid=000012449985,2026-10-03,false
30000,和歌山県,,,所属未定地,,,,,,未確認,名称一致なし,,未対応・要調査,2010-02-01,2026-01-01,,https://www.e-stat.go.jp/SG1/estat/Pdfdl.do?sinfid=000012449985,2010-02-01,https://www.e-stat.go.jp/SG1/estat/Pdfdl.do?sinfid=000012449985,2026-10-03,false
30201,和歌山県,,,和歌山市,,096,紀北,28,紀ノ川,未確認,2010年包括区域の名称条件一致,和歌山市,要現行資料照合,2010-02-01,2026-01-01,3,https://www.e-stat.go.jp/SG1/estat/Pdfdl.do?sinfid=000012449985,2010-02-01,https://www.e-stat.go.jp/SG1/estat/Pdfdl.do?sinfid=000012449985,2026-10-03,false
30202,和歌山県,,,海南市,,096,紀北,28,紀ノ川,未確認,2010年包括区域の名称条件一致,海南市,要現行資料照合,2010-02-01,2026-01-01,3,https://www.e-stat.go.jp/SG1/estat/Pdfdl.do?sinfid=000012449985,2010-02-01,https://www.e-stat.go.jp/SG1/estat/Pdfdl.do?sinfid=000012449985,2026-10-03,false
30203,和歌山県,,,橋本市,,096,紀北,28,紀ノ川,未確認,2010年包括区域の名称条件一致,橋本市,要現行資料照合,2010-02-01,2026-01-01,3,https://www.e-stat.go.jp/SG1/estat/Pdfdl.do?sinfid=000012449985,2010-02-01,https://www.e-stat.go.jp/SG1/estat/Pdfdl.do?sinfid=000012449985,2026-10-03,false
30204,和歌山県,,,有田市,,097,紀中,28,紀ノ川,未確認,2010年包括区域の名称条件一致,有田市,要現行資料照合,2010-02-01,2026-01-01,3,https://www.e-stat.go.jp/SG1/estat/Pdfdl.do?sinfid=000012449985,2010-02-01,https://www.e-stat.go.jp/SG1/estat/Pdfdl.do?sinfid=000012449985,2026-10-03,false
30205,和歌山県,,,御坊市,,097,紀中,28,紀ノ川,未確認,2010年包括区域の名称条件一致,御坊市,要現行資料照合,2010-02-01,2026-01-01,3,https://www.e-stat.go.jp/SG1/estat/Pdfdl.do?sinfid=000012449985,2010-02-01,https://www.e-stat.go.jp/SG1/estat/Pdfdl.do?sinfid=000012449985,2026-10-03,false
30206,和歌山県,,,田辺市,,095,紀南,27,熊野川,未確認,2010年包括区域の名称条件一致,田辺市,要現行資料照合,2010-02-01,2026-01-01,3,https://www.e-stat.go.jp/SG1/estat/Pdfdl.do?sinfid=000012449985,2010-02-01,https://www.e-stat.go.jp/SG1/estat/Pdfdl.do?sinfid=000012449985,2026-10-03,false
30207,和歌山県,,,新宮市,,095,紀南,27,熊野川,未確認,2010年包括区域の名称条件一致,新宮市,要現行資料照合,2010-02-01,2026-01-01,3,https://www.e-stat.go.jp/SG1/estat/Pdfdl.do?sinfid=000012449985,2010-02-01,https://www.e-stat.go.jp/SG1/estat/Pdfdl.do?sinfid=000012449985,2026-10-03,false
30208,和歌山県,,,紀の川市,,096,紀北,28,紀ノ川,未確認,2010年包括区域の名称条件一致,紀の川市,要現行資料照合,2010-02-01,2026-01-01,3,https://www.e-stat.go.jp/SG1/estat/Pdfdl.do?sinfid=000012449985,2010-02-01,https://www.e-stat.go.jp/SG1/estat/Pdfdl.do?sinfid=000012449985,2026-10-03,false
30209,和歌山県,,,岩出市,,096,紀北,28,紀ノ川,未確認,2010年包括区域の名称条件一致,岩出市,要現行資料照合,2010-02-01,2026-01-01,3,https://www.e-stat.go.jp/SG1/estat/Pdfdl.do?sinfid=000012449985,2010-02-01,https://www.e-stat.go.jp/SG1/estat/Pdfdl.do?sinfid=000012449985,2026-10-03,false
30304,和歌山県,,海草郡,紀美野町,,096,紀北,28,紀ノ川,未確認,2010年包括区域の名称条件一致,海草郡,要現行資料照合,2010-02-01,2026-01-01,3,https://www.e-stat.go.jp/SG1/estat/Pdfdl.do?sinfid=000012449985,2010-02-01,https://www.e-stat.go.jp/SG1/estat/Pdfdl.do?sinfid=000012449985,2026-10-03,false
30341,和歌山県,,伊都郡,かつらぎ町,,096,紀北,28,紀ノ川,未確認,2010年包括区域の名称条件一致,伊都郡,要現行資料照合,2010-02-01,2026-01-01,3,https://www.e-stat.go.jp/SG1/estat/Pdfdl.do?sinfid=000012449985,2010-02-01,https://www.e-stat.go.jp/SG1/estat/Pdfdl.do?sinfid=000012449985,2026-10-03,false
30343,和歌山県,,伊都郡,九度山町,,096,紀北,28,紀ノ川,未確認,2010年包括区域の名称条件一致,伊都郡,要現行資料照合,2010-02-01,2026-01-01,3,https://www.e-stat.go.jp/SG1/estat/Pdfdl.do?sinfid=000012449985,2010-02-01,https://www.e-stat.go.jp/SG1/estat/Pdfdl.do?sinfid=000012449985,2026-10-03,false
30344,和歌山県,,伊都郡,高野町,,096,紀北,28,紀ノ川,未確認,2010年包括区域の名称条件一致,伊都郡,要現行資料照合,2010-02-01,2026-01-01,3,https://www.e-stat.go.jp/SG1/estat/Pdfdl.do?sinfid=000012449985,2010-02-01,https://www.e-stat.go.jp/SG1/estat/Pdfdl.do?sinfid=000012449985,2026-10-03,false
30361,和歌山県,,有田郡,湯浅町,,097,紀中,28,紀ノ川,未確認,2010年包括区域の名称条件一致,有田郡,要現行資料照合,2010-02-01,2026-01-01,3,https://www.e-stat.go.jp/SG1/estat/Pdfdl.do?sinfid=000012449985,2010-02-01,https://www.e-stat.go.jp/SG1/estat/Pdfdl.do?sinfid=000012449985,2026-10-03,false
30362,和歌山県,,有田郡,広川町,,097,紀中,28,紀ノ川,未確認,2010年包括区域の名称条件一致,有田郡,要現行資料照合,2010-02-01,2026-01-01,3,https://www.e-stat.go.jp/SG1/estat/Pdfdl.do?sinfid=000012449985,2010-02-01,https://www.e-stat.go.jp/SG1/estat/Pdfdl.do?sinfid=000012449985,2026-10-03,false
30366,和歌山県,,有田郡,有田川町,,097,紀中,28,紀ノ川,未確認,2010年包括区域の名称条件一致,有田郡,要現行資料照合,2010-02-01,2026-01-01,3,https://www.e-stat.go.jp/SG1/estat/Pdfdl.do?sinfid=000012449985,2010-02-01,https://www.e-stat.go.jp/SG1/estat/Pdfdl.do?sinfid=000012449985,2026-10-03,false
30381,和歌山県,,日高郡,美浜町,,097,紀中,28,紀ノ川,未確認,2010年包括区域の名称条件一致,日高郡,要現行資料照合,2010-02-01,2026-01-01,3,https://www.e-stat.go.jp/SG1/estat/Pdfdl.do?sinfid=000012449985,2010-02-01,https://www.e-stat.go.jp/SG1/estat/Pdfdl.do?sinfid=000012449985,2026-10-03,false
30382,和歌山県,,日高郡,日高町,,097,紀中,28,紀ノ川,未確認,2010年包括区域の名称条件一致,日高郡,要現行資料照合,2010-02-01,2026-01-01,3,https://www.e-stat.go.jp/SG1/estat/Pdfdl.do?sinfid=000012449985,2010-02-01,https://www.e-stat.go.jp/SG1/estat/Pdfdl.do?sinfid=000012449985,2026-10-03,false
30383,和歌山県,,日高郡,由良町,,097,紀中,28,紀ノ川,未確認,2010年包括区域の名称条件一致,日高郡,要現行資料照合,2010-02-01,2026-01-01,3,https://www.e-stat.go.jp/SG1/estat/Pdfdl.do?sinfid=000012449985,2010-02-01,https://www.e-stat.go.jp/SG1/estat/Pdfdl.do?sinfid=000012449985,2026-10-03,false
30390,和歌山県,,日高郡,印南町,,097,紀中,28,紀ノ川,未確認,2010年包括区域の名称条件一致,日高郡,要現行資料照合,2010-02-01,2026-01-01,3,https://www.e-stat.go.jp/SG1/estat/Pdfdl.do?sinfid=000012449985,2010-02-01,https://www.e-stat.go.jp/SG1/estat/Pdfdl.do?sinfid=000012449985,2026-10-03,false
30391,和歌山県,,日高郡,みなべ町,,097,紀中,28,紀ノ川,未確認,2010年包括区域の名称条件一致,日高郡,要現行資料照合,2010-02-01,2026-01-01,3,https://www.e-stat.go.jp/SG1/estat/Pdfdl.do?sinfid=000012449985,2010-02-01,https://www.e-stat.go.jp/SG1/estat/Pdfdl.do?sinfid=000012449985,2026-10-03,false
30392,和歌山県,,日高郡,日高川町,,097,紀中,28,紀ノ川,未確認,2010年包括区域の名称条件一致,日高郡,要現行資料照合,2010-02-01,2026-01-01,3,https://www.e-stat.go.jp/SG1/estat/Pdfdl.do?sinfid=000012449985,2010-02-01,https://www.e-stat.go.jp/SG1/estat/Pdfdl.do?sinfid=000012449985,2026-10-03,false
30401,和歌山県,,西牟婁郡,白浜町,,095,紀南,27,熊野川,未確認,2010年包括区域の名称条件一致,西牟婁郡,要現行資料照合,2010-02-01,2026-01-01,3,https://www.e-stat.go.jp/SG1/estat/Pdfdl.do?sinfid=000012449985,2010-02-01,https://www.e-stat.go.jp/SG1/estat/Pdfdl.do?sinfid=000012449985,2026-10-03,false
30404,和歌山県,,西牟婁郡,上富田町,,095,紀南,27,熊野川,未確認,2010年包括区域の名称条件一致,西牟婁郡,要現行資料照合,2010-02-01,2026-01-01,3,https://www.e-stat.go.jp/SG1/estat/Pdfdl.do?sinfid=000012449985,2010-02-01,https://www.e-stat.go.jp/SG1/estat/Pdfdl.do?sinfid=000012449985,2026-10-03,false
30406,和歌山県,,西牟婁郡,すさみ町,,095,紀南,27,熊野川,未確認,2010年包括区域の名称条件一致,西牟婁郡,要現行資料照合,2010-02-01,2026-01-01,3,https://www.e-stat.go.jp/SG1/estat/Pdfdl.do?sinfid=000012449985,2010-02-01,https://www.e-stat.go.jp/SG1/estat/Pdfdl.do?sinfid=000012449985,2026-10-03,false
30421,和歌山県,,東牟婁郡,那智勝浦町,,095,紀南,27,熊野川,未確認,2010年包括区域の名称条件一致,東牟婁郡,要現行資料照合,2010-02-01,2026-01-01,3,https://www.e-stat.go.jp/SG1/estat/Pdfdl.do?sinfid=000012449985,2010-02-01,https://www.e-stat.go.jp/SG1/estat/Pdfdl.do?sinfid=000012449985,2026-10-03,false
30422,和歌山県,,東牟婁郡,太地町,,095,紀南,27,熊野川,未確認,2010年包括区域の名称条件一致,東牟婁郡,要現行資料照合,2010-02-01,2026-01-01,3,https://www.e-stat.go.jp/SG1/estat/Pdfdl.do?sinfid=000012449985,2010-02-01,https://www.e-stat.go.jp/SG1/estat/Pdfdl.do?sinfid=000012449985,2026-10-03,false
30424,和歌山県,,東牟婁郡,古座川町,,095,紀南,27,熊野川,未確認,2010年包括区域の名称条件一致,東牟婁郡,要現行資料照合,2010-02-01,2026-01-01,3,https://www.e-stat.go.jp/SG1/estat/Pdfdl.do?sinfid=000012449985,2010-02-01,https://www.e-stat.go.jp/SG1/estat/Pdfdl.do?sinfid=000012449985,2026-10-03,false
30427,和歌山県,,東牟婁郡,北山村,,095,紀南,27,熊野川,未確認,2010年包括区域の名称条件一致,東牟婁郡,要現行資料照合,2010-02-01,2026-01-01,3,https://www.e-stat.go.jp/SG1/estat/Pdfdl.do?sinfid=000012449985,2010-02-01,https://www.e-stat.go.jp/SG1/estat/Pdfdl.do?sinfid=000012449985,2026-10-03,false
30428,和歌山県,,東牟婁郡,串本町,,095,紀南,27,熊野川,未確認,2010年包括区域の名称条件一致,東牟婁郡,要現行資料照合,2010-02-01,2026-01-01,3,https://www.e-stat.go.jp/SG1/estat/Pdfdl.do?sinfid=000012449985,2010-02-01,https://www.e-stat.go.jp/SG1/estat/Pdfdl.do?sinfid=000012449985,2026-10-03,false
31201,鳥取県,,,鳥取市,,100,千代川,31,円山・千代川,未確認,2010年包括区域の名称条件一致,鳥取市,要現行資料照合,2010-02-01,2026-01-01,3,https://www.e-stat.go.jp/SG1/estat/Pdfdl.do?sinfid=000012449985,2010-02-01,https://www.e-stat.go.jp/SG1/estat/Pdfdl.do?sinfid=000012449985,2026-10-03,false
31202,鳥取県,,,米子市,,098,日野川,31,円山・千代川,未確認,2010年包括区域の名称条件一致,米子市,要現行資料照合,2010-02-01,2026-01-01,3,https://www.e-stat.go.jp/SG1/estat/Pdfdl.do?sinfid=000012449985,2010-02-01,https://www.e-stat.go.jp/SG1/estat/Pdfdl.do?sinfid=000012449985,2026-10-03,false
31203,鳥取県,,,倉吉市,,099,天神川,31,円山・千代川,未確認,2010年包括区域の名称条件一致,倉吉市,要現行資料照合,2010-02-01,2026-01-01,3,https://www.e-stat.go.jp/SG1/estat/Pdfdl.do?sinfid=000012449985,2010-02-01,https://www.e-stat.go.jp/SG1/estat/Pdfdl.do?sinfid=000012449985,2026-10-03,false
31204,鳥取県,,,境港市,,098,日野川,31,円山・千代川,未確認,2010年包括区域の名称条件一致,境港市,要現行資料照合,2010-02-01,2026-01-01,3,https://www.e-stat.go.jp/SG1/estat/Pdfdl.do?sinfid=000012449985,2010-02-01,https://www.e-stat.go.jp/SG1/estat/Pdfdl.do?sinfid=000012449985,2026-10-03,false
31302,鳥取県,,岩美郡,岩美町,,100,千代川,31,円山・千代川,未確認,2010年包括区域の名称条件一致,岩美郡,要現行資料照合,2010-02-01,2026-01-01,3,https://www.e-stat.go.jp/SG1/estat/Pdfdl.do?sinfid=000012449985,2010-02-01,https://www.e-stat.go.jp/SG1/estat/Pdfdl.do?sinfid=000012449985,2026-10-03,false
31325,鳥取県,,八頭郡,若桜町,,100,千代川,31,円山・千代川,未確認,2010年包括区域の名称条件一致,八頭郡,要現行資料照合,2010-02-01,2026-01-01,3,https://www.e-stat.go.jp/SG1/estat/Pdfdl.do?sinfid=000012449985,2010-02-01,https://www.e-stat.go.jp/SG1/estat/Pdfdl.do?sinfid=000012449985,2026-10-03,false
31328,鳥取県,,八頭郡,智頭町,,100,千代川,31,円山・千代川,未確認,2010年包括区域の名称条件一致,八頭郡,要現行資料照合,2010-02-01,2026-01-01,3,https://www.e-stat.go.jp/SG1/estat/Pdfdl.do?sinfid=000012449985,2010-02-01,https://www.e-stat.go.jp/SG1/estat/Pdfdl.do?sinfid=000012449985,2026-10-03,false
31329,鳥取県,,八頭郡,八頭町,,100,千代川,31,円山・千代川,未確認,2010年包括区域の名称条件一致,八頭郡,要現行資料照合,2010-02-01,2026-01-01,3,https://www.e-stat.go.jp/SG1/estat/Pdfdl.do?sinfid=000012449985,2010-02-01,https://www.e-stat.go.jp/SG1/estat/Pdfdl.do?sinfid=000012449985,2026-10-03,false
31364,鳥取県,,東伯郡,三朝町,,099,天神川,31,円山・千代川,未確認,2010年包括区域の名称条件一致,東伯郡,要現行資料照合,2010-02-01,2026-01-01,3,https://www.e-stat.go.jp/SG1/estat/Pdfdl.do?sinfid=000012449985,2010-02-01,https://www.e-stat.go.jp/SG1/estat/Pdfdl.do?sinfid=000012449985,2026-10-03,false
31370,鳥取県,,東伯郡,湯梨浜町,,099,天神川,31,円山・千代川,未確認,2010年包括区域の名称条件一致,東伯郡,要現行資料照合,2010-02-01,2026-01-01,3,https://www.e-stat.go.jp/SG1/estat/Pdfdl.do?sinfid=000012449985,2010-02-01,https://www.e-stat.go.jp/SG1/estat/Pdfdl.do?sinfid=000012449985,2026-10-03,false
31371,鳥取県,,東伯郡,琴浦町,,099,天神川,31,円山・千代川,未確認,2010年包括区域の名称条件一致,東伯郡,要現行資料照合,2010-02-01,2026-01-01,3,https://www.e-stat.go.jp/SG1/estat/Pdfdl.do?sinfid=000012449985,2010-02-01,https://www.e-stat.go.jp/SG1/estat/Pdfdl.do?sinfid=000012449985,2026-10-03,false
31372,鳥取県,,東伯郡,北栄町,,099,天神川,31,円山・千代川,未確認,2010年包括区域の名称条件一致,東伯郡,要現行資料照合,2010-02-01,2026-01-01,3,https://www.e-stat.go.jp/SG1/estat/Pdfdl.do?sinfid=000012449985,2010-02-01,https://www.e-stat.go.jp/SG1/estat/Pdfdl.do?sinfid=000012449985,2026-10-03,false
31384,鳥取県,,西伯郡,日吉津村,,098,日野川,31,円山・千代川,未確認,2010年包括区域の名称条件一致,西伯郡,要現行資料照合,2010-02-01,2026-01-01,3,https://www.e-stat.go.jp/SG1/estat/Pdfdl.do?sinfid=000012449985,2010-02-01,https://www.e-stat.go.jp/SG1/estat/Pdfdl.do?sinfid=000012449985,2026-10-03,false
31386,鳥取県,,西伯郡,大山町,,098,日野川,31,円山・千代川,未確認,2010年包括区域の名称条件一致,西伯郡,要現行資料照合,2010-02-01,2026-01-01,3,https://www.e-stat.go.jp/SG1/estat/Pdfdl.do?sinfid=000012449985,2010-02-01,https://www.e-stat.go.jp/SG1/estat/Pdfdl.do?sinfid=000012449985,2026-10-03,false
31389,鳥取県,,西伯郡,南部町,,098,日野川,31,円山・千代川,未確認,2010年包括区域の名称条件一致,西伯郡,要現行資料照合,2010-02-01,2026-01-01,3,https://www.e-stat.go.jp/SG1/estat/Pdfdl.do?sinfid=000012449985,2010-02-01,https://www.e-stat.go.jp/SG1/estat/Pdfdl.do?sinfid=000012449985,2026-10-03,false
31390,鳥取県,,西伯郡,伯耆町,,098,日野川,31,円山・千代川,未確認,2010年包括区域の名称条件一致,西伯郡,要現行資料照合,2010-02-01,2026-01-01,3,https://www.e-stat.go.jp/SG1/estat/Pdfdl.do?sinfid=000012449985,2010-02-01,https://www.e-stat.go.jp/SG1/estat/Pdfdl.do?sinfid=000012449985,2026-10-03,false
31401,鳥取県,,日野郡,日南町,,098,日野川,31,円山・千代川,未確認,2010年包括区域の名称条件一致,日野郡,要現行資料照合,2010-02-01,2026-01-01,3,https://www.e-stat.go.jp/SG1/estat/Pdfdl.do?sinfid=000012449985,2010-02-01,https://www.e-stat.go.jp/SG1/estat/Pdfdl.do?sinfid=000012449985,2026-10-03,false
31402,鳥取県,,日野郡,日野町,,098,日野川,31,円山・千代川,未確認,2010年包括区域の名称条件一致,日野郡,要現行資料照合,2010-02-01,2026-01-01,3,https://www.e-stat.go.jp/SG1/estat/Pdfdl.do?sinfid=000012449985,2010-02-01,https://www.e-stat.go.jp/SG1/estat/Pdfdl.do?sinfid=000012449985,2026-10-03,false
31403,鳥取県,,日野郡,江府町,,098,日野川,31,円山・千代川,未確認,2010年包括区域の名称条件一致,日野郡,要現行資料照合,2010-02-01,2026-01-01,3,https://www.e-stat.go.jp/SG1/estat/Pdfdl.do?sinfid=000012449985,2010-02-01,https://www.e-stat.go.jp/SG1/estat/Pdfdl.do?sinfid=000012449985,2026-10-03,false
32201,島根県,,,松江市,,102,斐伊川,32,江の川,未確認,2010年包括区域の名称条件一致,松江市,要現行資料照合,2010-02-01,2026-01-01,3,https://www.e-stat.go.jp/SG1/estat/Pdfdl.do?sinfid=000012449985,2010-02-01,https://www.e-stat.go.jp/SG1/estat/Pdfdl.do?sinfid=000012449985,2026-10-03,false
32202,島根県,,,浜田市,,101,江の川下流,32,江の川,未確認,2010年包括区域の名称条件一致,浜田市,要現行資料照合,2010-02-01,2026-01-01,3,https://www.e-stat.go.jp/SG1/estat/Pdfdl.do?sinfid=000012449985,2010-02-01,https://www.e-stat.go.jp/SG1/estat/Pdfdl.do?sinfid=000012449985,2026-10-03,false
32203,島根県,,,出雲市,,102,斐伊川,32,江の川,未確認,2010年包括区域の名称条件一致,出雲市,要現行資料照合,2010-02-01,2026-01-01,3,https://www.e-stat.go.jp/SG1/estat/Pdfdl.do?sinfid=000012449985,2010-02-01,https://www.e-stat.go.jp/SG1/estat/Pdfdl.do?sinfid=000012449985,2026-10-03,false
32204,島根県,,,益田市,,104,高津川,34,高津川,未確認,2010年包括区域の名称条件一致,益田市,要現行資料照合,2010-02-01,2026-01-01,3,https://www.e-stat.go.jp/SG1/estat/Pdfdl.do?sinfid=000012449985,2010-02-01,https://www.e-stat.go.jp/SG1/estat/Pdfdl.do?sinfid=000012449985,2026-10-03,false
32205,島根県,,,大田市,,101,江の川下流,32,江の川,未確認,2010年包括区域の名称条件一致,大田市,要現行資料照合,2010-02-01,2026-01-01,3,https://www.e-stat.go.jp/SG1/estat/Pdfdl.do?sinfid=000012449985,2010-02-01,https://www.e-stat.go.jp/SG1/estat/Pdfdl.do?sinfid=000012449985,2026-10-03,false
32206,島根県,,,安来市,,102,斐伊川,32,江の川,未確認,2010年包括区域の名称条件一致,安来市,要現行資料照合,2010-02-01,2026-01-01,3,https://www.e-stat.go.jp/SG1/estat/Pdfdl.do?sinfid=000012449985,2010-02-01,https://www.e-stat.go.jp/SG1/estat/Pdfdl.do?sinfid=000012449985,2026-10-03,false
32207,島根県,,,江津市,,101,江の川下流,32,江の川,未確認,2010年包括区域の名称条件一致,江津市,要現行資料照合,2010-02-01,2026-01-01,3,https://www.e-stat.go.jp/SG1/estat/Pdfdl.do?sinfid=000012449985,2010-02-01,https://www.e-stat.go.jp/SG1/estat/Pdfdl.do?sinfid=000012449985,2026-10-03,false
32209,島根県,,,雲南市,,102,斐伊川,32,江の川,未確認,2010年包括区域の名称条件一致,雲南市,要現行資料照合,2010-02-01,2026-01-01,3,https://www.e-stat.go.jp/SG1/estat/Pdfdl.do?sinfid=000012449985,2010-02-01,https://www.e-stat.go.jp/SG1/estat/Pdfdl.do?sinfid=000012449985,2026-10-03,false
32343,島根県,,仁多郡,奥出雲町,,102,斐伊川,32,江の川,未確認,2010年包括区域の名称条件一致,仁多郡,要現行資料照合,2010-02-01,2026-01-01,3,https://www.e-stat.go.jp/SG1/estat/Pdfdl.do?sinfid=000012449985,2010-02-01,https://www.e-stat.go.jp/SG1/estat/Pdfdl.do?sinfid=000012449985,2026-10-03,false
32386,島根県,,飯石郡,飯南町,,102,斐伊川,32,江の川,未確認,2010年包括区域の名称条件一致,飯石郡,要現行資料照合,2010-02-01,2026-01-01,3,https://www.e-stat.go.jp/SG1/estat/Pdfdl.do?sinfid=000012449985,2010-02-01,https://www.e-stat.go.jp/SG1/estat/Pdfdl.do?sinfid=000012449985,2026-10-03,false
32441,島根県,,邑智郡,川本町,,101,江の川下流,32,江の川,未確認,2010年包括区域の名称条件一致,邑智郡,要現行資料照合,2010-02-01,2026-01-01,3,https://www.e-stat.go.jp/SG1/estat/Pdfdl.do?sinfid=000012449985,2010-02-01,https://www.e-stat.go.jp/SG1/estat/Pdfdl.do?sinfid=000012449985,2026-10-03,false
32448,島根県,,邑智郡,美郷町,,101,江の川下流,32,江の川,未確認,2010年包括区域の名称条件一致,邑智郡,要現行資料照合,2010-02-01,2026-01-01,3,https://www.e-stat.go.jp/SG1/estat/Pdfdl.do?sinfid=000012449985,2010-02-01,https://www.e-stat.go.jp/SG1/estat/Pdfdl.do?sinfid=000012449985,2026-10-03,false
32449,島根県,,邑智郡,邑南町,,101,江の川下流,32,江の川,未確認,2010年包括区域の名称条件一致,邑智郡,要現行資料照合,2010-02-01,2026-01-01,3,https://www.e-stat.go.jp/SG1/estat/Pdfdl.do?sinfid=000012449985,2010-02-01,https://www.e-stat.go.jp/SG1/estat/Pdfdl.do?sinfid=000012449985,2026-10-03,false
32501,島根県,,鹿足郡,津和野町,,104,高津川,34,高津川,未確認,2010年包括区域の名称条件一致,鹿足郡,要現行資料照合,2010-02-01,2026-01-01,3,https://www.e-stat.go.jp/SG1/estat/Pdfdl.do?sinfid=000012449985,2010-02-01,https://www.e-stat.go.jp/SG1/estat/Pdfdl.do?sinfid=000012449985,2026-10-03,false
32505,島根県,,鹿足郡,吉賀町,,104,高津川,34,高津川,未確認,2010年包括区域の名称条件一致,鹿足郡,要現行資料照合,2010-02-01,2026-01-01,3,https://www.e-stat.go.jp/SG1/estat/Pdfdl.do?sinfid=000012449985,2010-02-01,https://www.e-stat.go.jp/SG1/estat/Pdfdl.do?sinfid=000012449985,2026-10-03,false
32525,島根県,,隠岐郡,海士町,,103,隠岐,32,江の川,未確認,2010年包括区域の名称条件一致,隠岐郡,要現行資料照合,2010-02-01,2026-01-01,3,https://www.e-stat.go.jp/SG1/estat/Pdfdl.do?sinfid=000012449985,2010-02-01,https://www.e-stat.go.jp/SG1/estat/Pdfdl.do?sinfid=000012449985,2026-10-03,false
32526,島根県,,隠岐郡,西ノ島町,,103,隠岐,32,江の川,未確認,2010年包括区域の名称条件一致,隠岐郡,要現行資料照合,2010-02-01,2026-01-01,3,https://www.e-stat.go.jp/SG1/estat/Pdfdl.do?sinfid=000012449985,2010-02-01,https://www.e-stat.go.jp/SG1/estat/Pdfdl.do?sinfid=000012449985,2026-10-03,false
32527,島根県,,隠岐郡,知夫村,,103,隠岐,32,江の川,未確認,2010年包括区域の名称条件一致,隠岐郡,要現行資料照合,2010-02-01,2026-01-01,3,https://www.e-stat.go.jp/SG1/estat/Pdfdl.do?sinfid=000012449985,2010-02-01,https://www.e-stat.go.jp/SG1/estat/Pdfdl.do?sinfid=000012449985,2026-10-03,false
32528,島根県,,隠岐郡,隠岐の島町,,103,隠岐,32,江の川,未確認,2010年包括区域の名称条件一致,隠岐郡,要現行資料照合,2010-02-01,2026-01-01,3,https://www.e-stat.go.jp/SG1/estat/Pdfdl.do?sinfid=000012449985,2010-02-01,https://www.e-stat.go.jp/SG1/estat/Pdfdl.do?sinfid=000012449985,2026-10-03,false
33101,岡山県,,,岡山市,北区,106,旭川,30,高梁・吉井川,未確認,2010年包括区域の名称条件一致,岡山市,要現行資料照合,2010-02-01,2026-01-01,3,https://www.e-stat.go.jp/SG1/estat/Pdfdl.do?sinfid=000012449985,2010-02-01,https://www.e-stat.go.jp/SG1/estat/Pdfdl.do?sinfid=000012449985,2026-10-03,false
33102,岡山県,,,岡山市,中区,106,旭川,30,高梁・吉井川,未確認,2010年包括区域の名称条件一致,岡山市,要現行資料照合,2010-02-01,2026-01-01,3,https://www.e-stat.go.jp/SG1/estat/Pdfdl.do?sinfid=000012449985,2010-02-01,https://www.e-stat.go.jp/SG1/estat/Pdfdl.do?sinfid=000012449985,2026-10-03,false
33103,岡山県,,,岡山市,東区,106,旭川,30,高梁・吉井川,未確認,2010年包括区域の名称条件一致,岡山市,要現行資料照合,2010-02-01,2026-01-01,3,https://www.e-stat.go.jp/SG1/estat/Pdfdl.do?sinfid=000012449985,2010-02-01,https://www.e-stat.go.jp/SG1/estat/Pdfdl.do?sinfid=000012449985,2026-10-03,false
33104,岡山県,,,岡山市,南区,106,旭川,30,高梁・吉井川,未確認,2010年包括区域の名称条件一致,岡山市,要現行資料照合,2010-02-01,2026-01-01,3,https://www.e-stat.go.jp/SG1/estat/Pdfdl.do?sinfid=000012449985,2010-02-01,https://www.e-stat.go.jp/SG1/estat/Pdfdl.do?sinfid=000012449985,2026-10-03,false
33202,岡山県,,,倉敷市,,105,高梁川下流,30,高梁・吉井川,未確認,2010年包括区域の名称条件一致,倉敷市,要現行資料照合,2010-02-01,2026-01-01,3,https://www.e-stat.go.jp/SG1/estat/Pdfdl.do?sinfid=000012449985,2010-02-01,https://www.e-stat.go.jp/SG1/estat/Pdfdl.do?sinfid=000012449985,2026-10-03,false
33203,岡山県,,,津山市,,107,吉井川,30,高梁・吉井川,未確認,2010年包括区域の名称条件一致,津山市,要現行資料照合,2010-02-01,2026-01-01,3,https://www.e-stat.go.jp/SG1/estat/Pdfdl.do?sinfid=000012449985,2010-02-01,https://www.e-stat.go.jp/SG1/estat/Pdfdl.do?sinfid=000012449985,2026-10-03,false
33204,岡山県,,,玉野市,,106,旭川,30,高梁・吉井川,未確認,2010年包括区域の名称条件一致,玉野市,要現行資料照合,2010-02-01,2026-01-01,3,https://www.e-stat.go.jp/SG1/estat/Pdfdl.do?sinfid=000012449985,2010-02-01,https://www.e-stat.go.jp/SG1/estat/Pdfdl.do?sinfid=000012449985,2026-10-03,false
33205,岡山県,,,笠岡市,,105,高梁川下流,30,高梁・吉井川,未確認,2010年包括区域の名称条件一致,笠岡市,要現行資料照合,2010-02-01,2026-01-01,3,https://www.e-stat.go.jp/SG1/estat/Pdfdl.do?sinfid=000012449985,2010-02-01,https://www.e-stat.go.jp/SG1/estat/Pdfdl.do?sinfid=000012449985,2026-10-03,false
33207,岡山県,,,井原市,,105,高梁川下流,30,高梁・吉井川,未確認,2010年包括区域の名称条件一致,井原市,要現行資料照合,2010-02-01,2026-01-01,3,https://www.e-stat.go.jp/SG1/estat/Pdfdl.do?sinfid=000012449985,2010-02-01,https://www.e-stat.go.jp/SG1/estat/Pdfdl.do?sinfid=000012449985,2026-10-03,false
33208,岡山県,,,総社市,,105,高梁川下流,30,高梁・吉井川,未確認,2010年包括区域の名称条件一致,総社市,要現行資料照合,2010-02-01,2026-01-01,3,https://www.e-stat.go.jp/SG1/estat/Pdfdl.do?sinfid=000012449985,2010-02-01,https://www.e-stat.go.jp/SG1/estat/Pdfdl.do?sinfid=000012449985,2026-10-03,false
33209,岡山県,,,高梁市,,105,高梁川下流,30,高梁・吉井川,未確認,2010年包括区域の名称条件一致,高梁市,要現行資料照合,2010-02-01,2026-01-01,3,https://www.e-stat.go.jp/SG1/estat/Pdfdl.do?sinfid=000012449985,2010-02-01,https://www.e-stat.go.jp/SG1/estat/Pdfdl.do?sinfid=000012449985,2026-10-03,false
33210,岡山県,,,新見市,,105,高梁川下流,30,高梁・吉井川,未確認,2010年包括区域の名称条件一致,新見市,要現行資料照合,2010-02-01,2026-01-01,3,https://www.e-stat.go.jp/SG1/estat/Pdfdl.do?sinfid=000012449985,2010-02-01,https://www.e-stat.go.jp/SG1/estat/Pdfdl.do?sinfid=000012449985,2026-10-03,false
33211,岡山県,,,備前市,,107,吉井川,30,高梁・吉井川,未確認,2010年包括区域の名称条件一致,備前市,要現行資料照合,2010-02-01,2026-01-01,3,https://www.e-stat.go.jp/SG1/estat/Pdfdl.do?sinfid=000012449985,2010-02-01,https://www.e-stat.go.jp/SG1/estat/Pdfdl.do?sinfid=000012449985,2026-10-03,false
33212,岡山県,,,瀬戸内市,,107,吉井川,30,高梁・吉井川,未確認,2010年包括区域の名称条件一致,瀬戸内市,要現行資料照合,2010-02-01,2026-01-01,3,https://www.e-stat.go.jp/SG1/estat/Pdfdl.do?sinfid=000012449985,2010-02-01,https://www.e-stat.go.jp/SG1/estat/Pdfdl.do?sinfid=000012449985,2026-10-03,false
33213,岡山県,,,赤磐市,,107,吉井川,30,高梁・吉井川,未確認,2010年包括区域の名称条件一致,赤磐市,要現行資料照合,2010-02-01,2026-01-01,3,https://www.e-stat.go.jp/SG1/estat/Pdfdl.do?sinfid=000012449985,2010-02-01,https://www.e-stat.go.jp/SG1/estat/Pdfdl.do?sinfid=000012449985,2026-10-03,false
33214,岡山県,,,真庭市,,106,旭川,30,高梁・吉井川,未確認,2010年包括区域の名称条件一致,真庭市,要現行資料照合,2010-02-01,2026-01-01,3,https://www.e-stat.go.jp/SG1/estat/Pdfdl.do?sinfid=000012449985,2010-02-01,https://www.e-stat.go.jp/SG1/estat/Pdfdl.do?sinfid=000012449985,2026-10-03,false
33215,岡山県,,,美作市,,107,吉井川,30,高梁・吉井川,未確認,2010年包括区域の名称条件一致,美作市,要現行資料照合,2010-02-01,2026-01-01,3,https://www.e-stat.go.jp/SG1/estat/Pdfdl.do?sinfid=000012449985,2010-02-01,https://www.e-stat.go.jp/SG1/estat/Pdfdl.do?sinfid=000012449985,2026-10-03,false
33216,岡山県,,,浅口市,,105,高梁川下流,30,高梁・吉井川,未確認,2010年包括区域の名称条件一致,浅口市,要現行資料照合,2010-02-01,2026-01-01,3,https://www.e-stat.go.jp/SG1/estat/Pdfdl.do?sinfid=000012449985,2010-02-01,https://www.e-stat.go.jp/SG1/estat/Pdfdl.do?sinfid=000012449985,2026-10-03,false
33346,岡山県,,和気郡,和気町,,107,吉井川,30,高梁・吉井川,未確認,2010年包括区域の名称条件一致,和気郡,要現行資料照合,2010-02-01,2026-01-01,3,https://www.e-stat.go.jp/SG1/estat/Pdfdl.do?sinfid=000012449985,2010-02-01,https://www.e-stat.go.jp/SG1/estat/Pdfdl.do?sinfid=000012449985,2026-10-03,false
33423,岡山県,,都窪郡,早島町,,105,高梁川下流,30,高梁・吉井川,未確認,2010年包括区域の名称条件一致,都窪郡,要現行資料照合,2010-02-01,2026-01-01,3,https://www.e-stat.go.jp/SG1/estat/Pdfdl.do?sinfid=000012449985,2010-02-01,https://www.e-stat.go.jp/SG1/estat/Pdfdl.do?sinfid=000012449985,2026-10-03,false
33445,岡山県,,浅口郡,里庄町,,105,高梁川下流,30,高梁・吉井川,未確認,2010年包括区域の名称条件一致,浅口郡,要現行資料照合,2010-02-01,2026-01-01,3,https://www.e-stat.go.jp/SG1/estat/Pdfdl.do?sinfid=000012449985,2010-02-01,https://www.e-stat.go.jp/SG1/estat/Pdfdl.do?sinfid=000012449985,2026-10-03,false
33461,岡山県,,小田郡,矢掛町,,105,高梁川下流,30,高梁・吉井川,未確認,2010年包括区域の名称条件一致,小田郡,要現行資料照合,2010-02-01,2026-01-01,3,https://www.e-stat.go.jp/SG1/estat/Pdfdl.do?sinfid=000012449985,2010-02-01,https://www.e-stat.go.jp/SG1/estat/Pdfdl.do?sinfid=000012449985,2026-10-03,false
33586,岡山県,,真庭郡,新庄村,,106,旭川,30,高梁・吉井川,未確認,2010年包括区域の名称条件一致,真庭郡,要現行資料照合,2010-02-01,2026-01-01,3,https://www.e-stat.go.jp/SG1/estat/Pdfdl.do?sinfid=000012449985,2010-02-01,https://www.e-stat.go.jp/SG1/estat/Pdfdl.do?sinfid=000012449985,2026-10-03,false
33606,岡山県,,苫田郡,鏡野町,,107,吉井川,30,高梁・吉井川,未確認,2010年包括区域の名称条件一致,苫田郡,要現行資料照合,2010-02-01,2026-01-01,3,https://www.e-stat.go.jp/SG1/estat/Pdfdl.do?sinfid=000012449985,2010-02-01,https://www.e-stat.go.jp/SG1/estat/Pdfdl.do?sinfid=000012449985,2026-10-03,false
33622,岡山県,,勝田郡,勝央町,,107,吉井川,30,高梁・吉井川,未確認,2010年包括区域の名称条件一致,勝田郡,要現行資料照合,2010-02-01,2026-01-01,3,https://www.e-stat.go.jp/SG1/estat/Pdfdl.do?sinfid=000012449985,2010-02-01,https://www.e-stat.go.jp/SG1/estat/Pdfdl.do?sinfid=000012449985,2026-10-03,false
33623,岡山県,,勝田郡,奈義町,,107,吉井川,30,高梁・吉井川,未確認,2010年包括区域の名称条件一致,勝田郡,要現行資料照合,2010-02-01,2026-01-01,3,https://www.e-stat.go.jp/SG1/estat/Pdfdl.do?sinfid=000012449985,2010-02-01,https://www.e-stat.go.jp/SG1/estat/Pdfdl.do?sinfid=000012449985,2026-10-03,false
33643,岡山県,,英田郡,西粟倉村,,107,吉井川,30,高梁・吉井川,未確認,2010年包括区域の名称条件一致,英田郡,要現行資料照合,2010-02-01,2026-01-01,3,https://www.e-stat.go.jp/SG1/estat/Pdfdl.do?sinfid=000012449985,2010-02-01,https://www.e-stat.go.jp/SG1/estat/Pdfdl.do?sinfid=000012449985,2026-10-03,false
33663,岡山県,,久米郡,久米南町,,106,旭川,30,高梁・吉井川,未確認,2010年包括区域の名称条件一致,久米郡（久米南町）,要現行資料照合,2010-02-01,2026-01-01,3,https://www.e-stat.go.jp/SG1/estat/Pdfdl.do?sinfid=000012449985,2010-02-01,https://www.e-stat.go.jp/SG1/estat/Pdfdl.do?sinfid=000012449985,2026-10-03,false
33666,岡山県,,久米郡,美咲町,,107,吉井川,30,高梁・吉井川,未確認,2010年包括区域の名称条件一致,久米郡（久米南町を除く）,要現行資料照合,2010-02-01,2026-01-01,3,https://www.e-stat.go.jp/SG1/estat/Pdfdl.do?sinfid=000012449985,2010-02-01,https://www.e-stat.go.jp/SG1/estat/Pdfdl.do?sinfid=000012449985,2026-10-03,false
33681,岡山県,,加賀郡,吉備中央町,,106,旭川,30,高梁・吉井川,未確認,2010年包括区域の名称条件一致,加賀郡,要現行資料照合,2010-02-01,2026-01-01,3,https://www.e-stat.go.jp/SG1/estat/Pdfdl.do?sinfid=000012449985,2010-02-01,https://www.e-stat.go.jp/SG1/estat/Pdfdl.do?sinfid=000012449985,2026-10-03,false
34101,広島県,,,広島市,中区,110,太田川,33,芦田・佐波川,未確認,2010年包括区域の名称条件一致,広島市,要現行資料照合,2010-02-01,2026-01-01,3,https://www.e-stat.go.jp/SG1/estat/Pdfdl.do?sinfid=000012449985,2010-02-01,https://www.e-stat.go.jp/SG1/estat/Pdfdl.do?sinfid=000012449985,2026-10-03,false
34102,広島県,,,広島市,東区,110,太田川,33,芦田・佐波川,未確認,2010年包括区域の名称条件一致,広島市,要現行資料照合,2010-02-01,2026-01-01,3,https://www.e-stat.go.jp/SG1/estat/Pdfdl.do?sinfid=000012449985,2010-02-01,https://www.e-stat.go.jp/SG1/estat/Pdfdl.do?sinfid=000012449985,2026-10-03,false
34103,広島県,,,広島市,南区,110,太田川,33,芦田・佐波川,未確認,2010年包括区域の名称条件一致,広島市,要現行資料照合,2010-02-01,2026-01-01,3,https://www.e-stat.go.jp/SG1/estat/Pdfdl.do?sinfid=000012449985,2010-02-01,https://www.e-stat.go.jp/SG1/estat/Pdfdl.do?sinfid=000012449985,2026-10-03,false
34104,広島県,,,広島市,西区,110,太田川,33,芦田・佐波川,未確認,2010年包括区域の名称条件一致,広島市,要現行資料照合,2010-02-01,2026-01-01,3,https://www.e-stat.go.jp/SG1/estat/Pdfdl.do?sinfid=000012449985,2010-02-01,https://www.e-stat.go.jp/SG1/estat/Pdfdl.do?sinfid=000012449985,2026-10-03,false
34105,広島県,,,広島市,安佐南区,110,太田川,33,芦田・佐波川,未確認,2010年包括区域の名称条件一致,広島市,要現行資料照合,2010-02-01,2026-01-01,3,https://www.e-stat.go.jp/SG1/estat/Pdfdl.do?sinfid=000012449985,2010-02-01,https://www.e-stat.go.jp/SG1/estat/Pdfdl.do?sinfid=000012449985,2026-10-03,false
34106,広島県,,,広島市,安佐北区,110,太田川,33,芦田・佐波川,未確認,2010年包括区域の名称条件一致,広島市,要現行資料照合,2010-02-01,2026-01-01,3,https://www.e-stat.go.jp/SG1/estat/Pdfdl.do?sinfid=000012449985,2010-02-01,https://www.e-stat.go.jp/SG1/estat/Pdfdl.do?sinfid=000012449985,2026-10-03,false
34107,広島県,,,広島市,安芸区,110,太田川,33,芦田・佐波川,未確認,2010年包括区域の名称条件一致,広島市,要現行資料照合,2010-02-01,2026-01-01,3,https://www.e-stat.go.jp/SG1/estat/Pdfdl.do?sinfid=000012449985,2010-02-01,https://www.e-stat.go.jp/SG1/estat/Pdfdl.do?sinfid=000012449985,2026-10-03,false
34108,広島県,,,広島市,佐伯区,110,太田川,33,芦田・佐波川,未確認,2010年包括区域の名称条件一致,広島市,要現行資料照合,2010-02-01,2026-01-01,3,https://www.e-stat.go.jp/SG1/estat/Pdfdl.do?sinfid=000012449985,2010-02-01,https://www.e-stat.go.jp/SG1/estat/Pdfdl.do?sinfid=000012449985,2026-10-03,false
34202,広島県,,,呉市,,111,瀬戸内,33,芦田・佐波川,未確認,2010年包括区域の名称条件一致,呉市,要現行資料照合,2010-02-01,2026-01-01,3,https://www.e-stat.go.jp/SG1/estat/Pdfdl.do?sinfid=000012449985,2010-02-01,https://www.e-stat.go.jp/SG1/estat/Pdfdl.do?sinfid=000012449985,2026-10-03,false
34203,広島県,,,竹原市,,111,瀬戸内,33,芦田・佐波川,未確認,2010年包括区域の名称条件一致,竹原市,要現行資料照合,2010-02-01,2026-01-01,3,https://www.e-stat.go.jp/SG1/estat/Pdfdl.do?sinfid=000012449985,2010-02-01,https://www.e-stat.go.jp/SG1/estat/Pdfdl.do?sinfid=000012449985,2026-10-03,false
34204,広島県,,,三原市,,111,瀬戸内,33,芦田・佐波川,未確認,2010年包括区域の名称条件一致,三原市,要現行資料照合,2010-02-01,2026-01-01,3,https://www.e-stat.go.jp/SG1/estat/Pdfdl.do?sinfid=000012449985,2010-02-01,https://www.e-stat.go.jp/SG1/estat/Pdfdl.do?sinfid=000012449985,2026-10-03,false
34205,広島県,,,尾道市,,111,瀬戸内,33,芦田・佐波川,未確認,2010年包括区域の名称条件一致,尾道市,要現行資料照合,2010-02-01,2026-01-01,3,https://www.e-stat.go.jp/SG1/estat/Pdfdl.do?sinfid=000012449985,2010-02-01,https://www.e-stat.go.jp/SG1/estat/Pdfdl.do?sinfid=000012449985,2026-10-03,false
34207,広島県,,,福山市,,111,瀬戸内,33,芦田・佐波川,未確認,2010年包括区域の名称条件一致,福山市,要現行資料照合,2010-02-01,2026-01-01,3,https://www.e-stat.go.jp/SG1/estat/Pdfdl.do?sinfid=000012449985,2010-02-01,https://www.e-stat.go.jp/SG1/estat/Pdfdl.do?sinfid=000012449985,2026-10-03,false
34208,広島県,,,府中市,,111,瀬戸内,33,芦田・佐波川,未確認,2010年包括区域の名称条件一致,府中市,要現行資料照合,2010-02-01,2026-01-01,3,https://www.e-stat.go.jp/SG1/estat/Pdfdl.do?sinfid=000012449985,2010-02-01,https://www.e-stat.go.jp/SG1/estat/Pdfdl.do?sinfid=000012449985,2026-10-03,false
34209,広島県,,,三次市,,109,江の川上流,32,江の川,未確認,2010年包括区域の名称条件一致,三次市,要現行資料照合,2010-02-01,2026-01-01,3,https://www.e-stat.go.jp/SG1/estat/Pdfdl.do?sinfid=000012449985,2010-02-01,https://www.e-stat.go.jp/SG1/estat/Pdfdl.do?sinfid=000012449985,2026-10-03,false
34210,広島県,,,庄原市,,109,江の川上流,32,江の川,未確認,2010年包括区域の名称条件一致,庄原市,要現行資料照合,2010-02-01,2026-01-01,3,https://www.e-stat.go.jp/SG1/estat/Pdfdl.do?sinfid=000012449985,2010-02-01,https://www.e-stat.go.jp/SG1/estat/Pdfdl.do?sinfid=000012449985,2026-10-03,false
34211,広島県,,,大竹市,,110,太田川,33,芦田・佐波川,未確認,2010年包括区域の名称条件一致,大竹市,要現行資料照合,2010-02-01,2026-01-01,3,https://www.e-stat.go.jp/SG1/estat/Pdfdl.do?sinfid=000012449985,2010-02-01,https://www.e-stat.go.jp/SG1/estat/Pdfdl.do?sinfid=000012449985,2026-10-03,false
34212,広島県,,,東広島市,,111,瀬戸内,33,芦田・佐波川,未確認,2010年包括区域の名称条件一致,東広島市,要現行資料照合,2010-02-01,2026-01-01,3,https://www.e-stat.go.jp/SG1/estat/Pdfdl.do?sinfid=000012449985,2010-02-01,https://www.e-stat.go.jp/SG1/estat/Pdfdl.do?sinfid=000012449985,2026-10-03,false
34213,広島県,,,廿日市市,,110,太田川,33,芦田・佐波川,未確認,2010年包括区域の名称条件一致,廿日市市,要現行資料照合,2010-02-01,2026-01-01,3,https://www.e-stat.go.jp/SG1/estat/Pdfdl.do?sinfid=000012449985,2010-02-01,https://www.e-stat.go.jp/SG1/estat/Pdfdl.do?sinfid=000012449985,2026-10-03,false
34214,広島県,,,安芸高田市,,109,江の川上流,32,江の川,未確認,2010年包括区域の名称条件一致,安芸高田市,要現行資料照合,2010-02-01,2026-01-01,3,https://www.e-stat.go.jp/SG1/estat/Pdfdl.do?sinfid=000012449985,2010-02-01,https://www.e-stat.go.jp/SG1/estat/Pdfdl.do?sinfid=000012449985,2026-10-03,false
34215,広島県,,,江田島市,,111,瀬戸内,33,芦田・佐波川,未確認,2010年包括区域の名称条件一致,江田島市,要現行資料照合,2010-02-01,2026-01-01,3,https://www.e-stat.go.jp/SG1/estat/Pdfdl.do?sinfid=000012449985,2010-02-01,https://www.e-stat.go.jp/SG1/estat/Pdfdl.do?sinfid=000012449985,2026-10-03,false
34302,広島県,,安芸郡,府中町,,110,太田川,33,芦田・佐波川,未確認,2010年包括区域の名称条件一致,安芸郡,要現行資料照合,2010-02-01,2026-01-01,3,https://www.e-stat.go.jp/SG1/estat/Pdfdl.do?sinfid=000012449985,2010-02-01,https://www.e-stat.go.jp/SG1/estat/Pdfdl.do?sinfid=000012449985,2026-10-03,false
34304,広島県,,安芸郡,海田町,,110,太田川,33,芦田・佐波川,未確認,2010年包括区域の名称条件一致,安芸郡,要現行資料照合,2010-02-01,2026-01-01,3,https://www.e-stat.go.jp/SG1/estat/Pdfdl.do?sinfid=000012449985,2010-02-01,https://www.e-stat.go.jp/SG1/estat/Pdfdl.do?sinfid=000012449985,2026-10-03,false
34307,広島県,,安芸郡,熊野町,,110,太田川,33,芦田・佐波川,未確認,2010年包括区域の名称条件一致,安芸郡,要現行資料照合,2010-02-01,2026-01-01,3,https://www.e-stat.go.jp/SG1/estat/Pdfdl.do?sinfid=000012449985,2010-02-01,https://www.e-stat.go.jp/SG1/estat/Pdfdl.do?sinfid=000012449985,2026-10-03,false
34309,広島県,,安芸郡,坂町,,110,太田川,33,芦田・佐波川,未確認,2010年包括区域の名称条件一致,安芸郡,要現行資料照合,2010-02-01,2026-01-01,3,https://www.e-stat.go.jp/SG1/estat/Pdfdl.do?sinfid=000012449985,2010-02-01,https://www.e-stat.go.jp/SG1/estat/Pdfdl.do?sinfid=000012449985,2026-10-03,false
34368,広島県,,山県郡,安芸太田町,,110,太田川,33,芦田・佐波川,未確認,2010年包括区域の名称条件一致,山県郡,要現行資料照合,2010-02-01,2026-01-01,3,https://www.e-stat.go.jp/SG1/estat/Pdfdl.do?sinfid=000012449985,2010-02-01,https://www.e-stat.go.jp/SG1/estat/Pdfdl.do?sinfid=000012449985,2026-10-03,false
34369,広島県,,山県郡,北広島町,,110,太田川,33,芦田・佐波川,未確認,2010年包括区域の名称条件一致,山県郡,要現行資料照合,2010-02-01,2026-01-01,3,https://www.e-stat.go.jp/SG1/estat/Pdfdl.do?sinfid=000012449985,2010-02-01,https://www.e-stat.go.jp/SG1/estat/Pdfdl.do?sinfid=000012449985,2026-10-03,false
34431,広島県,,豊田郡,大崎上島町,,111,瀬戸内,33,芦田・佐波川,未確認,2010年包括区域の名称条件一致,豊田郡,要現行資料照合,2010-02-01,2026-01-01,3,https://www.e-stat.go.jp/SG1/estat/Pdfdl.do?sinfid=000012449985,2010-02-01,https://www.e-stat.go.jp/SG1/estat/Pdfdl.do?sinfid=000012449985,2026-10-03,false
34462,広島県,,世羅郡,世羅町,,111,瀬戸内,33,芦田・佐波川,未確認,2010年包括区域の名称条件一致,世羅郡,要現行資料照合,2010-02-01,2026-01-01,3,https://www.e-stat.go.jp/SG1/estat/Pdfdl.do?sinfid=000012449985,2010-02-01,https://www.e-stat.go.jp/SG1/estat/Pdfdl.do?sinfid=000012449985,2026-10-03,false
34545,広島県,,神石郡,神石高原町,,108,高梁川上流,30,高梁・吉井川,未確認,2010年包括区域の名称条件一致,神石郡,要現行資料照合,2010-02-01,2026-01-01,3,https://www.e-stat.go.jp/SG1/estat/Pdfdl.do?sinfid=000012449985,2010-02-01,https://www.e-stat.go.jp/SG1/estat/Pdfdl.do?sinfid=000012449985,2026-10-03,false
35201,山口県,,,下関市,,114,豊田,34,高津川,未確認,2010年包括区域の名称条件一致,下関市,要現行資料照合,2010-02-01,2026-01-01,3,https://www.e-stat.go.jp/SG1/estat/Pdfdl.do?sinfid=000012449985,2010-02-01,https://www.e-stat.go.jp/SG1/estat/Pdfdl.do?sinfid=000012449985,2026-10-03,false
35202,山口県,,,宇部市,,112,山口,33,芦田・佐波川,未確認,2010年包括区域の名称条件一致,宇部市,要現行資料照合,2010-02-01,2026-01-01,3,https://www.e-stat.go.jp/SG1/estat/Pdfdl.do?sinfid=000012449985,2010-02-01,https://www.e-stat.go.jp/SG1/estat/Pdfdl.do?sinfid=000012449985,2026-10-03,false
35203,山口県,,,山口市,,112,山口,33,芦田・佐波川,未確認,2010年包括区域の名称条件一致,山口市,要現行資料照合,2010-02-01,2026-01-01,3,https://www.e-stat.go.jp/SG1/estat/Pdfdl.do?sinfid=000012449985,2010-02-01,https://www.e-stat.go.jp/SG1/estat/Pdfdl.do?sinfid=000012449985,2026-10-03,false
35204,山口県,,,萩市,,115,萩,34,高津川,未確認,2010年包括区域の名称条件一致,萩市,要現行資料照合,2010-02-01,2026-01-01,3,https://www.e-stat.go.jp/SG1/estat/Pdfdl.do?sinfid=000012449985,2010-02-01,https://www.e-stat.go.jp/SG1/estat/Pdfdl.do?sinfid=000012449985,2026-10-03,false
35206,山口県,,,防府市,,112,山口,33,芦田・佐波川,未確認,2010年包括区域の名称条件一致,防府市,要現行資料照合,2010-02-01,2026-01-01,3,https://www.e-stat.go.jp/SG1/estat/Pdfdl.do?sinfid=000012449985,2010-02-01,https://www.e-stat.go.jp/SG1/estat/Pdfdl.do?sinfid=000012449985,2026-10-03,false
35207,山口県,,,下松市,,113,岩徳,33,芦田・佐波川,未確認,2010年包括区域の名称条件一致,下松市,要現行資料照合,2010-02-01,2026-01-01,3,https://www.e-stat.go.jp/SG1/estat/Pdfdl.do?sinfid=000012449985,2010-02-01,https://www.e-stat.go.jp/SG1/estat/Pdfdl.do?sinfid=000012449985,2026-10-03,false
35208,山口県,,,岩国市,,113,岩徳,33,芦田・佐波川,未確認,2010年包括区域の名称条件一致,岩国市,要現行資料照合,2010-02-01,2026-01-01,3,https://www.e-stat.go.jp/SG1/estat/Pdfdl.do?sinfid=000012449985,2010-02-01,https://www.e-stat.go.jp/SG1/estat/Pdfdl.do?sinfid=000012449985,2026-10-03,false
35210,山口県,,,光市,,113,岩徳,33,芦田・佐波川,未確認,2010年包括区域の名称条件一致,光市,要現行資料照合,2010-02-01,2026-01-01,3,https://www.e-stat.go.jp/SG1/estat/Pdfdl.do?sinfid=000012449985,2010-02-01,https://www.e-stat.go.jp/SG1/estat/Pdfdl.do?sinfid=000012449985,2026-10-03,false
35211,山口県,,,長門市,,114,豊田,34,高津川,未確認,2010年包括区域の名称条件一致,長門市,要現行資料照合,2010-02-01,2026-01-01,3,https://www.e-stat.go.jp/SG1/estat/Pdfdl.do?sinfid=000012449985,2010-02-01,https://www.e-stat.go.jp/SG1/estat/Pdfdl.do?sinfid=000012449985,2026-10-03,false
35212,山口県,,,柳井市,,113,岩徳,33,芦田・佐波川,未確認,2010年包括区域の名称条件一致,柳井市,要現行資料照合,2010-02-01,2026-01-01,3,https://www.e-stat.go.jp/SG1/estat/Pdfdl.do?sinfid=000012449985,2010-02-01,https://www.e-stat.go.jp/SG1/estat/Pdfdl.do?sinfid=000012449985,2026-10-03,false
35213,山口県,,,美祢市,,112,山口,33,芦田・佐波川,未確認,2010年包括区域の名称条件一致,美祢市,要現行資料照合,2010-02-01,2026-01-01,3,https://www.e-stat.go.jp/SG1/estat/Pdfdl.do?sinfid=000012449985,2010-02-01,https://www.e-stat.go.jp/SG1/estat/Pdfdl.do?sinfid=000012449985,2026-10-03,false
35215,山口県,,,周南市,,113,岩徳,33,芦田・佐波川,未確認,2010年包括区域の名称条件一致,周南市,要現行資料照合,2010-02-01,2026-01-01,3,https://www.e-stat.go.jp/SG1/estat/Pdfdl.do?sinfid=000012449985,2010-02-01,https://www.e-stat.go.jp/SG1/estat/Pdfdl.do?sinfid=000012449985,2026-10-03,false
35216,山口県,,,山陽小野田市,,112,山口,33,芦田・佐波川,未確認,2010年包括区域の名称条件一致,山陽小野田市,要現行資料照合,2010-02-01,2026-01-01,3,https://www.e-stat.go.jp/SG1/estat/Pdfdl.do?sinfid=000012449985,2010-02-01,https://www.e-stat.go.jp/SG1/estat/Pdfdl.do?sinfid=000012449985,2026-10-03,false
35305,山口県,,大島郡,周防大島町,,113,岩徳,33,芦田・佐波川,未確認,2010年包括区域の名称条件一致,大島郡,要現行資料照合,2010-02-01,2026-01-01,3,https://www.e-stat.go.jp/SG1/estat/Pdfdl.do?sinfid=000012449985,2010-02-01,https://www.e-stat.go.jp/SG1/estat/Pdfdl.do?sinfid=000012449985,2026-10-03,false
35321,山口県,,玖珂郡,和木町,,113,岩徳,33,芦田・佐波川,未確認,2010年包括区域の名称条件一致,玖珂郡,要現行資料照合,2010-02-01,2026-01-01,3,https://www.e-stat.go.jp/SG1/estat/Pdfdl.do?sinfid=000012449985,2010-02-01,https://www.e-stat.go.jp/SG1/estat/Pdfdl.do?sinfid=000012449985,2026-10-03,false
35341,山口県,,熊毛郡,上関町,,113,岩徳,33,芦田・佐波川,未確認,2010年包括区域の名称条件一致,熊毛郡,要現行資料照合,2010-02-01,2026-01-01,3,https://www.e-stat.go.jp/SG1/estat/Pdfdl.do?sinfid=000012449985,2010-02-01,https://www.e-stat.go.jp/SG1/estat/Pdfdl.do?sinfid=000012449985,2026-10-03,false
35343,山口県,,熊毛郡,田布施町,,113,岩徳,33,芦田・佐波川,未確認,2010年包括区域の名称条件一致,熊毛郡,要現行資料照合,2010-02-01,2026-01-01,3,https://www.e-stat.go.jp/SG1/estat/Pdfdl.do?sinfid=000012449985,2010-02-01,https://www.e-stat.go.jp/SG1/estat/Pdfdl.do?sinfid=000012449985,2026-10-03,false
35344,山口県,,熊毛郡,平生町,,113,岩徳,33,芦田・佐波川,未確認,2010年包括区域の名称条件一致,熊毛郡,要現行資料照合,2010-02-01,2026-01-01,3,https://www.e-stat.go.jp/SG1/estat/Pdfdl.do?sinfid=000012449985,2010-02-01,https://www.e-stat.go.jp/SG1/estat/Pdfdl.do?sinfid=000012449985,2026-10-03,false
35502,山口県,,阿武郡,阿武町,,115,萩,34,高津川,未確認,2010年包括区域の名称条件一致,阿武郡,要現行資料照合,2010-02-01,2026-01-01,3,https://www.e-stat.go.jp/SG1/estat/Pdfdl.do?sinfid=000012449985,2010-02-01,https://www.e-stat.go.jp/SG1/estat/Pdfdl.do?sinfid=000012449985,2026-10-03,false
36201,徳島県,,,徳島市,,116,吉野川,36,吉野・仁淀川,未確認,2010年包括区域の名称条件一致,徳島市,要現行資料照合,2010-02-01,2026-01-01,3,https://www.e-stat.go.jp/SG1/estat/Pdfdl.do?sinfid=000012449985,2010-02-01,https://www.e-stat.go.jp/SG1/estat/Pdfdl.do?sinfid=000012449985,2026-10-03,false
36202,徳島県,,,鳴門市,,116,吉野川,36,吉野・仁淀川,未確認,2010年包括区域の名称条件一致,鳴門市,要現行資料照合,2010-02-01,2026-01-01,3,https://www.e-stat.go.jp/SG1/estat/Pdfdl.do?sinfid=000012449985,2010-02-01,https://www.e-stat.go.jp/SG1/estat/Pdfdl.do?sinfid=000012449985,2026-10-03,false
36203,徳島県,,,小松島市,,116,吉野川,36,吉野・仁淀川,未確認,2010年包括区域の名称条件一致,小松島市,要現行資料照合,2010-02-01,2026-01-01,3,https://www.e-stat.go.jp/SG1/estat/Pdfdl.do?sinfid=000012449985,2010-02-01,https://www.e-stat.go.jp/SG1/estat/Pdfdl.do?sinfid=000012449985,2026-10-03,false
36204,徳島県,,,阿南市,,117,那賀・海部川,36,吉野・仁淀川,未確認,2010年包括区域の名称条件一致,阿南市,要現行資料照合,2010-02-01,2026-01-01,3,https://www.e-stat.go.jp/SG1/estat/Pdfdl.do?sinfid=000012449985,2010-02-01,https://www.e-stat.go.jp/SG1/estat/Pdfdl.do?sinfid=000012449985,2026-10-03,false
36205,徳島県,,,吉野川市,,116,吉野川,36,吉野・仁淀川,未確認,2010年包括区域の名称条件一致,吉野川市,要現行資料照合,2010-02-01,2026-01-01,3,https://www.e-stat.go.jp/SG1/estat/Pdfdl.do?sinfid=000012449985,2010-02-01,https://www.e-stat.go.jp/SG1/estat/Pdfdl.do?sinfid=000012449985,2026-10-03,false
36206,徳島県,,,阿波市,,116,吉野川,36,吉野・仁淀川,未確認,2010年包括区域の名称条件一致,阿波市,要現行資料照合,2010-02-01,2026-01-01,3,https://www.e-stat.go.jp/SG1/estat/Pdfdl.do?sinfid=000012449985,2010-02-01,https://www.e-stat.go.jp/SG1/estat/Pdfdl.do?sinfid=000012449985,2026-10-03,false
36207,徳島県,,,美馬市,,116,吉野川,36,吉野・仁淀川,未確認,2010年包括区域の名称条件一致,美馬市,要現行資料照合,2010-02-01,2026-01-01,3,https://www.e-stat.go.jp/SG1/estat/Pdfdl.do?sinfid=000012449985,2010-02-01,https://www.e-stat.go.jp/SG1/estat/Pdfdl.do?sinfid=000012449985,2026-10-03,false
36208,徳島県,,,三好市,,116,吉野川,36,吉野・仁淀川,未確認,2010年包括区域の名称条件一致,三好市,要現行資料照合,2010-02-01,2026-01-01,3,https://www.e-stat.go.jp/SG1/estat/Pdfdl.do?sinfid=000012449985,2010-02-01,https://www.e-stat.go.jp/SG1/estat/Pdfdl.do?sinfid=000012449985,2026-10-03,false
36301,徳島県,,勝浦郡,勝浦町,,116,吉野川,36,吉野・仁淀川,未確認,2010年包括区域の名称条件一致,勝浦郡,要現行資料照合,2010-02-01,2026-01-01,3,https://www.e-stat.go.jp/SG1/estat/Pdfdl.do?sinfid=000012449985,2010-02-01,https://www.e-stat.go.jp/SG1/estat/Pdfdl.do?sinfid=000012449985,2026-10-03,false
36302,徳島県,,勝浦郡,上勝町,,116,吉野川,36,吉野・仁淀川,未確認,2010年包括区域の名称条件一致,勝浦郡,要現行資料照合,2010-02-01,2026-01-01,3,https://www.e-stat.go.jp/SG1/estat/Pdfdl.do?sinfid=000012449985,2010-02-01,https://www.e-stat.go.jp/SG1/estat/Pdfdl.do?sinfid=000012449985,2026-10-03,false
36321,徳島県,,名東郡,佐那河内村,,116,吉野川,36,吉野・仁淀川,未確認,2010年包括区域の名称条件一致,名東郡,要現行資料照合,2010-02-01,2026-01-01,3,https://www.e-stat.go.jp/SG1/estat/Pdfdl.do?sinfid=000012449985,2010-02-01,https://www.e-stat.go.jp/SG1/estat/Pdfdl.do?sinfid=000012449985,2026-10-03,false
36341,徳島県,,名西郡,石井町,,116,吉野川,36,吉野・仁淀川,未確認,2010年包括区域の名称条件一致,名西郡,要現行資料照合,2010-02-01,2026-01-01,3,https://www.e-stat.go.jp/SG1/estat/Pdfdl.do?sinfid=000012449985,2010-02-01,https://www.e-stat.go.jp/SG1/estat/Pdfdl.do?sinfid=000012449985,2026-10-03,false
36342,徳島県,,名西郡,神山町,,116,吉野川,36,吉野・仁淀川,未確認,2010年包括区域の名称条件一致,名西郡,要現行資料照合,2010-02-01,2026-01-01,3,https://www.e-stat.go.jp/SG1/estat/Pdfdl.do?sinfid=000012449985,2010-02-01,https://www.e-stat.go.jp/SG1/estat/Pdfdl.do?sinfid=000012449985,2026-10-03,false
36368,徳島県,,那賀郡,那賀町,,117,那賀・海部川,36,吉野・仁淀川,未確認,2010年包括区域の名称条件一致,那賀郡,要現行資料照合,2010-02-01,2026-01-01,3,https://www.e-stat.go.jp/SG1/estat/Pdfdl.do?sinfid=000012449985,2010-02-01,https://www.e-stat.go.jp/SG1/estat/Pdfdl.do?sinfid=000012449985,2026-10-03,false
36383,徳島県,,海部郡,牟岐町,,117,那賀・海部川,36,吉野・仁淀川,未確認,2010年包括区域の名称条件一致,海部郡,要現行資料照合,2010-02-01,2026-01-01,3,https://www.e-stat.go.jp/SG1/estat/Pdfdl.do?sinfid=000012449985,2010-02-01,https://www.e-stat.go.jp/SG1/estat/Pdfdl.do?sinfid=000012449985,2026-10-03,false
36387,徳島県,,海部郡,美波町,,117,那賀・海部川,36,吉野・仁淀川,未確認,2010年包括区域の名称条件一致,海部郡,要現行資料照合,2010-02-01,2026-01-01,3,https://www.e-stat.go.jp/SG1/estat/Pdfdl.do?sinfid=000012449985,2010-02-01,https://www.e-stat.go.jp/SG1/estat/Pdfdl.do?sinfid=000012449985,2026-10-03,false
36388,徳島県,,海部郡,海陽町,,117,那賀・海部川,36,吉野・仁淀川,未確認,2010年包括区域の名称条件一致,海部郡,要現行資料照合,2010-02-01,2026-01-01,3,https://www.e-stat.go.jp/SG1/estat/Pdfdl.do?sinfid=000012449985,2010-02-01,https://www.e-stat.go.jp/SG1/estat/Pdfdl.do?sinfid=000012449985,2026-10-03,false
36401,徳島県,,板野郡,松茂町,,116,吉野川,36,吉野・仁淀川,未確認,2010年包括区域の名称条件一致,板野郡,要現行資料照合,2010-02-01,2026-01-01,3,https://www.e-stat.go.jp/SG1/estat/Pdfdl.do?sinfid=000012449985,2010-02-01,https://www.e-stat.go.jp/SG1/estat/Pdfdl.do?sinfid=000012449985,2026-10-03,false
36402,徳島県,,板野郡,北島町,,116,吉野川,36,吉野・仁淀川,未確認,2010年包括区域の名称条件一致,板野郡,要現行資料照合,2010-02-01,2026-01-01,3,https://www.e-stat.go.jp/SG1/estat/Pdfdl.do?sinfid=000012449985,2010-02-01,https://www.e-stat.go.jp/SG1/estat/Pdfdl.do?sinfid=000012449985,2026-10-03,false
36403,徳島県,,板野郡,藍住町,,116,吉野川,36,吉野・仁淀川,未確認,2010年包括区域の名称条件一致,板野郡,要現行資料照合,2010-02-01,2026-01-01,3,https://www.e-stat.go.jp/SG1/estat/Pdfdl.do?sinfid=000012449985,2010-02-01,https://www.e-stat.go.jp/SG1/estat/Pdfdl.do?sinfid=000012449985,2026-10-03,false
36404,徳島県,,板野郡,板野町,,116,吉野川,36,吉野・仁淀川,未確認,2010年包括区域の名称条件一致,板野郡,要現行資料照合,2010-02-01,2026-01-01,3,https://www.e-stat.go.jp/SG1/estat/Pdfdl.do?sinfid=000012449985,2010-02-01,https://www.e-stat.go.jp/SG1/estat/Pdfdl.do?sinfid=000012449985,2026-10-03,false
36405,徳島県,,板野郡,上板町,,116,吉野川,36,吉野・仁淀川,未確認,2010年包括区域の名称条件一致,板野郡,要現行資料照合,2010-02-01,2026-01-01,3,https://www.e-stat.go.jp/SG1/estat/Pdfdl.do?sinfid=000012449985,2010-02-01,https://www.e-stat.go.jp/SG1/estat/Pdfdl.do?sinfid=000012449985,2026-10-03,false
36468,徳島県,,美馬郡,つるぎ町,,116,吉野川,36,吉野・仁淀川,未確認,2010年包括区域の名称条件一致,美馬郡,要現行資料照合,2010-02-01,2026-01-01,3,https://www.e-stat.go.jp/SG1/estat/Pdfdl.do?sinfid=000012449985,2010-02-01,https://www.e-stat.go.jp/SG1/estat/Pdfdl.do?sinfid=000012449985,2026-10-03,false
36489,徳島県,,三好郡,東みよし町,,116,吉野川,36,吉野・仁淀川,未確認,2010年包括区域の名称条件一致,三好郡,要現行資料照合,2010-02-01,2026-01-01,3,https://www.e-stat.go.jp/SG1/estat/Pdfdl.do?sinfid=000012449985,2010-02-01,https://www.e-stat.go.jp/SG1/estat/Pdfdl.do?sinfid=000012449985,2026-10-03,false
37201,香川県,,,高松市,,118,香川,35,重信・肱川,未確認,2010年包括区域の名称条件一致,香川県,要現行資料照合,2010-02-01,2026-01-01,3,https://www.e-stat.go.jp/SG1/estat/Pdfdl.do?sinfid=000012449985,2010-02-01,https://www.e-stat.go.jp/SG1/estat/Pdfdl.do?sinfid=000012449985,2026-10-03,false
37202,香川県,,,丸亀市,,118,香川,35,重信・肱川,未確認,2010年包括区域の名称条件一致,香川県,要現行資料照合,2010-02-01,2026-01-01,3,https://www.e-stat.go.jp/SG1/estat/Pdfdl.do?sinfid=000012449985,2010-02-01,https://www.e-stat.go.jp/SG1/estat/Pdfdl.do?sinfid=000012449985,2026-10-03,false
37203,香川県,,,坂出市,,118,香川,35,重信・肱川,未確認,2010年包括区域の名称条件一致,香川県,要現行資料照合,2010-02-01,2026-01-01,3,https://www.e-stat.go.jp/SG1/estat/Pdfdl.do?sinfid=000012449985,2010-02-01,https://www.e-stat.go.jp/SG1/estat/Pdfdl.do?sinfid=000012449985,2026-10-03,false
37204,香川県,,,善通寺市,,118,香川,35,重信・肱川,未確認,2010年包括区域の名称条件一致,香川県,要現行資料照合,2010-02-01,2026-01-01,3,https://www.e-stat.go.jp/SG1/estat/Pdfdl.do?sinfid=000012449985,2010-02-01,https://www.e-stat.go.jp/SG1/estat/Pdfdl.do?sinfid=000012449985,2026-10-03,false
37205,香川県,,,観音寺市,,118,香川,35,重信・肱川,未確認,2010年包括区域の名称条件一致,香川県,要現行資料照合,2010-02-01,2026-01-01,3,https://www.e-stat.go.jp/SG1/estat/Pdfdl.do?sinfid=000012449985,2010-02-01,https://www.e-stat.go.jp/SG1/estat/Pdfdl.do?sinfid=000012449985,2026-10-03,false
37206,香川県,,,さぬき市,,118,香川,35,重信・肱川,未確認,2010年包括区域の名称条件一致,香川県,要現行資料照合,2010-02-01,2026-01-01,3,https://www.e-stat.go.jp/SG1/estat/Pdfdl.do?sinfid=000012449985,2010-02-01,https://www.e-stat.go.jp/SG1/estat/Pdfdl.do?sinfid=000012449985,2026-10-03,false
37207,香川県,,,東かがわ市,,118,香川,35,重信・肱川,未確認,2010年包括区域の名称条件一致,香川県,要現行資料照合,2010-02-01,2026-01-01,3,https://www.e-stat.go.jp/SG1/estat/Pdfdl.do?sinfid=000012449985,2010-02-01,https://www.e-stat.go.jp/SG1/estat/Pdfdl.do?sinfid=000012449985,2026-10-03,false
37208,香川県,,,三豊市,,118,香川,35,重信・肱川,未確認,2010年包括区域の名称条件一致,香川県,要現行資料照合,2010-02-01,2026-01-01,3,https://www.e-stat.go.jp/SG1/estat/Pdfdl.do?sinfid=000012449985,2010-02-01,https://www.e-stat.go.jp/SG1/estat/Pdfdl.do?sinfid=000012449985,2026-10-03,false
37322,香川県,,小豆郡,土庄町,,118,香川,35,重信・肱川,未確認,2010年包括区域の名称条件一致,香川県,要現行資料照合,2010-02-01,2026-01-01,3,https://www.e-stat.go.jp/SG1/estat/Pdfdl.do?sinfid=000012449985,2010-02-01,https://www.e-stat.go.jp/SG1/estat/Pdfdl.do?sinfid=000012449985,2026-10-03,false
37324,香川県,,小豆郡,小豆島町,,118,香川,35,重信・肱川,未確認,2010年包括区域の名称条件一致,香川県,要現行資料照合,2010-02-01,2026-01-01,3,https://www.e-stat.go.jp/SG1/estat/Pdfdl.do?sinfid=000012449985,2010-02-01,https://www.e-stat.go.jp/SG1/estat/Pdfdl.do?sinfid=000012449985,2026-10-03,false
37341,香川県,,木田郡,三木町,,118,香川,35,重信・肱川,未確認,2010年包括区域の名称条件一致,香川県,要現行資料照合,2010-02-01,2026-01-01,3,https://www.e-stat.go.jp/SG1/estat/Pdfdl.do?sinfid=000012449985,2010-02-01,https://www.e-stat.go.jp/SG1/estat/Pdfdl.do?sinfid=000012449985,2026-10-03,false
37364,香川県,,香川郡,直島町,,118,香川,35,重信・肱川,未確認,2010年包括区域の名称条件一致,香川県,要現行資料照合,2010-02-01,2026-01-01,3,https://www.e-stat.go.jp/SG1/estat/Pdfdl.do?sinfid=000012449985,2010-02-01,https://www.e-stat.go.jp/SG1/estat/Pdfdl.do?sinfid=000012449985,2026-10-03,false
37386,香川県,,綾歌郡,宇多津町,,118,香川,35,重信・肱川,未確認,2010年包括区域の名称条件一致,香川県,要現行資料照合,2010-02-01,2026-01-01,3,https://www.e-stat.go.jp/SG1/estat/Pdfdl.do?sinfid=000012449985,2010-02-01,https://www.e-stat.go.jp/SG1/estat/Pdfdl.do?sinfid=000012449985,2026-10-03,false
37387,香川県,,綾歌郡,綾川町,,118,香川,35,重信・肱川,未確認,2010年包括区域の名称条件一致,香川県,要現行資料照合,2010-02-01,2026-01-01,3,https://www.e-stat.go.jp/SG1/estat/Pdfdl.do?sinfid=000012449985,2010-02-01,https://www.e-stat.go.jp/SG1/estat/Pdfdl.do?sinfid=000012449985,2026-10-03,false
37403,香川県,,仲多度郡,琴平町,,118,香川,35,重信・肱川,未確認,2010年包括区域の名称条件一致,香川県,要現行資料照合,2010-02-01,2026-01-01,3,https://www.e-stat.go.jp/SG1/estat/Pdfdl.do?sinfid=000012449985,2010-02-01,https://www.e-stat.go.jp/SG1/estat/Pdfdl.do?sinfid=000012449985,2026-10-03,false
37404,香川県,,仲多度郡,多度津町,,118,香川,35,重信・肱川,未確認,2010年包括区域の名称条件一致,香川県,要現行資料照合,2010-02-01,2026-01-01,3,https://www.e-stat.go.jp/SG1/estat/Pdfdl.do?sinfid=000012449985,2010-02-01,https://www.e-stat.go.jp/SG1/estat/Pdfdl.do?sinfid=000012449985,2026-10-03,false
37406,香川県,,仲多度郡,まんのう町,,118,香川,35,重信・肱川,未確認,2010年包括区域の名称条件一致,香川県,要現行資料照合,2010-02-01,2026-01-01,3,https://www.e-stat.go.jp/SG1/estat/Pdfdl.do?sinfid=000012449985,2010-02-01,https://www.e-stat.go.jp/SG1/estat/Pdfdl.do?sinfid=000012449985,2026-10-03,false
38201,愛媛県,,,松山市,,119,今治松山,35,重信・肱川,未確認,2010年包括区域の名称条件一致,松山市,要現行資料照合,2010-02-01,2026-01-01,3,https://www.e-stat.go.jp/SG1/estat/Pdfdl.do?sinfid=000012449985,2010-02-01,https://www.e-stat.go.jp/SG1/estat/Pdfdl.do?sinfid=000012449985,2026-10-03,false
38202,愛媛県,,,今治市,,119,今治松山,35,重信・肱川,未確認,2010年包括区域の名称条件一致,今治市,要現行資料照合,2010-02-01,2026-01-01,3,https://www.e-stat.go.jp/SG1/estat/Pdfdl.do?sinfid=000012449985,2010-02-01,https://www.e-stat.go.jp/SG1/estat/Pdfdl.do?sinfid=000012449985,2026-10-03,false
38203,愛媛県,,,宇和島市,,123,南予,37,四万十川,未確認,2010年包括区域の名称条件一致,宇和島市,要現行資料照合,2010-02-01,2026-01-01,3,https://www.e-stat.go.jp/SG1/estat/Pdfdl.do?sinfid=000012449985,2010-02-01,https://www.e-stat.go.jp/SG1/estat/Pdfdl.do?sinfid=000012449985,2026-10-03,false
38204,愛媛県,,,八幡浜市,,121,肱川,35,重信・肱川,未確認,2010年包括区域の名称条件一致,八幡浜市,要現行資料照合,2010-02-01,2026-01-01,3,https://www.e-stat.go.jp/SG1/estat/Pdfdl.do?sinfid=000012449985,2010-02-01,https://www.e-stat.go.jp/SG1/estat/Pdfdl.do?sinfid=000012449985,2026-10-03,false
38205,愛媛県,,,新居浜市,,120,東予,35,重信・肱川,未確認,2010年包括区域の名称条件一致,新居浜市,要現行資料照合,2010-02-01,2026-01-01,3,https://www.e-stat.go.jp/SG1/estat/Pdfdl.do?sinfid=000012449985,2010-02-01,https://www.e-stat.go.jp/SG1/estat/Pdfdl.do?sinfid=000012449985,2026-10-03,false
38206,愛媛県,,,西条市,,120,東予,35,重信・肱川,未確認,2010年包括区域の名称条件一致,西条市,要現行資料照合,2010-02-01,2026-01-01,3,https://www.e-stat.go.jp/SG1/estat/Pdfdl.do?sinfid=000012449985,2010-02-01,https://www.e-stat.go.jp/SG1/estat/Pdfdl.do?sinfid=000012449985,2026-10-03,false
38207,愛媛県,,,大洲市,,121,肱川,35,重信・肱川,未確認,2010年包括区域の名称条件一致,大洲市,要現行資料照合,2010-02-01,2026-01-01,3,https://www.e-stat.go.jp/SG1/estat/Pdfdl.do?sinfid=000012449985,2010-02-01,https://www.e-stat.go.jp/SG1/estat/Pdfdl.do?sinfid=000012449985,2026-10-03,false
38210,愛媛県,,,伊予市,,119,今治松山,35,重信・肱川,未確認,2010年包括区域の名称条件一致,伊予市,要現行資料照合,2010-02-01,2026-01-01,3,https://www.e-stat.go.jp/SG1/estat/Pdfdl.do?sinfid=000012449985,2010-02-01,https://www.e-stat.go.jp/SG1/estat/Pdfdl.do?sinfid=000012449985,2026-10-03,false
38213,愛媛県,,,四国中央市,,120,東予,35,重信・肱川,未確認,2010年包括区域の名称条件一致,四国中央市,要現行資料照合,2010-02-01,2026-01-01,3,https://www.e-stat.go.jp/SG1/estat/Pdfdl.do?sinfid=000012449985,2010-02-01,https://www.e-stat.go.jp/SG1/estat/Pdfdl.do?sinfid=000012449985,2026-10-03,false
38214,愛媛県,,,西予市,,121,肱川,35,重信・肱川,未確認,2010年包括区域の名称条件一致,西予市,要現行資料照合,2010-02-01,2026-01-01,3,https://www.e-stat.go.jp/SG1/estat/Pdfdl.do?sinfid=000012449985,2010-02-01,https://www.e-stat.go.jp/SG1/estat/Pdfdl.do?sinfid=000012449985,2026-10-03,false
38215,愛媛県,,,東温市,,119,今治松山,35,重信・肱川,未確認,2010年包括区域の名称条件一致,東温市,要現行資料照合,2010-02-01,2026-01-01,3,https://www.e-stat.go.jp/SG1/estat/Pdfdl.do?sinfid=000012449985,2010-02-01,https://www.e-stat.go.jp/SG1/estat/Pdfdl.do?sinfid=000012449985,2026-10-03,false
38356,愛媛県,,越智郡,上島町,,119,今治松山,35,重信・肱川,未確認,2010年包括区域の名称条件一致,越智郡,要現行資料照合,2010-02-01,2026-01-01,3,https://www.e-stat.go.jp/SG1/estat/Pdfdl.do?sinfid=000012449985,2010-02-01,https://www.e-stat.go.jp/SG1/estat/Pdfdl.do?sinfid=000012449985,2026-10-03,false
38386,愛媛県,,上浮穴郡,久万高原町,,122,中予山岳,36,吉野・仁淀川,未確認,2010年包括区域の名称条件一致,上浮穴郡,要現行資料照合,2010-02-01,2026-01-01,3,https://www.e-stat.go.jp/SG1/estat/Pdfdl.do?sinfid=000012449985,2010-02-01,https://www.e-stat.go.jp/SG1/estat/Pdfdl.do?sinfid=000012449985,2026-10-03,false
38401,愛媛県,,伊予郡,松前町,,119,今治松山,35,重信・肱川,未確認,2010年包括区域の名称条件一致,伊予郡,要現行資料照合,2010-02-01,2026-01-01,3,https://www.e-stat.go.jp/SG1/estat/Pdfdl.do?sinfid=000012449985,2010-02-01,https://www.e-stat.go.jp/SG1/estat/Pdfdl.do?sinfid=000012449985,2026-10-03,false
38402,愛媛県,,伊予郡,砥部町,,119,今治松山,35,重信・肱川,未確認,2010年包括区域の名称条件一致,伊予郡,要現行資料照合,2010-02-01,2026-01-01,3,https://www.e-stat.go.jp/SG1/estat/Pdfdl.do?sinfid=000012449985,2010-02-01,https://www.e-stat.go.jp/SG1/estat/Pdfdl.do?sinfid=000012449985,2026-10-03,false
38422,愛媛県,,喜多郡,内子町,,121,肱川,35,重信・肱川,未確認,2010年包括区域の名称条件一致,喜多郡,要現行資料照合,2010-02-01,2026-01-01,3,https://www.e-stat.go.jp/SG1/estat/Pdfdl.do?sinfid=000012449985,2010-02-01,https://www.e-stat.go.jp/SG1/estat/Pdfdl.do?sinfid=000012449985,2026-10-03,false
38442,愛媛県,,西宇和郡,伊方町,,121,肱川,35,重信・肱川,未確認,2010年包括区域の名称条件一致,西宇和郡,要現行資料照合,2010-02-01,2026-01-01,3,https://www.e-stat.go.jp/SG1/estat/Pdfdl.do?sinfid=000012449985,2010-02-01,https://www.e-stat.go.jp/SG1/estat/Pdfdl.do?sinfid=000012449985,2026-10-03,false
38484,愛媛県,,北宇和郡,松野町,,123,南予,37,四万十川,未確認,2010年包括区域の名称条件一致,北宇和郡,要現行資料照合,2010-02-01,2026-01-01,3,https://www.e-stat.go.jp/SG1/estat/Pdfdl.do?sinfid=000012449985,2010-02-01,https://www.e-stat.go.jp/SG1/estat/Pdfdl.do?sinfid=000012449985,2026-10-03,false
38488,愛媛県,,北宇和郡,鬼北町,,123,南予,37,四万十川,未確認,2010年包括区域の名称条件一致,北宇和郡,要現行資料照合,2010-02-01,2026-01-01,3,https://www.e-stat.go.jp/SG1/estat/Pdfdl.do?sinfid=000012449985,2010-02-01,https://www.e-stat.go.jp/SG1/estat/Pdfdl.do?sinfid=000012449985,2026-10-03,false
38506,愛媛県,,南宇和郡,愛南町,,123,南予,37,四万十川,未確認,2010年包括区域の名称条件一致,南宇和郡,要現行資料照合,2010-02-01,2026-01-01,3,https://www.e-stat.go.jp/SG1/estat/Pdfdl.do?sinfid=000012449985,2010-02-01,https://www.e-stat.go.jp/SG1/estat/Pdfdl.do?sinfid=000012449985,2026-10-03,false
39201,高知県,,,高知市,,126,高知,36,吉野・仁淀川,未確認,2010年包括区域の名称条件一致,高知市,要現行資料照合,2010-02-01,2026-01-01,3,https://www.e-stat.go.jp/SG1/estat/Pdfdl.do?sinfid=000012449985,2010-02-01,https://www.e-stat.go.jp/SG1/estat/Pdfdl.do?sinfid=000012449985,2026-10-03,false
39202,高知県,,,室戸市,,127,安芸,36,吉野・仁淀川,未確認,2010年包括区域の名称条件一致,室戸市,要現行資料照合,2010-02-01,2026-01-01,3,https://www.e-stat.go.jp/SG1/estat/Pdfdl.do?sinfid=000012449985,2010-02-01,https://www.e-stat.go.jp/SG1/estat/Pdfdl.do?sinfid=000012449985,2026-10-03,false
39203,高知県,,,安芸市,,127,安芸,36,吉野・仁淀川,未確認,2010年包括区域の名称条件一致,安芸市,要現行資料照合,2010-02-01,2026-01-01,3,https://www.e-stat.go.jp/SG1/estat/Pdfdl.do?sinfid=000012449985,2010-02-01,https://www.e-stat.go.jp/SG1/estat/Pdfdl.do?sinfid=000012449985,2026-10-03,false
39204,高知県,,,南国市,,126,高知,36,吉野・仁淀川,未確認,2010年包括区域の名称条件一致,南国市,要現行資料照合,2010-02-01,2026-01-01,3,https://www.e-stat.go.jp/SG1/estat/Pdfdl.do?sinfid=000012449985,2010-02-01,https://www.e-stat.go.jp/SG1/estat/Pdfdl.do?sinfid=000012449985,2026-10-03,false
39205,高知県,,,土佐市,,124,嶺北仁淀,36,吉野・仁淀川,未確認,2010年包括区域の名称条件一致,土佐市,要現行資料照合,2010-02-01,2026-01-01,3,https://www.e-stat.go.jp/SG1/estat/Pdfdl.do?sinfid=000012449985,2010-02-01,https://www.e-stat.go.jp/SG1/estat/Pdfdl.do?sinfid=000012449985,2026-10-03,false
39206,高知県,,,須崎市,,125,四万十川,37,四万十川,未確認,2010年包括区域の名称条件一致,須崎市,要現行資料照合,2010-02-01,2026-01-01,3,https://www.e-stat.go.jp/SG1/estat/Pdfdl.do?sinfid=000012449985,2010-02-01,https://www.e-stat.go.jp/SG1/estat/Pdfdl.do?sinfid=000012449985,2026-10-03,false
39208,高知県,,,宿毛市,,125,四万十川,37,四万十川,未確認,2010年包括区域の名称条件一致,宿毛市,要現行資料照合,2010-02-01,2026-01-01,3,https://www.e-stat.go.jp/SG1/estat/Pdfdl.do?sinfid=000012449985,2010-02-01,https://www.e-stat.go.jp/SG1/estat/Pdfdl.do?sinfid=000012449985,2026-10-03,false
39209,高知県,,,土佐清水市,,125,四万十川,37,四万十川,未確認,2010年包括区域の名称条件一致,土佐清水市,要現行資料照合,2010-02-01,2026-01-01,3,https://www.e-stat.go.jp/SG1/estat/Pdfdl.do?sinfid=000012449985,2010-02-01,https://www.e-stat.go.jp/SG1/estat/Pdfdl.do?sinfid=000012449985,2026-10-03,false
39210,高知県,,,四万十市,,125,四万十川,37,四万十川,未確認,2010年包括区域の名称条件一致,四万十市,要現行資料照合,2010-02-01,2026-01-01,3,https://www.e-stat.go.jp/SG1/estat/Pdfdl.do?sinfid=000012449985,2010-02-01,https://www.e-stat.go.jp/SG1/estat/Pdfdl.do?sinfid=000012449985,2026-10-03,false
39211,高知県,,,香南市,,126,高知,36,吉野・仁淀川,未確認,2010年包括区域の名称条件一致,香南市,要現行資料照合,2010-02-01,2026-01-01,3,https://www.e-stat.go.jp/SG1/estat/Pdfdl.do?sinfid=000012449985,2010-02-01,https://www.e-stat.go.jp/SG1/estat/Pdfdl.do?sinfid=000012449985,2026-10-03,false
39212,高知県,,,香美市,,,,,,未確認,名称一致なし,,未対応・要調査,2010-02-01,2026-01-01,,https://www.e-stat.go.jp/SG1/estat/Pdfdl.do?sinfid=000012449985,2010-02-01,https://www.e-stat.go.jp/SG1/estat/Pdfdl.do?sinfid=000012449985,2026-10-03,false
39301,高知県,,安芸郡,東洋町,,127,安芸,36,吉野・仁淀川,未確認,2010年包括区域の名称条件一致,安芸郡,要現行資料照合,2010-02-01,2026-01-01,3,https://www.e-stat.go.jp/SG1/estat/Pdfdl.do?sinfid=000012449985,2010-02-01,https://www.e-stat.go.jp/SG1/estat/Pdfdl.do?sinfid=000012449985,2026-10-03,false
39302,高知県,,安芸郡,奈半利町,,127,安芸,36,吉野・仁淀川,未確認,2010年包括区域の名称条件一致,安芸郡,要現行資料照合,2010-02-01,2026-01-01,3,https://www.e-stat.go.jp/SG1/estat/Pdfdl.do?sinfid=000012449985,2010-02-01,https://www.e-stat.go.jp/SG1/estat/Pdfdl.do?sinfid=000012449985,2026-10-03,false
39303,高知県,,安芸郡,田野町,,127,安芸,36,吉野・仁淀川,未確認,2010年包括区域の名称条件一致,安芸郡,要現行資料照合,2010-02-01,2026-01-01,3,https://www.e-stat.go.jp/SG1/estat/Pdfdl.do?sinfid=000012449985,2010-02-01,https://www.e-stat.go.jp/SG1/estat/Pdfdl.do?sinfid=000012449985,2026-10-03,false
39304,高知県,,安芸郡,安田町,,127,安芸,36,吉野・仁淀川,未確認,2010年包括区域の名称条件一致,安芸郡,要現行資料照合,2010-02-01,2026-01-01,3,https://www.e-stat.go.jp/SG1/estat/Pdfdl.do?sinfid=000012449985,2010-02-01,https://www.e-stat.go.jp/SG1/estat/Pdfdl.do?sinfid=000012449985,2026-10-03,false
39305,高知県,,安芸郡,北川村,,127,安芸,36,吉野・仁淀川,未確認,2010年包括区域の名称条件一致,安芸郡,要現行資料照合,2010-02-01,2026-01-01,3,https://www.e-stat.go.jp/SG1/estat/Pdfdl.do?sinfid=000012449985,2010-02-01,https://www.e-stat.go.jp/SG1/estat/Pdfdl.do?sinfid=000012449985,2026-10-03,false
39306,高知県,,安芸郡,馬路村,,127,安芸,36,吉野・仁淀川,未確認,2010年包括区域の名称条件一致,安芸郡,要現行資料照合,2010-02-01,2026-01-01,3,https://www.e-stat.go.jp/SG1/estat/Pdfdl.do?sinfid=000012449985,2010-02-01,https://www.e-stat.go.jp/SG1/estat/Pdfdl.do?sinfid=000012449985,2026-10-03,false
39307,高知県,,安芸郡,芸西村,,127,安芸,36,吉野・仁淀川,未確認,2010年包括区域の名称条件一致,安芸郡,要現行資料照合,2010-02-01,2026-01-01,3,https://www.e-stat.go.jp/SG1/estat/Pdfdl.do?sinfid=000012449985,2010-02-01,https://www.e-stat.go.jp/SG1/estat/Pdfdl.do?sinfid=000012449985,2026-10-03,false
39341,高知県,,長岡郡,本山町,,124,嶺北仁淀,36,吉野・仁淀川,未確認,2010年包括区域の名称条件一致,長岡郡,要現行資料照合,2010-02-01,2026-01-01,3,https://www.e-stat.go.jp/SG1/estat/Pdfdl.do?sinfid=000012449985,2010-02-01,https://www.e-stat.go.jp/SG1/estat/Pdfdl.do?sinfid=000012449985,2026-10-03,false
39344,高知県,,長岡郡,大豊町,,124,嶺北仁淀,36,吉野・仁淀川,未確認,2010年包括区域の名称条件一致,長岡郡,要現行資料照合,2010-02-01,2026-01-01,3,https://www.e-stat.go.jp/SG1/estat/Pdfdl.do?sinfid=000012449985,2010-02-01,https://www.e-stat.go.jp/SG1/estat/Pdfdl.do?sinfid=000012449985,2026-10-03,false
39363,高知県,,土佐郡,土佐町,,124,嶺北仁淀,36,吉野・仁淀川,未確認,2010年包括区域の名称条件一致,土佐郡,要現行資料照合,2010-02-01,2026-01-01,3,https://www.e-stat.go.jp/SG1/estat/Pdfdl.do?sinfid=000012449985,2010-02-01,https://www.e-stat.go.jp/SG1/estat/Pdfdl.do?sinfid=000012449985,2026-10-03,false
39364,高知県,,土佐郡,大川村,,124,嶺北仁淀,36,吉野・仁淀川,未確認,2010年包括区域の名称条件一致,土佐郡,要現行資料照合,2010-02-01,2026-01-01,3,https://www.e-stat.go.jp/SG1/estat/Pdfdl.do?sinfid=000012449985,2010-02-01,https://www.e-stat.go.jp/SG1/estat/Pdfdl.do?sinfid=000012449985,2026-10-03,false
39386,高知県,,吾川郡,いの町,,124,嶺北仁淀,36,吉野・仁淀川,未確認,2010年包括区域の名称条件一致,吾川郡,要現行資料照合,2010-02-01,2026-01-01,3,https://www.e-stat.go.jp/SG1/estat/Pdfdl.do?sinfid=000012449985,2010-02-01,https://www.e-stat.go.jp/SG1/estat/Pdfdl.do?sinfid=000012449985,2026-10-03,false
39387,高知県,,吾川郡,仁淀川町,,124,嶺北仁淀,36,吉野・仁淀川,未確認,2010年包括区域の名称条件一致,吾川郡,要現行資料照合,2010-02-01,2026-01-01,3,https://www.e-stat.go.jp/SG1/estat/Pdfdl.do?sinfid=000012449985,2010-02-01,https://www.e-stat.go.jp/SG1/estat/Pdfdl.do?sinfid=000012449985,2026-10-03,false
39401,高知県,,高岡郡,中土佐町,,125,四万十川,37,四万十川,未確認,2010年包括区域の名称条件一致,高岡郡（佐川町、越知町、日高村を除く）,要現行資料照合,2010-02-01,2026-01-01,3,https://www.e-stat.go.jp/SG1/estat/Pdfdl.do?sinfid=000012449985,2010-02-01,https://www.e-stat.go.jp/SG1/estat/Pdfdl.do?sinfid=000012449985,2026-10-03,false
39402,高知県,,高岡郡,佐川町,,124,嶺北仁淀,36,吉野・仁淀川,未確認,2010年包括区域の名称条件一致,高岡郡（佐川町、越知町、日高村）,要現行資料照合,2010-02-01,2026-01-01,3,https://www.e-stat.go.jp/SG1/estat/Pdfdl.do?sinfid=000012449985,2010-02-01,https://www.e-stat.go.jp/SG1/estat/Pdfdl.do?sinfid=000012449985,2026-10-03,false
39403,高知県,,高岡郡,越知町,,124,嶺北仁淀,36,吉野・仁淀川,未確認,2010年包括区域の名称条件一致,高岡郡（佐川町、越知町、日高村）,要現行資料照合,2010-02-01,2026-01-01,3,https://www.e-stat.go.jp/SG1/estat/Pdfdl.do?sinfid=000012449985,2010-02-01,https://www.e-stat.go.jp/SG1/estat/Pdfdl.do?sinfid=000012449985,2026-10-03,false
39405,高知県,,高岡郡,檮原町,,125,四万十川,37,四万十川,未確認,2010年包括区域の名称条件一致,高岡郡（佐川町、越知町、日高村を除く）,要現行資料照合,2010-02-01,2026-01-01,3,https://www.e-stat.go.jp/SG1/estat/Pdfdl.do?sinfid=000012449985,2010-02-01,https://www.e-stat.go.jp/SG1/estat/Pdfdl.do?sinfid=000012449985,2026-10-03,false
39410,高知県,,高岡郡,日高村,,124,嶺北仁淀,36,吉野・仁淀川,未確認,2010年包括区域の名称条件一致,高岡郡（佐川町、越知町、日高村）,要現行資料照合,2010-02-01,2026-01-01,3,https://www.e-stat.go.jp/SG1/estat/Pdfdl.do?sinfid=000012449985,2010-02-01,https://www.e-stat.go.jp/SG1/estat/Pdfdl.do?sinfid=000012449985,2026-10-03,false
39411,高知県,,高岡郡,津野町,,125,四万十川,37,四万十川,未確認,2010年包括区域の名称条件一致,高岡郡（佐川町、越知町、日高村を除く）,要現行資料照合,2010-02-01,2026-01-01,3,https://www.e-stat.go.jp/SG1/estat/Pdfdl.do?sinfid=000012449985,2010-02-01,https://www.e-stat.go.jp/SG1/estat/Pdfdl.do?sinfid=000012449985,2026-10-03,false
39412,高知県,,高岡郡,四万十町,,125,四万十川,37,四万十川,未確認,2010年包括区域の名称条件一致,高岡郡（佐川町、越知町、日高村を除く）,要現行資料照合,2010-02-01,2026-01-01,3,https://www.e-stat.go.jp/SG1/estat/Pdfdl.do?sinfid=000012449985,2010-02-01,https://www.e-stat.go.jp/SG1/estat/Pdfdl.do?sinfid=000012449985,2026-10-03,false
39424,高知県,,幡多郡,大月町,,125,四万十川,37,四万十川,未確認,2010年包括区域の名称条件一致,幡多郡,要現行資料照合,2010-02-01,2026-01-01,3,https://www.e-stat.go.jp/SG1/estat/Pdfdl.do?sinfid=000012449985,2010-02-01,https://www.e-stat.go.jp/SG1/estat/Pdfdl.do?sinfid=000012449985,2026-10-03,false
39427,高知県,,幡多郡,三原村,,125,四万十川,37,四万十川,未確認,2010年包括区域の名称条件一致,幡多郡,要現行資料照合,2010-02-01,2026-01-01,3,https://www.e-stat.go.jp/SG1/estat/Pdfdl.do?sinfid=000012449985,2010-02-01,https://www.e-stat.go.jp/SG1/estat/Pdfdl.do?sinfid=000012449985,2026-10-03,false
39428,高知県,,幡多郡,黒潮町,,125,四万十川,37,四万十川,未確認,2010年包括区域の名称条件一致,幡多郡,要現行資料照合,2010-02-01,2026-01-01,3,https://www.e-stat.go.jp/SG1/estat/Pdfdl.do?sinfid=000012449985,2010-02-01,https://www.e-stat.go.jp/SG1/estat/Pdfdl.do?sinfid=000012449985,2026-10-03,false
40000,福岡県,,,所属未定地,,,,,,未確認,名称一致なし,,未対応・要調査,2010-02-01,2026-01-01,,https://www.e-stat.go.jp/SG1/estat/Pdfdl.do?sinfid=000012449985,2010-02-01,https://www.e-stat.go.jp/SG1/estat/Pdfdl.do?sinfid=000012449985,2026-10-03,false
40101,福岡県,,,北九州市,門司区,128,遠賀川,38,遠賀・大野川,未確認,2010年包括区域の名称条件一致,北九州市,要現行資料照合,2010-02-01,2026-01-01,3,https://www.e-stat.go.jp/SG1/estat/Pdfdl.do?sinfid=000012449985,2010-02-01,https://www.e-stat.go.jp/SG1/estat/Pdfdl.do?sinfid=000012449985,2026-10-03,false
40103,福岡県,,,北九州市,若松区,128,遠賀川,38,遠賀・大野川,未確認,2010年包括区域の名称条件一致,北九州市,要現行資料照合,2010-02-01,2026-01-01,3,https://www.e-stat.go.jp/SG1/estat/Pdfdl.do?sinfid=000012449985,2010-02-01,https://www.e-stat.go.jp/SG1/estat/Pdfdl.do?sinfid=000012449985,2026-10-03,false
40105,福岡県,,,北九州市,戸畑区,128,遠賀川,38,遠賀・大野川,未確認,2010年包括区域の名称条件一致,北九州市,要現行資料照合,2010-02-01,2026-01-01,3,https://www.e-stat.go.jp/SG1/estat/Pdfdl.do?sinfid=000012449985,2010-02-01,https://www.e-stat.go.jp/SG1/estat/Pdfdl.do?sinfid=000012449985,2026-10-03,false
40106,福岡県,,,北九州市,小倉北区,128,遠賀川,38,遠賀・大野川,未確認,2010年包括区域の名称条件一致,北九州市,要現行資料照合,2010-02-01,2026-01-01,3,https://www.e-stat.go.jp/SG1/estat/Pdfdl.do?sinfid=000012449985,2010-02-01,https://www.e-stat.go.jp/SG1/estat/Pdfdl.do?sinfid=000012449985,2026-10-03,false
40107,福岡県,,,北九州市,小倉南区,128,遠賀川,38,遠賀・大野川,未確認,2010年包括区域の名称条件一致,北九州市,要現行資料照合,2010-02-01,2026-01-01,3,https://www.e-stat.go.jp/SG1/estat/Pdfdl.do?sinfid=000012449985,2010-02-01,https://www.e-stat.go.jp/SG1/estat/Pdfdl.do?sinfid=000012449985,2026-10-03,false
40108,福岡県,,,北九州市,八幡東区,128,遠賀川,38,遠賀・大野川,未確認,2010年包括区域の名称条件一致,北九州市,要現行資料照合,2010-02-01,2026-01-01,3,https://www.e-stat.go.jp/SG1/estat/Pdfdl.do?sinfid=000012449985,2010-02-01,https://www.e-stat.go.jp/SG1/estat/Pdfdl.do?sinfid=000012449985,2026-10-03,false
40109,福岡県,,,北九州市,八幡西区,128,遠賀川,38,遠賀・大野川,未確認,2010年包括区域の名称条件一致,北九州市,要現行資料照合,2010-02-01,2026-01-01,3,https://www.e-stat.go.jp/SG1/estat/Pdfdl.do?sinfid=000012449985,2010-02-01,https://www.e-stat.go.jp/SG1/estat/Pdfdl.do?sinfid=000012449985,2026-10-03,false
40131,福岡県,,,福岡市,東区,129,福岡,39,筑後川,未確認,2010年包括区域の名称条件一致,福岡市,要現行資料照合,2010-02-01,2026-01-01,4,https://www.e-stat.go.jp/SG1/estat/Pdfdl.do?sinfid=000012449985,2010-02-01,https://www.e-stat.go.jp/SG1/estat/Pdfdl.do?sinfid=000012449985,2026-10-03,false
40132,福岡県,,,福岡市,博多区,129,福岡,39,筑後川,未確認,2010年包括区域の名称条件一致,福岡市,要現行資料照合,2010-02-01,2026-01-01,4,https://www.e-stat.go.jp/SG1/estat/Pdfdl.do?sinfid=000012449985,2010-02-01,https://www.e-stat.go.jp/SG1/estat/Pdfdl.do?sinfid=000012449985,2026-10-03,false
40133,福岡県,,,福岡市,中央区,129,福岡,39,筑後川,未確認,2010年包括区域の名称条件一致,福岡市,要現行資料照合,2010-02-01,2026-01-01,4,https://www.e-stat.go.jp/SG1/estat/Pdfdl.do?sinfid=000012449985,2010-02-01,https://www.e-stat.go.jp/SG1/estat/Pdfdl.do?sinfid=000012449985,2026-10-03,false
40134,福岡県,,,福岡市,南区,129,福岡,39,筑後川,未確認,2010年包括区域の名称条件一致,福岡市,要現行資料照合,2010-02-01,2026-01-01,4,https://www.e-stat.go.jp/SG1/estat/Pdfdl.do?sinfid=000012449985,2010-02-01,https://www.e-stat.go.jp/SG1/estat/Pdfdl.do?sinfid=000012449985,2026-10-03,false
40135,福岡県,,,福岡市,西区,129,福岡,39,筑後川,未確認,2010年包括区域の名称条件一致,福岡市,要現行資料照合,2010-02-01,2026-01-01,4,https://www.e-stat.go.jp/SG1/estat/Pdfdl.do?sinfid=000012449985,2010-02-01,https://www.e-stat.go.jp/SG1/estat/Pdfdl.do?sinfid=000012449985,2026-10-03,false
40136,福岡県,,,福岡市,城南区,129,福岡,39,筑後川,未確認,2010年包括区域の名称条件一致,福岡市,要現行資料照合,2010-02-01,2026-01-01,4,https://www.e-stat.go.jp/SG1/estat/Pdfdl.do?sinfid=000012449985,2010-02-01,https://www.e-stat.go.jp/SG1/estat/Pdfdl.do?sinfid=000012449985,2026-10-03,false
40137,福岡県,,,福岡市,早良区,129,福岡,39,筑後川,未確認,2010年包括区域の名称条件一致,福岡市,要現行資料照合,2010-02-01,2026-01-01,4,https://www.e-stat.go.jp/SG1/estat/Pdfdl.do?sinfid=000012449985,2010-02-01,https://www.e-stat.go.jp/SG1/estat/Pdfdl.do?sinfid=000012449985,2026-10-03,false
40202,福岡県,,,大牟田市,,130,筑後・矢部川,39,筑後川,未確認,2010年包括区域の名称条件一致,大牟田市,要現行資料照合,2010-02-01,2026-01-01,4,https://www.e-stat.go.jp/SG1/estat/Pdfdl.do?sinfid=000012449985,2010-02-01,https://www.e-stat.go.jp/SG1/estat/Pdfdl.do?sinfid=000012449985,2026-10-03,false
40203,福岡県,,,久留米市,,130,筑後・矢部川,39,筑後川,未確認,2010年包括区域の名称条件一致,久留米市,要現行資料照合,2010-02-01,2026-01-01,4,https://www.e-stat.go.jp/SG1/estat/Pdfdl.do?sinfid=000012449985,2010-02-01,https://www.e-stat.go.jp/SG1/estat/Pdfdl.do?sinfid=000012449985,2026-10-03,false
40204,福岡県,,,直方市,,128,遠賀川,38,遠賀・大野川,未確認,2010年包括区域の名称条件一致,直方市,要現行資料照合,2010-02-01,2026-01-01,3,https://www.e-stat.go.jp/SG1/estat/Pdfdl.do?sinfid=000012449985,2010-02-01,https://www.e-stat.go.jp/SG1/estat/Pdfdl.do?sinfid=000012449985,2026-10-03,false
40205,福岡県,,,飯塚市,,128,遠賀川,38,遠賀・大野川,未確認,2010年包括区域の名称条件一致,飯塚市,要現行資料照合,2010-02-01,2026-01-01,3,https://www.e-stat.go.jp/SG1/estat/Pdfdl.do?sinfid=000012449985,2010-02-01,https://www.e-stat.go.jp/SG1/estat/Pdfdl.do?sinfid=000012449985,2026-10-03,false
40206,福岡県,,,田川市,,128,遠賀川,38,遠賀・大野川,未確認,2010年包括区域の名称条件一致,田川市,要現行資料照合,2010-02-01,2026-01-01,3,https://www.e-stat.go.jp/SG1/estat/Pdfdl.do?sinfid=000012449985,2010-02-01,https://www.e-stat.go.jp/SG1/estat/Pdfdl.do?sinfid=000012449985,2026-10-03,false
40207,福岡県,,,柳川市,,130,筑後・矢部川,39,筑後川,未確認,2010年包括区域の名称条件一致,柳川市,要現行資料照合,2010-02-01,2026-01-01,4,https://www.e-stat.go.jp/SG1/estat/Pdfdl.do?sinfid=000012449985,2010-02-01,https://www.e-stat.go.jp/SG1/estat/Pdfdl.do?sinfid=000012449985,2026-10-03,false
40210,福岡県,,,八女市,,130,筑後・矢部川,39,筑後川,未確認,2010年包括区域の名称条件一致,八女市,要現行資料照合,2010-02-01,2026-01-01,4,https://www.e-stat.go.jp/SG1/estat/Pdfdl.do?sinfid=000012449985,2010-02-01,https://www.e-stat.go.jp/SG1/estat/Pdfdl.do?sinfid=000012449985,2026-10-03,false
40211,福岡県,,,筑後市,,130,筑後・矢部川,39,筑後川,未確認,2010年包括区域の名称条件一致,筑後市,要現行資料照合,2010-02-01,2026-01-01,4,https://www.e-stat.go.jp/SG1/estat/Pdfdl.do?sinfid=000012449985,2010-02-01,https://www.e-stat.go.jp/SG1/estat/Pdfdl.do?sinfid=000012449985,2026-10-03,false
40212,福岡県,,,大川市,,130,筑後・矢部川,39,筑後川,未確認,2010年包括区域の名称条件一致,大川市,要現行資料照合,2010-02-01,2026-01-01,4,https://www.e-stat.go.jp/SG1/estat/Pdfdl.do?sinfid=000012449985,2010-02-01,https://www.e-stat.go.jp/SG1/estat/Pdfdl.do?sinfid=000012449985,2026-10-03,false
40213,福岡県,,,行橋市,,128,遠賀川,38,遠賀・大野川,未確認,2010年包括区域の名称条件一致,行橋市,要現行資料照合,2010-02-01,2026-01-01,3,https://www.e-stat.go.jp/SG1/estat/Pdfdl.do?sinfid=000012449985,2010-02-01,https://www.e-stat.go.jp/SG1/estat/Pdfdl.do?sinfid=000012449985,2026-10-03,false
40214,福岡県,,,豊前市,,128,遠賀川,38,遠賀・大野川,未確認,2010年包括区域の名称条件一致,豊前市,要現行資料照合,2010-02-01,2026-01-01,3,https://www.e-stat.go.jp/SG1/estat/Pdfdl.do?sinfid=000012449985,2010-02-01,https://www.e-stat.go.jp/SG1/estat/Pdfdl.do?sinfid=000012449985,2026-10-03,false
40215,福岡県,,,中間市,,128,遠賀川,38,遠賀・大野川,未確認,2010年包括区域の名称条件一致,中間市,要現行資料照合,2010-02-01,2026-01-01,3,https://www.e-stat.go.jp/SG1/estat/Pdfdl.do?sinfid=000012449985,2010-02-01,https://www.e-stat.go.jp/SG1/estat/Pdfdl.do?sinfid=000012449985,2026-10-03,false
40216,福岡県,,,小郡市,,130,筑後・矢部川,39,筑後川,未確認,2010年包括区域の名称条件一致,小郡市,要現行資料照合,2010-02-01,2026-01-01,4,https://www.e-stat.go.jp/SG1/estat/Pdfdl.do?sinfid=000012449985,2010-02-01,https://www.e-stat.go.jp/SG1/estat/Pdfdl.do?sinfid=000012449985,2026-10-03,false
40217,福岡県,,,筑紫野市,,129,福岡,39,筑後川,未確認,2010年包括区域の名称条件一致,筑紫野市,要現行資料照合,2010-02-01,2026-01-01,4,https://www.e-stat.go.jp/SG1/estat/Pdfdl.do?sinfid=000012449985,2010-02-01,https://www.e-stat.go.jp/SG1/estat/Pdfdl.do?sinfid=000012449985,2026-10-03,false
40218,福岡県,,,春日市,,129,福岡,39,筑後川,未確認,2010年包括区域の名称条件一致,春日市,要現行資料照合,2010-02-01,2026-01-01,4,https://www.e-stat.go.jp/SG1/estat/Pdfdl.do?sinfid=000012449985,2010-02-01,https://www.e-stat.go.jp/SG1/estat/Pdfdl.do?sinfid=000012449985,2026-10-03,false
40219,福岡県,,,大野城市,,129,福岡,39,筑後川,未確認,2010年包括区域の名称条件一致,大野城市,要現行資料照合,2010-02-01,2026-01-01,4,https://www.e-stat.go.jp/SG1/estat/Pdfdl.do?sinfid=000012449985,2010-02-01,https://www.e-stat.go.jp/SG1/estat/Pdfdl.do?sinfid=000012449985,2026-10-03,false
40220,福岡県,,,宗像市,,129,福岡,39,筑後川,未確認,2010年包括区域の名称条件一致,宗像市,要現行資料照合,2010-02-01,2026-01-01,4,https://www.e-stat.go.jp/SG1/estat/Pdfdl.do?sinfid=000012449985,2010-02-01,https://www.e-stat.go.jp/SG1/estat/Pdfdl.do?sinfid=000012449985,2026-10-03,false
40221,福岡県,,,太宰府市,,129,福岡,39,筑後川,未確認,2010年包括区域の名称条件一致,太宰府市,要現行資料照合,2010-02-01,2026-01-01,4,https://www.e-stat.go.jp/SG1/estat/Pdfdl.do?sinfid=000012449985,2010-02-01,https://www.e-stat.go.jp/SG1/estat/Pdfdl.do?sinfid=000012449985,2026-10-03,false
40223,福岡県,,,古賀市,,129,福岡,39,筑後川,未確認,2010年包括区域の名称条件一致,古賀市,要現行資料照合,2010-02-01,2026-01-01,4,https://www.e-stat.go.jp/SG1/estat/Pdfdl.do?sinfid=000012449985,2010-02-01,https://www.e-stat.go.jp/SG1/estat/Pdfdl.do?sinfid=000012449985,2026-10-03,false
40224,福岡県,,,福津市,,129,福岡,39,筑後川,未確認,2010年包括区域の名称条件一致,福津市,要現行資料照合,2010-02-01,2026-01-01,4,https://www.e-stat.go.jp/SG1/estat/Pdfdl.do?sinfid=000012449985,2010-02-01,https://www.e-stat.go.jp/SG1/estat/Pdfdl.do?sinfid=000012449985,2026-10-03,false
40225,福岡県,,,うきは市,,130,筑後・矢部川,39,筑後川,未確認,2010年包括区域の名称条件一致,うきは市,要現行資料照合,2010-02-01,2026-01-01,4,https://www.e-stat.go.jp/SG1/estat/Pdfdl.do?sinfid=000012449985,2010-02-01,https://www.e-stat.go.jp/SG1/estat/Pdfdl.do?sinfid=000012449985,2026-10-03,false
40226,福岡県,,,宮若市,,128,遠賀川,38,遠賀・大野川,未確認,2010年包括区域の名称条件一致,宮若市,要現行資料照合,2010-02-01,2026-01-01,3,https://www.e-stat.go.jp/SG1/estat/Pdfdl.do?sinfid=000012449985,2010-02-01,https://www.e-stat.go.jp/SG1/estat/Pdfdl.do?sinfid=000012449985,2026-10-03,false
40227,福岡県,,,嘉麻市,,128,遠賀川,38,遠賀・大野川,未確認,2010年包括区域の名称条件一致,嘉麻市,要現行資料照合,2010-02-01,2026-01-01,3,https://www.e-stat.go.jp/SG1/estat/Pdfdl.do?sinfid=000012449985,2010-02-01,https://www.e-stat.go.jp/SG1/estat/Pdfdl.do?sinfid=000012449985,2026-10-03,false
40228,福岡県,,,朝倉市,,130,筑後・矢部川,39,筑後川,未確認,2010年包括区域の名称条件一致,朝倉市,要現行資料照合,2010-02-01,2026-01-01,4,https://www.e-stat.go.jp/SG1/estat/Pdfdl.do?sinfid=000012449985,2010-02-01,https://www.e-stat.go.jp/SG1/estat/Pdfdl.do?sinfid=000012449985,2026-10-03,false
40229,福岡県,,,みやま市,,130,筑後・矢部川,39,筑後川,未確認,2010年包括区域の名称条件一致,みやま市,要現行資料照合,2010-02-01,2026-01-01,4,https://www.e-stat.go.jp/SG1/estat/Pdfdl.do?sinfid=000012449985,2010-02-01,https://www.e-stat.go.jp/SG1/estat/Pdfdl.do?sinfid=000012449985,2026-10-03,false
40230,福岡県,,,糸島市,,129,福岡,39,筑後川,未確認,2010年包括区域の名称条件一致,糸島市,要現行資料照合,2010-02-01,2026-01-01,4,https://www.e-stat.go.jp/SG1/estat/Pdfdl.do?sinfid=000012449985,2010-02-01,https://www.e-stat.go.jp/SG1/estat/Pdfdl.do?sinfid=000012449985,2026-10-03,false
40231,福岡県,,,那珂川市,,,,,,未確認,名称一致なし,,未対応・要調査,2010-02-01,2026-01-01,,https://www.e-stat.go.jp/SG1/estat/Pdfdl.do?sinfid=000012449985,2010-02-01,https://www.e-stat.go.jp/SG1/estat/Pdfdl.do?sinfid=000012449985,2026-10-03,false
40341,福岡県,,糟屋郡,宇美町,,129,福岡,39,筑後川,未確認,2010年包括区域の名称条件一致,糟屋郡,要現行資料照合,2010-02-01,2026-01-01,4,https://www.e-stat.go.jp/SG1/estat/Pdfdl.do?sinfid=000012449985,2010-02-01,https://www.e-stat.go.jp/SG1/estat/Pdfdl.do?sinfid=000012449985,2026-10-03,false
40342,福岡県,,糟屋郡,篠栗町,,129,福岡,39,筑後川,未確認,2010年包括区域の名称条件一致,糟屋郡,要現行資料照合,2010-02-01,2026-01-01,4,https://www.e-stat.go.jp/SG1/estat/Pdfdl.do?sinfid=000012449985,2010-02-01,https://www.e-stat.go.jp/SG1/estat/Pdfdl.do?sinfid=000012449985,2026-10-03,false
40343,福岡県,,糟屋郡,志免町,,129,福岡,39,筑後川,未確認,2010年包括区域の名称条件一致,糟屋郡,要現行資料照合,2010-02-01,2026-01-01,4,https://www.e-stat.go.jp/SG1/estat/Pdfdl.do?sinfid=000012449985,2010-02-01,https://www.e-stat.go.jp/SG1/estat/Pdfdl.do?sinfid=000012449985,2026-10-03,false
40344,福岡県,,糟屋郡,須恵町,,129,福岡,39,筑後川,未確認,2010年包括区域の名称条件一致,糟屋郡,要現行資料照合,2010-02-01,2026-01-01,4,https://www.e-stat.go.jp/SG1/estat/Pdfdl.do?sinfid=000012449985,2010-02-01,https://www.e-stat.go.jp/SG1/estat/Pdfdl.do?sinfid=000012449985,2026-10-03,false
40345,福岡県,,糟屋郡,新宮町,,129,福岡,39,筑後川,未確認,2010年包括区域の名称条件一致,糟屋郡,要現行資料照合,2010-02-01,2026-01-01,4,https://www.e-stat.go.jp/SG1/estat/Pdfdl.do?sinfid=000012449985,2010-02-01,https://www.e-stat.go.jp/SG1/estat/Pdfdl.do?sinfid=000012449985,2026-10-03,false
40348,福岡県,,糟屋郡,久山町,,129,福岡,39,筑後川,未確認,2010年包括区域の名称条件一致,糟屋郡,要現行資料照合,2010-02-01,2026-01-01,4,https://www.e-stat.go.jp/SG1/estat/Pdfdl.do?sinfid=000012449985,2010-02-01,https://www.e-stat.go.jp/SG1/estat/Pdfdl.do?sinfid=000012449985,2026-10-03,false
40349,福岡県,,糟屋郡,粕屋町,,129,福岡,39,筑後川,未確認,2010年包括区域の名称条件一致,糟屋郡,要現行資料照合,2010-02-01,2026-01-01,4,https://www.e-stat.go.jp/SG1/estat/Pdfdl.do?sinfid=000012449985,2010-02-01,https://www.e-stat.go.jp/SG1/estat/Pdfdl.do?sinfid=000012449985,2026-10-03,false
40381,福岡県,,遠賀郡,芦屋町,,128,遠賀川,38,遠賀・大野川,未確認,2010年包括区域の名称条件一致,遠賀郡,要現行資料照合,2010-02-01,2026-01-01,3,https://www.e-stat.go.jp/SG1/estat/Pdfdl.do?sinfid=000012449985,2010-02-01,https://www.e-stat.go.jp/SG1/estat/Pdfdl.do?sinfid=000012449985,2026-10-03,false
40382,福岡県,,遠賀郡,水巻町,,128,遠賀川,38,遠賀・大野川,未確認,2010年包括区域の名称条件一致,遠賀郡,要現行資料照合,2010-02-01,2026-01-01,3,https://www.e-stat.go.jp/SG1/estat/Pdfdl.do?sinfid=000012449985,2010-02-01,https://www.e-stat.go.jp/SG1/estat/Pdfdl.do?sinfid=000012449985,2026-10-03,false
40383,福岡県,,遠賀郡,岡垣町,,128,遠賀川,38,遠賀・大野川,未確認,2010年包括区域の名称条件一致,遠賀郡,要現行資料照合,2010-02-01,2026-01-01,3,https://www.e-stat.go.jp/SG1/estat/Pdfdl.do?sinfid=000012449985,2010-02-01,https://www.e-stat.go.jp/SG1/estat/Pdfdl.do?sinfid=000012449985,2026-10-03,false
40384,福岡県,,遠賀郡,遠賀町,,128,遠賀川,38,遠賀・大野川,未確認,2010年包括区域の名称条件一致,遠賀郡,要現行資料照合,2010-02-01,2026-01-01,3,https://www.e-stat.go.jp/SG1/estat/Pdfdl.do?sinfid=000012449985,2010-02-01,https://www.e-stat.go.jp/SG1/estat/Pdfdl.do?sinfid=000012449985,2026-10-03,false
40401,福岡県,,鞍手郡,小竹町,,128,遠賀川,38,遠賀・大野川,未確認,2010年包括区域の名称条件一致,鞍手郡,要現行資料照合,2010-02-01,2026-01-01,3,https://www.e-stat.go.jp/SG1/estat/Pdfdl.do?sinfid=000012449985,2010-02-01,https://www.e-stat.go.jp/SG1/estat/Pdfdl.do?sinfid=000012449985,2026-10-03,false
40402,福岡県,,鞍手郡,鞍手町,,128,遠賀川,38,遠賀・大野川,未確認,2010年包括区域の名称条件一致,鞍手郡,要現行資料照合,2010-02-01,2026-01-01,3,https://www.e-stat.go.jp/SG1/estat/Pdfdl.do?sinfid=000012449985,2010-02-01,https://www.e-stat.go.jp/SG1/estat/Pdfdl.do?sinfid=000012449985,2026-10-03,false
40421,福岡県,,嘉穂郡,桂川町,,128,遠賀川,38,遠賀・大野川,未確認,2010年包括区域の名称条件一致,嘉穂郡,要現行資料照合,2010-02-01,2026-01-01,3,https://www.e-stat.go.jp/SG1/estat/Pdfdl.do?sinfid=000012449985,2010-02-01,https://www.e-stat.go.jp/SG1/estat/Pdfdl.do?sinfid=000012449985,2026-10-03,false
40447,福岡県,,朝倉郡,筑前町,,130,筑後・矢部川,39,筑後川,未確認,2010年包括区域の名称条件一致,朝倉郡,要現行資料照合,2010-02-01,2026-01-01,4,https://www.e-stat.go.jp/SG1/estat/Pdfdl.do?sinfid=000012449985,2010-02-01,https://www.e-stat.go.jp/SG1/estat/Pdfdl.do?sinfid=000012449985,2026-10-03,false
40448,福岡県,,朝倉郡,東峰村,,130,筑後・矢部川,39,筑後川,未確認,2010年包括区域の名称条件一致,朝倉郡,要現行資料照合,2010-02-01,2026-01-01,4,https://www.e-stat.go.jp/SG1/estat/Pdfdl.do?sinfid=000012449985,2010-02-01,https://www.e-stat.go.jp/SG1/estat/Pdfdl.do?sinfid=000012449985,2026-10-03,false
40503,福岡県,,三井郡,大刀洗町,,130,筑後・矢部川,39,筑後川,未確認,2010年包括区域の名称条件一致,三井郡,要現行資料照合,2010-02-01,2026-01-01,4,https://www.e-stat.go.jp/SG1/estat/Pdfdl.do?sinfid=000012449985,2010-02-01,https://www.e-stat.go.jp/SG1/estat/Pdfdl.do?sinfid=000012449985,2026-10-03,false
40522,福岡県,,三潴郡,大木町,,130,筑後・矢部川,39,筑後川,未確認,2010年包括区域の名称条件一致,三潴郡,要現行資料照合,2010-02-01,2026-01-01,4,https://www.e-stat.go.jp/SG1/estat/Pdfdl.do?sinfid=000012449985,2010-02-01,https://www.e-stat.go.jp/SG1/estat/Pdfdl.do?sinfid=000012449985,2026-10-03,false
40544,福岡県,,八女郡,広川町,,130,筑後・矢部川,39,筑後川,未確認,2010年包括区域の名称条件一致,八女郡,要現行資料照合,2010-02-01,2026-01-01,4,https://www.e-stat.go.jp/SG1/estat/Pdfdl.do?sinfid=000012449985,2010-02-01,https://www.e-stat.go.jp/SG1/estat/Pdfdl.do?sinfid=000012449985,2026-10-03,false
40601,福岡県,,田川郡,香春町,,128,遠賀川,38,遠賀・大野川,未確認,2010年包括区域の名称条件一致,田川郡,要現行資料照合,2010-02-01,2026-01-01,3,https://www.e-stat.go.jp/SG1/estat/Pdfdl.do?sinfid=000012449985,2010-02-01,https://www.e-stat.go.jp/SG1/estat/Pdfdl.do?sinfid=000012449985,2026-10-03,false
40602,福岡県,,田川郡,添田町,,128,遠賀川,38,遠賀・大野川,未確認,2010年包括区域の名称条件一致,田川郡,要現行資料照合,2010-02-01,2026-01-01,3,https://www.e-stat.go.jp/SG1/estat/Pdfdl.do?sinfid=000012449985,2010-02-01,https://www.e-stat.go.jp/SG1/estat/Pdfdl.do?sinfid=000012449985,2026-10-03,false
40604,福岡県,,田川郡,糸田町,,128,遠賀川,38,遠賀・大野川,未確認,2010年包括区域の名称条件一致,田川郡,要現行資料照合,2010-02-01,2026-01-01,3,https://www.e-stat.go.jp/SG1/estat/Pdfdl.do?sinfid=000012449985,2010-02-01,https://www.e-stat.go.jp/SG1/estat/Pdfdl.do?sinfid=000012449985,2026-10-03,false
40605,福岡県,,田川郡,川崎町,,128,遠賀川,38,遠賀・大野川,未確認,2010年包括区域の名称条件一致,田川郡,要現行資料照合,2010-02-01,2026-01-01,3,https://www.e-stat.go.jp/SG1/estat/Pdfdl.do?sinfid=000012449985,2010-02-01,https://www.e-stat.go.jp/SG1/estat/Pdfdl.do?sinfid=000012449985,2026-10-03,false
40608,福岡県,,田川郡,大任町,,128,遠賀川,38,遠賀・大野川,未確認,2010年包括区域の名称条件一致,田川郡,要現行資料照合,2010-02-01,2026-01-01,3,https://www.e-stat.go.jp/SG1/estat/Pdfdl.do?sinfid=000012449985,2010-02-01,https://www.e-stat.go.jp/SG1/estat/Pdfdl.do?sinfid=000012449985,2026-10-03,false
40609,福岡県,,田川郡,赤村,,128,遠賀川,38,遠賀・大野川,未確認,2010年包括区域の名称条件一致,田川郡,要現行資料照合,2010-02-01,2026-01-01,3,https://www.e-stat.go.jp/SG1/estat/Pdfdl.do?sinfid=000012449985,2010-02-01,https://www.e-stat.go.jp/SG1/estat/Pdfdl.do?sinfid=000012449985,2026-10-03,false
40610,福岡県,,田川郡,福智町,,128,遠賀川,38,遠賀・大野川,未確認,2010年包括区域の名称条件一致,田川郡,要現行資料照合,2010-02-01,2026-01-01,3,https://www.e-stat.go.jp/SG1/estat/Pdfdl.do?sinfid=000012449985,2010-02-01,https://www.e-stat.go.jp/SG1/estat/Pdfdl.do?sinfid=000012449985,2026-10-03,false
40621,福岡県,,京都郡,苅田町,,128,遠賀川,38,遠賀・大野川,未確認,2010年包括区域の名称条件一致,京都郡,要現行資料照合,2010-02-01,2026-01-01,3,https://www.e-stat.go.jp/SG1/estat/Pdfdl.do?sinfid=000012449985,2010-02-01,https://www.e-stat.go.jp/SG1/estat/Pdfdl.do?sinfid=000012449985,2026-10-03,false
40625,福岡県,,京都郡,みやこ町,,128,遠賀川,38,遠賀・大野川,未確認,2010年包括区域の名称条件一致,京都郡,要現行資料照合,2010-02-01,2026-01-01,3,https://www.e-stat.go.jp/SG1/estat/Pdfdl.do?sinfid=000012449985,2010-02-01,https://www.e-stat.go.jp/SG1/estat/Pdfdl.do?sinfid=000012449985,2026-10-03,false
40642,福岡県,,築上郡,吉富町,,128,遠賀川,38,遠賀・大野川,未確認,2010年包括区域の名称条件一致,築上郡,要現行資料照合,2010-02-01,2026-01-01,3,https://www.e-stat.go.jp/SG1/estat/Pdfdl.do?sinfid=000012449985,2010-02-01,https://www.e-stat.go.jp/SG1/estat/Pdfdl.do?sinfid=000012449985,2026-10-03,false
40646,福岡県,,築上郡,上毛町,,128,遠賀川,38,遠賀・大野川,未確認,2010年包括区域の名称条件一致,築上郡,要現行資料照合,2010-02-01,2026-01-01,3,https://www.e-stat.go.jp/SG1/estat/Pdfdl.do?sinfid=000012449985,2010-02-01,https://www.e-stat.go.jp/SG1/estat/Pdfdl.do?sinfid=000012449985,2026-10-03,false
40647,福岡県,,築上郡,築上町,,128,遠賀川,38,遠賀・大野川,未確認,2010年包括区域の名称条件一致,築上郡,要現行資料照合,2010-02-01,2026-01-01,3,https://www.e-stat.go.jp/SG1/estat/Pdfdl.do?sinfid=000012449985,2010-02-01,https://www.e-stat.go.jp/SG1/estat/Pdfdl.do?sinfid=000012449985,2026-10-03,false
41201,佐賀県,,,佐賀市,,131,佐賀東部,39,筑後川,未確認,2010年包括区域の名称条件一致,佐賀市,要現行資料照合,2010-02-01,2026-01-01,4,https://www.e-stat.go.jp/SG1/estat/Pdfdl.do?sinfid=000012449985,2010-02-01,https://www.e-stat.go.jp/SG1/estat/Pdfdl.do?sinfid=000012449985,2026-10-03,false
41202,佐賀県,,,唐津市,,132,佐賀西部,39,筑後川,未確認,2010年包括区域の名称条件一致,唐津市,要現行資料照合,2010-02-01,2026-01-01,4,https://www.e-stat.go.jp/SG1/estat/Pdfdl.do?sinfid=000012449985,2010-02-01,https://www.e-stat.go.jp/SG1/estat/Pdfdl.do?sinfid=000012449985,2026-10-03,false
41203,佐賀県,,,鳥栖市,,131,佐賀東部,39,筑後川,未確認,2010年包括区域の名称条件一致,鳥栖市,要現行資料照合,2010-02-01,2026-01-01,4,https://www.e-stat.go.jp/SG1/estat/Pdfdl.do?sinfid=000012449985,2010-02-01,https://www.e-stat.go.jp/SG1/estat/Pdfdl.do?sinfid=000012449985,2026-10-03,false
41204,佐賀県,,,多久市,,131,佐賀東部,39,筑後川,未確認,2010年包括区域の名称条件一致,多久市,要現行資料照合,2010-02-01,2026-01-01,4,https://www.e-stat.go.jp/SG1/estat/Pdfdl.do?sinfid=000012449985,2010-02-01,https://www.e-stat.go.jp/SG1/estat/Pdfdl.do?sinfid=000012449985,2026-10-03,false
41205,佐賀県,,,伊万里市,,132,佐賀西部,39,筑後川,未確認,2010年包括区域の名称条件一致,伊万里市,要現行資料照合,2010-02-01,2026-01-01,4,https://www.e-stat.go.jp/SG1/estat/Pdfdl.do?sinfid=000012449985,2010-02-01,https://www.e-stat.go.jp/SG1/estat/Pdfdl.do?sinfid=000012449985,2026-10-03,false
41206,佐賀県,,,武雄市,,131,佐賀東部,39,筑後川,未確認,2010年包括区域の名称条件一致,武雄市,要現行資料照合,2010-02-01,2026-01-01,4,https://www.e-stat.go.jp/SG1/estat/Pdfdl.do?sinfid=000012449985,2010-02-01,https://www.e-stat.go.jp/SG1/estat/Pdfdl.do?sinfid=000012449985,2026-10-03,false
41207,佐賀県,,,鹿島市,,131,佐賀東部,39,筑後川,未確認,2010年包括区域の名称条件一致,鹿島市,要現行資料照合,2010-02-01,2026-01-01,4,https://www.e-stat.go.jp/SG1/estat/Pdfdl.do?sinfid=000012449985,2010-02-01,https://www.e-stat.go.jp/SG1/estat/Pdfdl.do?sinfid=000012449985,2026-10-03,false
41208,佐賀県,,,小城市,,131,佐賀東部,39,筑後川,未確認,2010年包括区域の名称条件一致,小城市,要現行資料照合,2010-02-01,2026-01-01,4,https://www.e-stat.go.jp/SG1/estat/Pdfdl.do?sinfid=000012449985,2010-02-01,https://www.e-stat.go.jp/SG1/estat/Pdfdl.do?sinfid=000012449985,2026-10-03,false
41209,佐賀県,,,嬉野市,,131,佐賀東部,39,筑後川,未確認,2010年包括区域の名称条件一致,嬉野市,要現行資料照合,2010-02-01,2026-01-01,4,https://www.e-stat.go.jp/SG1/estat/Pdfdl.do?sinfid=000012449985,2010-02-01,https://www.e-stat.go.jp/SG1/estat/Pdfdl.do?sinfid=000012449985,2026-10-03,false
41210,佐賀県,,,神埼市,,131,佐賀東部,39,筑後川,未確認,2010年包括区域の名称条件一致,神埼市,要現行資料照合,2010-02-01,2026-01-01,4,https://www.e-stat.go.jp/SG1/estat/Pdfdl.do?sinfid=000012449985,2010-02-01,https://www.e-stat.go.jp/SG1/estat/Pdfdl.do?sinfid=000012449985,2026-10-03,false
41327,佐賀県,,神埼郡,吉野ヶ里町,,131,佐賀東部,39,筑後川,未確認,2010年包括区域の名称条件一致,神埼郡,要現行資料照合,2010-02-01,2026-01-01,4,https://www.e-stat.go.jp/SG1/estat/Pdfdl.do?sinfid=000012449985,2010-02-01,https://www.e-stat.go.jp/SG1/estat/Pdfdl.do?sinfid=000012449985,2026-10-03,false
41341,佐賀県,,三養基郡,基山町,,131,佐賀東部,39,筑後川,未確認,2010年包括区域の名称条件一致,三養基郡,要現行資料照合,2010-02-01,2026-01-01,4,https://www.e-stat.go.jp/SG1/estat/Pdfdl.do?sinfid=000012449985,2010-02-01,https://www.e-stat.go.jp/SG1/estat/Pdfdl.do?sinfid=000012449985,2026-10-03,false
41345,佐賀県,,三養基郡,上峰町,,131,佐賀東部,39,筑後川,未確認,2010年包括区域の名称条件一致,三養基郡,要現行資料照合,2010-02-01,2026-01-01,4,https://www.e-stat.go.jp/SG1/estat/Pdfdl.do?sinfid=000012449985,2010-02-01,https://www.e-stat.go.jp/SG1/estat/Pdfdl.do?sinfid=000012449985,2026-10-03,false
41346,佐賀県,,三養基郡,みやき町,,131,佐賀東部,39,筑後川,未確認,2010年包括区域の名称条件一致,三養基郡,要現行資料照合,2010-02-01,2026-01-01,4,https://www.e-stat.go.jp/SG1/estat/Pdfdl.do?sinfid=000012449985,2010-02-01,https://www.e-stat.go.jp/SG1/estat/Pdfdl.do?sinfid=000012449985,2026-10-03,false
41387,佐賀県,,東松浦郡,玄海町,,132,佐賀西部,39,筑後川,未確認,2010年包括区域の名称条件一致,東松浦郡,要現行資料照合,2010-02-01,2026-01-01,4,https://www.e-stat.go.jp/SG1/estat/Pdfdl.do?sinfid=000012449985,2010-02-01,https://www.e-stat.go.jp/SG1/estat/Pdfdl.do?sinfid=000012449985,2026-10-03,false
41401,佐賀県,,西松浦郡,有田町,,132,佐賀西部,39,筑後川,未確認,2010年包括区域の名称条件一致,西松浦郡,要現行資料照合,2010-02-01,2026-01-01,4,https://www.e-stat.go.jp/SG1/estat/Pdfdl.do?sinfid=000012449985,2010-02-01,https://www.e-stat.go.jp/SG1/estat/Pdfdl.do?sinfid=000012449985,2026-10-03,false
41423,佐賀県,,杵島郡,大町町,,131,佐賀東部,39,筑後川,未確認,2010年包括区域の名称条件一致,杵島郡,要現行資料照合,2010-02-01,2026-01-01,4,https://www.e-stat.go.jp/SG1/estat/Pdfdl.do?sinfid=000012449985,2010-02-01,https://www.e-stat.go.jp/SG1/estat/Pdfdl.do?sinfid=000012449985,2026-10-03,false
41424,佐賀県,,杵島郡,江北町,,131,佐賀東部,39,筑後川,未確認,2010年包括区域の名称条件一致,杵島郡,要現行資料照合,2010-02-01,2026-01-01,4,https://www.e-stat.go.jp/SG1/estat/Pdfdl.do?sinfid=000012449985,2010-02-01,https://www.e-stat.go.jp/SG1/estat/Pdfdl.do?sinfid=000012449985,2026-10-03,false
41425,佐賀県,,杵島郡,白石町,,131,佐賀東部,39,筑後川,未確認,2010年包括区域の名称条件一致,杵島郡,要現行資料照合,2010-02-01,2026-01-01,4,https://www.e-stat.go.jp/SG1/estat/Pdfdl.do?sinfid=000012449985,2010-02-01,https://www.e-stat.go.jp/SG1/estat/Pdfdl.do?sinfid=000012449985,2026-10-03,false
41441,佐賀県,,藤津郡,太良町,,131,佐賀東部,39,筑後川,未確認,2010年包括区域の名称条件一致,藤津郡,要現行資料照合,2010-02-01,2026-01-01,4,https://www.e-stat.go.jp/SG1/estat/Pdfdl.do?sinfid=000012449985,2010-02-01,https://www.e-stat.go.jp/SG1/estat/Pdfdl.do?sinfid=000012449985,2026-10-03,false
42201,長崎県,,,長崎市,,134,長崎南部,40,本明川,未確認,2010年包括区域の名称条件一致,長崎市,要現行資料照合,2010-02-01,2026-01-01,4,https://www.e-stat.go.jp/SG1/estat/Pdfdl.do?sinfid=000012449985,2010-02-01,https://www.e-stat.go.jp/SG1/estat/Pdfdl.do?sinfid=000012449985,2026-10-03,false
42202,長崎県,,,佐世保市,,133,長崎北部,40,本明川,未確認,2010年包括区域の名称条件一致,佐世保市,要現行資料照合,2010-02-01,2026-01-01,4,https://www.e-stat.go.jp/SG1/estat/Pdfdl.do?sinfid=000012449985,2010-02-01,https://www.e-stat.go.jp/SG1/estat/Pdfdl.do?sinfid=000012449985,2026-10-03,false
42203,長崎県,,,島原市,,134,長崎南部,40,本明川,未確認,2010年包括区域の名称条件一致,島原市,要現行資料照合,2010-02-01,2026-01-01,4,https://www.e-stat.go.jp/SG1/estat/Pdfdl.do?sinfid=000012449985,2010-02-01,https://www.e-stat.go.jp/SG1/estat/Pdfdl.do?sinfid=000012449985,2026-10-03,false
42204,長崎県,,,諫早市,,134,長崎南部,40,本明川,未確認,2010年包括区域の名称条件一致,諫早市,要現行資料照合,2010-02-01,2026-01-01,4,https://www.e-stat.go.jp/SG1/estat/Pdfdl.do?sinfid=000012449985,2010-02-01,https://www.e-stat.go.jp/SG1/estat/Pdfdl.do?sinfid=000012449985,2026-10-03,false
42205,長崎県,,,大村市,,134,長崎南部,40,本明川,未確認,2010年包括区域の名称条件一致,大村市,要現行資料照合,2010-02-01,2026-01-01,4,https://www.e-stat.go.jp/SG1/estat/Pdfdl.do?sinfid=000012449985,2010-02-01,https://www.e-stat.go.jp/SG1/estat/Pdfdl.do?sinfid=000012449985,2026-10-03,false
42207,長崎県,,,平戸市,,133,長崎北部,40,本明川,未確認,2010年包括区域の名称条件一致,平戸市,要現行資料照合,2010-02-01,2026-01-01,4,https://www.e-stat.go.jp/SG1/estat/Pdfdl.do?sinfid=000012449985,2010-02-01,https://www.e-stat.go.jp/SG1/estat/Pdfdl.do?sinfid=000012449985,2026-10-03,false
42208,長崎県,,,松浦市,,133,長崎北部,40,本明川,未確認,2010年包括区域の名称条件一致,松浦市,要現行資料照合,2010-02-01,2026-01-01,4,https://www.e-stat.go.jp/SG1/estat/Pdfdl.do?sinfid=000012449985,2010-02-01,https://www.e-stat.go.jp/SG1/estat/Pdfdl.do?sinfid=000012449985,2026-10-03,false
42209,長崎県,,,対馬市,,136,対馬,40,本明川,未確認,2010年包括区域の名称条件一致,対馬市,要現行資料照合,2010-02-01,2026-01-01,4,https://www.e-stat.go.jp/SG1/estat/Pdfdl.do?sinfid=000012449985,2010-02-01,https://www.e-stat.go.jp/SG1/estat/Pdfdl.do?sinfid=000012449985,2026-10-03,false
42210,長崎県,,,壱岐市,,135,五島壱岐,40,本明川,未確認,2010年包括区域の名称条件一致,壱岐市,要現行資料照合,2010-02-01,2026-01-01,4,https://www.e-stat.go.jp/SG1/estat/Pdfdl.do?sinfid=000012449985,2010-02-01,https://www.e-stat.go.jp/SG1/estat/Pdfdl.do?sinfid=000012449985,2026-10-03,false
42211,長崎県,,,五島市,,135,五島壱岐,40,本明川,未確認,2010年包括区域の名称条件一致,五島市,要現行資料照合,2010-02-01,2026-01-01,4,https://www.e-stat.go.jp/SG1/estat/Pdfdl.do?sinfid=000012449985,2010-02-01,https://www.e-stat.go.jp/SG1/estat/Pdfdl.do?sinfid=000012449985,2026-10-03,false
42212,長崎県,,,西海市,,134,長崎南部,40,本明川,未確認,2010年包括区域の名称条件一致,西海市,要現行資料照合,2010-02-01,2026-01-01,4,https://www.e-stat.go.jp/SG1/estat/Pdfdl.do?sinfid=000012449985,2010-02-01,https://www.e-stat.go.jp/SG1/estat/Pdfdl.do?sinfid=000012449985,2026-10-03,false
42213,長崎県,,,雲仙市,,134,長崎南部,40,本明川,未確認,2010年包括区域の名称条件一致,雲仙市,要現行資料照合,2010-02-01,2026-01-01,4,https://www.e-stat.go.jp/SG1/estat/Pdfdl.do?sinfid=000012449985,2010-02-01,https://www.e-stat.go.jp/SG1/estat/Pdfdl.do?sinfid=000012449985,2026-10-03,false
42214,長崎県,,,南島原市,,134,長崎南部,40,本明川,未確認,2010年包括区域の名称条件一致,南島原市,要現行資料照合,2010-02-01,2026-01-01,4,https://www.e-stat.go.jp/SG1/estat/Pdfdl.do?sinfid=000012449985,2010-02-01,https://www.e-stat.go.jp/SG1/estat/Pdfdl.do?sinfid=000012449985,2026-10-03,false
42307,長崎県,,西彼杵郡,長与町,,134,長崎南部,40,本明川,未確認,2010年包括区域の名称条件一致,西彼杵郡,要現行資料照合,2010-02-01,2026-01-01,4,https://www.e-stat.go.jp/SG1/estat/Pdfdl.do?sinfid=000012449985,2010-02-01,https://www.e-stat.go.jp/SG1/estat/Pdfdl.do?sinfid=000012449985,2026-10-03,false
42308,長崎県,,西彼杵郡,時津町,,134,長崎南部,40,本明川,未確認,2010年包括区域の名称条件一致,西彼杵郡,要現行資料照合,2010-02-01,2026-01-01,4,https://www.e-stat.go.jp/SG1/estat/Pdfdl.do?sinfid=000012449985,2010-02-01,https://www.e-stat.go.jp/SG1/estat/Pdfdl.do?sinfid=000012449985,2026-10-03,false
42321,長崎県,,東彼杵郡,東彼杵町,,133,長崎北部,40,本明川,未確認,2010年包括区域の名称条件一致,東彼杵郡,要現行資料照合,2010-02-01,2026-01-01,4,https://www.e-stat.go.jp/SG1/estat/Pdfdl.do?sinfid=000012449985,2010-02-01,https://www.e-stat.go.jp/SG1/estat/Pdfdl.do?sinfid=000012449985,2026-10-03,false
42322,長崎県,,東彼杵郡,川棚町,,133,長崎北部,40,本明川,未確認,2010年包括区域の名称条件一致,東彼杵郡,要現行資料照合,2010-02-01,2026-01-01,4,https://www.e-stat.go.jp/SG1/estat/Pdfdl.do?sinfid=000012449985,2010-02-01,https://www.e-stat.go.jp/SG1/estat/Pdfdl.do?sinfid=000012449985,2026-10-03,false
42323,長崎県,,東彼杵郡,波佐見町,,133,長崎北部,40,本明川,未確認,2010年包括区域の名称条件一致,東彼杵郡,要現行資料照合,2010-02-01,2026-01-01,4,https://www.e-stat.go.jp/SG1/estat/Pdfdl.do?sinfid=000012449985,2010-02-01,https://www.e-stat.go.jp/SG1/estat/Pdfdl.do?sinfid=000012449985,2026-10-03,false
42383,長崎県,,北松浦郡,小値賀町,,133,長崎北部,40,本明川,未確認,2010年包括区域の名称条件一致,北松浦郡,要現行資料照合,2010-02-01,2026-01-01,4,https://www.e-stat.go.jp/SG1/estat/Pdfdl.do?sinfid=000012449985,2010-02-01,https://www.e-stat.go.jp/SG1/estat/Pdfdl.do?sinfid=000012449985,2026-10-03,false
42391,長崎県,,北松浦郡,佐々町,,133,長崎北部,40,本明川,未確認,2010年包括区域の名称条件一致,北松浦郡,要現行資料照合,2010-02-01,2026-01-01,4,https://www.e-stat.go.jp/SG1/estat/Pdfdl.do?sinfid=000012449985,2010-02-01,https://www.e-stat.go.jp/SG1/estat/Pdfdl.do?sinfid=000012449985,2026-10-03,false
42411,長崎県,,南松浦郡,新上五島町,,135,五島壱岐,40,本明川,未確認,2010年包括区域の名称条件一致,南松浦郡,要現行資料照合,2010-02-01,2026-01-01,4,https://www.e-stat.go.jp/SG1/estat/Pdfdl.do?sinfid=000012449985,2010-02-01,https://www.e-stat.go.jp/SG1/estat/Pdfdl.do?sinfid=000012449985,2026-10-03,false
43101,熊本県,,,熊本市,中央区,137,白川・菊池川,41,菊池・球磨川,未確認,2010年包括区域の名称条件一致,熊本市,要現行資料照合,2010-02-01,2026-01-01,4,https://www.e-stat.go.jp/SG1/estat/Pdfdl.do?sinfid=000012449985,2010-02-01,https://www.e-stat.go.jp/SG1/estat/Pdfdl.do?sinfid=000012449985,2026-10-03,false
43102,熊本県,,,熊本市,東区,137,白川・菊池川,41,菊池・球磨川,未確認,2010年包括区域の名称条件一致,熊本市,要現行資料照合,2010-02-01,2026-01-01,4,https://www.e-stat.go.jp/SG1/estat/Pdfdl.do?sinfid=000012449985,2010-02-01,https://www.e-stat.go.jp/SG1/estat/Pdfdl.do?sinfid=000012449985,2026-10-03,false
43103,熊本県,,,熊本市,西区,137,白川・菊池川,41,菊池・球磨川,未確認,2010年包括区域の名称条件一致,熊本市,要現行資料照合,2010-02-01,2026-01-01,4,https://www.e-stat.go.jp/SG1/estat/Pdfdl.do?sinfid=000012449985,2010-02-01,https://www.e-stat.go.jp/SG1/estat/Pdfdl.do?sinfid=000012449985,2026-10-03,false
43104,熊本県,,,熊本市,南区,137,白川・菊池川,41,菊池・球磨川,未確認,2010年包括区域の名称条件一致,熊本市,要現行資料照合,2010-02-01,2026-01-01,4,https://www.e-stat.go.jp/SG1/estat/Pdfdl.do?sinfid=000012449985,2010-02-01,https://www.e-stat.go.jp/SG1/estat/Pdfdl.do?sinfid=000012449985,2026-10-03,false
43105,熊本県,,,熊本市,北区,137,白川・菊池川,41,菊池・球磨川,未確認,2010年包括区域の名称条件一致,熊本市,要現行資料照合,2010-02-01,2026-01-01,4,https://www.e-stat.go.jp/SG1/estat/Pdfdl.do?sinfid=000012449985,2010-02-01,https://www.e-stat.go.jp/SG1/estat/Pdfdl.do?sinfid=000012449985,2026-10-03,false
43202,熊本県,,,八代市,,139,球磨川,41,菊池・球磨川,未確認,2010年包括区域の名称条件一致,八代市,要現行資料照合,2010-02-01,2026-01-01,4,https://www.e-stat.go.jp/SG1/estat/Pdfdl.do?sinfid=000012449985,2010-02-01,https://www.e-stat.go.jp/SG1/estat/Pdfdl.do?sinfid=000012449985,2026-10-03,false
43203,熊本県,,,人吉市,,139,球磨川,41,菊池・球磨川,未確認,2010年包括区域の名称条件一致,人吉市,要現行資料照合,2010-02-01,2026-01-01,4,https://www.e-stat.go.jp/SG1/estat/Pdfdl.do?sinfid=000012449985,2010-02-01,https://www.e-stat.go.jp/SG1/estat/Pdfdl.do?sinfid=000012449985,2026-10-03,false
43204,熊本県,,,荒尾市,,137,白川・菊池川,41,菊池・球磨川,未確認,2010年包括区域の名称条件一致,荒尾市,要現行資料照合,2010-02-01,2026-01-01,4,https://www.e-stat.go.jp/SG1/estat/Pdfdl.do?sinfid=000012449985,2010-02-01,https://www.e-stat.go.jp/SG1/estat/Pdfdl.do?sinfid=000012449985,2026-10-03,false
43205,熊本県,,,水俣市,,139,球磨川,41,菊池・球磨川,未確認,2010年包括区域の名称条件一致,水俣市,要現行資料照合,2010-02-01,2026-01-01,4,https://www.e-stat.go.jp/SG1/estat/Pdfdl.do?sinfid=000012449985,2010-02-01,https://www.e-stat.go.jp/SG1/estat/Pdfdl.do?sinfid=000012449985,2026-10-03,false
43206,熊本県,,,玉名市,,137,白川・菊池川,41,菊池・球磨川,未確認,2010年包括区域の名称条件一致,玉名市,要現行資料照合,2010-02-01,2026-01-01,4,https://www.e-stat.go.jp/SG1/estat/Pdfdl.do?sinfid=000012449985,2010-02-01,https://www.e-stat.go.jp/SG1/estat/Pdfdl.do?sinfid=000012449985,2026-10-03,false
43208,熊本県,,,山鹿市,,137,白川・菊池川,41,菊池・球磨川,未確認,2010年包括区域の名称条件一致,山鹿市,要現行資料照合,2010-02-01,2026-01-01,4,https://www.e-stat.go.jp/SG1/estat/Pdfdl.do?sinfid=000012449985,2010-02-01,https://www.e-stat.go.jp/SG1/estat/Pdfdl.do?sinfid=000012449985,2026-10-03,false
43210,熊本県,,,菊池市,,137,白川・菊池川,41,菊池・球磨川,未確認,2010年包括区域の名称条件一致,菊池市,要現行資料照合,2010-02-01,2026-01-01,4,https://www.e-stat.go.jp/SG1/estat/Pdfdl.do?sinfid=000012449985,2010-02-01,https://www.e-stat.go.jp/SG1/estat/Pdfdl.do?sinfid=000012449985,2026-10-03,false
43211,熊本県,,,宇土市,,138,緑川,41,菊池・球磨川,未確認,2010年包括区域の名称条件一致,宇土市,要現行資料照合,2010-02-01,2026-01-01,4,https://www.e-stat.go.jp/SG1/estat/Pdfdl.do?sinfid=000012449985,2010-02-01,https://www.e-stat.go.jp/SG1/estat/Pdfdl.do?sinfid=000012449985,2026-10-03,false
43212,熊本県,,,上天草市,,140,天草,41,菊池・球磨川,未確認,2010年包括区域の名称条件一致,上天草市,要現行資料照合,2010-02-01,2026-01-01,4,https://www.e-stat.go.jp/SG1/estat/Pdfdl.do?sinfid=000012449985,2010-02-01,https://www.e-stat.go.jp/SG1/estat/Pdfdl.do?sinfid=000012449985,2026-10-03,false
43213,熊本県,,,宇城市,,138,緑川,41,菊池・球磨川,未確認,2010年包括区域の名称条件一致,宇城市,要現行資料照合,2010-02-01,2026-01-01,4,https://www.e-stat.go.jp/SG1/estat/Pdfdl.do?sinfid=000012449985,2010-02-01,https://www.e-stat.go.jp/SG1/estat/Pdfdl.do?sinfid=000012449985,2026-10-03,false
43214,熊本県,,,阿蘇市,,137,白川・菊池川,41,菊池・球磨川,未確認,2010年包括区域の名称条件一致,阿蘇市,要現行資料照合,2010-02-01,2026-01-01,4,https://www.e-stat.go.jp/SG1/estat/Pdfdl.do?sinfid=000012449985,2010-02-01,https://www.e-stat.go.jp/SG1/estat/Pdfdl.do?sinfid=000012449985,2026-10-03,false
43215,熊本県,,,天草市,,140,天草,41,菊池・球磨川,未確認,2010年包括区域の名称条件一致,天草市,要現行資料照合,2010-02-01,2026-01-01,4,https://www.e-stat.go.jp/SG1/estat/Pdfdl.do?sinfid=000012449985,2010-02-01,https://www.e-stat.go.jp/SG1/estat/Pdfdl.do?sinfid=000012449985,2026-10-03,false
43216,熊本県,,,合志市,,137,白川・菊池川,41,菊池・球磨川,未確認,2010年包括区域の名称条件一致,合志市,要現行資料照合,2010-02-01,2026-01-01,4,https://www.e-stat.go.jp/SG1/estat/Pdfdl.do?sinfid=000012449985,2010-02-01,https://www.e-stat.go.jp/SG1/estat/Pdfdl.do?sinfid=000012449985,2026-10-03,false
43348,熊本県,,下益城郡,美里町,,138,緑川,41,菊池・球磨川,未確認,2010年包括区域の名称条件一致,下益城郡,要現行資料照合,2010-02-01,2026-01-01,4,https://www.e-stat.go.jp/SG1/estat/Pdfdl.do?sinfid=000012449985,2010-02-01,https://www.e-stat.go.jp/SG1/estat/Pdfdl.do?sinfid=000012449985,2026-10-03,false
43364,熊本県,,玉名郡,玉東町,,137,白川・菊池川,41,菊池・球磨川,未確認,2010年包括区域の名称条件一致,玉名郡,要現行資料照合,2010-02-01,2026-01-01,4,https://www.e-stat.go.jp/SG1/estat/Pdfdl.do?sinfid=000012449985,2010-02-01,https://www.e-stat.go.jp/SG1/estat/Pdfdl.do?sinfid=000012449985,2026-10-03,false
43367,熊本県,,玉名郡,南関町,,137,白川・菊池川,41,菊池・球磨川,未確認,2010年包括区域の名称条件一致,玉名郡,要現行資料照合,2010-02-01,2026-01-01,4,https://www.e-stat.go.jp/SG1/estat/Pdfdl.do?sinfid=000012449985,2010-02-01,https://www.e-stat.go.jp/SG1/estat/Pdfdl.do?sinfid=000012449985,2026-10-03,false
43368,熊本県,,玉名郡,長洲町,,137,白川・菊池川,41,菊池・球磨川,未確認,2010年包括区域の名称条件一致,玉名郡,要現行資料照合,2010-02-01,2026-01-01,4,https://www.e-stat.go.jp/SG1/estat/Pdfdl.do?sinfid=000012449985,2010-02-01,https://www.e-stat.go.jp/SG1/estat/Pdfdl.do?sinfid=000012449985,2026-10-03,false
43369,熊本県,,玉名郡,和水町,,137,白川・菊池川,41,菊池・球磨川,未確認,2010年包括区域の名称条件一致,玉名郡,要現行資料照合,2010-02-01,2026-01-01,4,https://www.e-stat.go.jp/SG1/estat/Pdfdl.do?sinfid=000012449985,2010-02-01,https://www.e-stat.go.jp/SG1/estat/Pdfdl.do?sinfid=000012449985,2026-10-03,false
43403,熊本県,,菊池郡,大津町,,137,白川・菊池川,41,菊池・球磨川,未確認,2010年包括区域の名称条件一致,菊池郡,要現行資料照合,2010-02-01,2026-01-01,4,https://www.e-stat.go.jp/SG1/estat/Pdfdl.do?sinfid=000012449985,2010-02-01,https://www.e-stat.go.jp/SG1/estat/Pdfdl.do?sinfid=000012449985,2026-10-03,false
43404,熊本県,,菊池郡,菊陽町,,137,白川・菊池川,41,菊池・球磨川,未確認,2010年包括区域の名称条件一致,菊池郡,要現行資料照合,2010-02-01,2026-01-01,4,https://www.e-stat.go.jp/SG1/estat/Pdfdl.do?sinfid=000012449985,2010-02-01,https://www.e-stat.go.jp/SG1/estat/Pdfdl.do?sinfid=000012449985,2026-10-03,false
43423,熊本県,,阿蘇郡,南小国町,,137,白川・菊池川,41,菊池・球磨川,未確認,2010年包括区域の名称条件一致,阿蘇郡,要現行資料照合,2010-02-01,2026-01-01,4,https://www.e-stat.go.jp/SG1/estat/Pdfdl.do?sinfid=000012449985,2010-02-01,https://www.e-stat.go.jp/SG1/estat/Pdfdl.do?sinfid=000012449985,2026-10-03,false
43424,熊本県,,阿蘇郡,小国町,,137,白川・菊池川,41,菊池・球磨川,未確認,2010年包括区域の名称条件一致,阿蘇郡,要現行資料照合,2010-02-01,2026-01-01,4,https://www.e-stat.go.jp/SG1/estat/Pdfdl.do?sinfid=000012449985,2010-02-01,https://www.e-stat.go.jp/SG1/estat/Pdfdl.do?sinfid=000012449985,2026-10-03,false
43425,熊本県,,阿蘇郡,産山村,,137,白川・菊池川,41,菊池・球磨川,未確認,2010年包括区域の名称条件一致,阿蘇郡,要現行資料照合,2010-02-01,2026-01-01,4,https://www.e-stat.go.jp/SG1/estat/Pdfdl.do?sinfid=000012449985,2010-02-01,https://www.e-stat.go.jp/SG1/estat/Pdfdl.do?sinfid=000012449985,2026-10-03,false
43428,熊本県,,阿蘇郡,高森町,,137,白川・菊池川,41,菊池・球磨川,未確認,2010年包括区域の名称条件一致,阿蘇郡,要現行資料照合,2010-02-01,2026-01-01,4,https://www.e-stat.go.jp/SG1/estat/Pdfdl.do?sinfid=000012449985,2010-02-01,https://www.e-stat.go.jp/SG1/estat/Pdfdl.do?sinfid=000012449985,2026-10-03,false
43432,熊本県,,阿蘇郡,西原村,,137,白川・菊池川,41,菊池・球磨川,未確認,2010年包括区域の名称条件一致,阿蘇郡,要現行資料照合,2010-02-01,2026-01-01,4,https://www.e-stat.go.jp/SG1/estat/Pdfdl.do?sinfid=000012449985,2010-02-01,https://www.e-stat.go.jp/SG1/estat/Pdfdl.do?sinfid=000012449985,2026-10-03,false
43433,熊本県,,阿蘇郡,南阿蘇村,,137,白川・菊池川,41,菊池・球磨川,未確認,2010年包括区域の名称条件一致,阿蘇郡,要現行資料照合,2010-02-01,2026-01-01,4,https://www.e-stat.go.jp/SG1/estat/Pdfdl.do?sinfid=000012449985,2010-02-01,https://www.e-stat.go.jp/SG1/estat/Pdfdl.do?sinfid=000012449985,2026-10-03,false
43441,熊本県,,上益城郡,御船町,,138,緑川,41,菊池・球磨川,未確認,2010年包括区域の名称条件一致,上益城郡,要現行資料照合,2010-02-01,2026-01-01,4,https://www.e-stat.go.jp/SG1/estat/Pdfdl.do?sinfid=000012449985,2010-02-01,https://www.e-stat.go.jp/SG1/estat/Pdfdl.do?sinfid=000012449985,2026-10-03,false
43442,熊本県,,上益城郡,嘉島町,,138,緑川,41,菊池・球磨川,未確認,2010年包括区域の名称条件一致,上益城郡,要現行資料照合,2010-02-01,2026-01-01,4,https://www.e-stat.go.jp/SG1/estat/Pdfdl.do?sinfid=000012449985,2010-02-01,https://www.e-stat.go.jp/SG1/estat/Pdfdl.do?sinfid=000012449985,2026-10-03,false
43443,熊本県,,上益城郡,益城町,,138,緑川,41,菊池・球磨川,未確認,2010年包括区域の名称条件一致,上益城郡,要現行資料照合,2010-02-01,2026-01-01,4,https://www.e-stat.go.jp/SG1/estat/Pdfdl.do?sinfid=000012449985,2010-02-01,https://www.e-stat.go.jp/SG1/estat/Pdfdl.do?sinfid=000012449985,2026-10-03,false
43444,熊本県,,上益城郡,甲佐町,,138,緑川,41,菊池・球磨川,未確認,2010年包括区域の名称条件一致,上益城郡,要現行資料照合,2010-02-01,2026-01-01,4,https://www.e-stat.go.jp/SG1/estat/Pdfdl.do?sinfid=000012449985,2010-02-01,https://www.e-stat.go.jp/SG1/estat/Pdfdl.do?sinfid=000012449985,2026-10-03,false
43447,熊本県,,上益城郡,山都町,,138,緑川,41,菊池・球磨川,未確認,2010年包括区域の名称条件一致,上益城郡,要現行資料照合,2010-02-01,2026-01-01,4,https://www.e-stat.go.jp/SG1/estat/Pdfdl.do?sinfid=000012449985,2010-02-01,https://www.e-stat.go.jp/SG1/estat/Pdfdl.do?sinfid=000012449985,2026-10-03,false
43468,熊本県,,八代郡,氷川町,,139,球磨川,41,菊池・球磨川,未確認,2010年包括区域の名称条件一致,八代郡,要現行資料照合,2010-02-01,2026-01-01,4,https://www.e-stat.go.jp/SG1/estat/Pdfdl.do?sinfid=000012449985,2010-02-01,https://www.e-stat.go.jp/SG1/estat/Pdfdl.do?sinfid=000012449985,2026-10-03,false
43482,熊本県,,葦北郡,芦北町,,139,球磨川,41,菊池・球磨川,未確認,2010年包括区域の名称条件一致,葦北郡,要現行資料照合,2010-02-01,2026-01-01,4,https://www.e-stat.go.jp/SG1/estat/Pdfdl.do?sinfid=000012449985,2010-02-01,https://www.e-stat.go.jp/SG1/estat/Pdfdl.do?sinfid=000012449985,2026-10-03,false
43484,熊本県,,葦北郡,津奈木町,,139,球磨川,41,菊池・球磨川,未確認,2010年包括区域の名称条件一致,葦北郡,要現行資料照合,2010-02-01,2026-01-01,4,https://www.e-stat.go.jp/SG1/estat/Pdfdl.do?sinfid=000012449985,2010-02-01,https://www.e-stat.go.jp/SG1/estat/Pdfdl.do?sinfid=000012449985,2026-10-03,false
43501,熊本県,,球磨郡,錦町,,139,球磨川,41,菊池・球磨川,未確認,2010年包括区域の名称条件一致,球磨郡,要現行資料照合,2010-02-01,2026-01-01,4,https://www.e-stat.go.jp/SG1/estat/Pdfdl.do?sinfid=000012449985,2010-02-01,https://www.e-stat.go.jp/SG1/estat/Pdfdl.do?sinfid=000012449985,2026-10-03,false
43505,熊本県,,球磨郡,多良木町,,139,球磨川,41,菊池・球磨川,未確認,2010年包括区域の名称条件一致,球磨郡,要現行資料照合,2010-02-01,2026-01-01,4,https://www.e-stat.go.jp/SG1/estat/Pdfdl.do?sinfid=000012449985,2010-02-01,https://www.e-stat.go.jp/SG1/estat/Pdfdl.do?sinfid=000012449985,2026-10-03,false
43506,熊本県,,球磨郡,湯前町,,139,球磨川,41,菊池・球磨川,未確認,2010年包括区域の名称条件一致,球磨郡,要現行資料照合,2010-02-01,2026-01-01,4,https://www.e-stat.go.jp/SG1/estat/Pdfdl.do?sinfid=000012449985,2010-02-01,https://www.e-stat.go.jp/SG1/estat/Pdfdl.do?sinfid=000012449985,2026-10-03,false
43507,熊本県,,球磨郡,水上村,,139,球磨川,41,菊池・球磨川,未確認,2010年包括区域の名称条件一致,球磨郡,要現行資料照合,2010-02-01,2026-01-01,4,https://www.e-stat.go.jp/SG1/estat/Pdfdl.do?sinfid=000012449985,2010-02-01,https://www.e-stat.go.jp/SG1/estat/Pdfdl.do?sinfid=000012449985,2026-10-03,false
43510,熊本県,,球磨郡,相良村,,139,球磨川,41,菊池・球磨川,未確認,2010年包括区域の名称条件一致,球磨郡,要現行資料照合,2010-02-01,2026-01-01,4,https://www.e-stat.go.jp/SG1/estat/Pdfdl.do?sinfid=000012449985,2010-02-01,https://www.e-stat.go.jp/SG1/estat/Pdfdl.do?sinfid=000012449985,2026-10-03,false
43511,熊本県,,球磨郡,五木村,,139,球磨川,41,菊池・球磨川,未確認,2010年包括区域の名称条件一致,球磨郡,要現行資料照合,2010-02-01,2026-01-01,4,https://www.e-stat.go.jp/SG1/estat/Pdfdl.do?sinfid=000012449985,2010-02-01,https://www.e-stat.go.jp/SG1/estat/Pdfdl.do?sinfid=000012449985,2026-10-03,false
43512,熊本県,,球磨郡,山江村,,139,球磨川,41,菊池・球磨川,未確認,2010年包括区域の名称条件一致,球磨郡,要現行資料照合,2010-02-01,2026-01-01,4,https://www.e-stat.go.jp/SG1/estat/Pdfdl.do?sinfid=000012449985,2010-02-01,https://www.e-stat.go.jp/SG1/estat/Pdfdl.do?sinfid=000012449985,2026-10-03,false
43513,熊本県,,球磨郡,球磨村,,139,球磨川,41,菊池・球磨川,未確認,2010年包括区域の名称条件一致,球磨郡,要現行資料照合,2010-02-01,2026-01-01,4,https://www.e-stat.go.jp/SG1/estat/Pdfdl.do?sinfid=000012449985,2010-02-01,https://www.e-stat.go.jp/SG1/estat/Pdfdl.do?sinfid=000012449985,2026-10-03,false
43514,熊本県,,球磨郡,あさぎり町,,139,球磨川,41,菊池・球磨川,未確認,2010年包括区域の名称条件一致,球磨郡,要現行資料照合,2010-02-01,2026-01-01,4,https://www.e-stat.go.jp/SG1/estat/Pdfdl.do?sinfid=000012449985,2010-02-01,https://www.e-stat.go.jp/SG1/estat/Pdfdl.do?sinfid=000012449985,2026-10-03,false
43531,熊本県,,天草郡,苓北町,,140,天草,41,菊池・球磨川,未確認,2010年包括区域の名称条件一致,天草郡,要現行資料照合,2010-02-01,2026-01-01,4,https://www.e-stat.go.jp/SG1/estat/Pdfdl.do?sinfid=000012449985,2010-02-01,https://www.e-stat.go.jp/SG1/estat/Pdfdl.do?sinfid=000012449985,2026-10-03,false
44201,大分県,,,大分市,,142,大分中部,38,遠賀・大野川,未確認,2010年包括区域の名称条件一致,大分市,要現行資料照合,2010-02-01,2026-01-01,3,https://www.e-stat.go.jp/SG1/estat/Pdfdl.do?sinfid=000012449985,2010-02-01,https://www.e-stat.go.jp/SG1/estat/Pdfdl.do?sinfid=000012449985,2026-10-03,false
44202,大分県,,,別府市,,141,大分北部,38,遠賀・大野川,未確認,2010年包括区域の名称条件一致,別府市,要現行資料照合,2010-02-01,2026-01-01,3,https://www.e-stat.go.jp/SG1/estat/Pdfdl.do?sinfid=000012449985,2010-02-01,https://www.e-stat.go.jp/SG1/estat/Pdfdl.do?sinfid=000012449985,2026-10-03,false
44203,大分県,,,中津市,,141,大分北部,38,遠賀・大野川,未確認,2010年包括区域の名称条件一致,中津市,要現行資料照合,2010-02-01,2026-01-01,3,https://www.e-stat.go.jp/SG1/estat/Pdfdl.do?sinfid=000012449985,2010-02-01,https://www.e-stat.go.jp/SG1/estat/Pdfdl.do?sinfid=000012449985,2026-10-03,false
44204,大分県,,,日田市,,144,大分西部,39,筑後川,未確認,2010年包括区域の名称条件一致,日田市,要現行資料照合,2010-02-01,2026-01-01,4,https://www.e-stat.go.jp/SG1/estat/Pdfdl.do?sinfid=000012449985,2010-02-01,https://www.e-stat.go.jp/SG1/estat/Pdfdl.do?sinfid=000012449985,2026-10-03,false
44205,大分県,,,佐伯市,,143,大分南部,38,遠賀・大野川,未確認,2010年包括区域の名称条件一致,佐伯市,要現行資料照合,2010-02-01,2026-01-01,3,https://www.e-stat.go.jp/SG1/estat/Pdfdl.do?sinfid=000012449985,2010-02-01,https://www.e-stat.go.jp/SG1/estat/Pdfdl.do?sinfid=000012449985,2026-10-03,false
44206,大分県,,,臼杵市,,142,大分中部,38,遠賀・大野川,未確認,2010年包括区域の名称条件一致,臼杵市,要現行資料照合,2010-02-01,2026-01-01,3,https://www.e-stat.go.jp/SG1/estat/Pdfdl.do?sinfid=000012449985,2010-02-01,https://www.e-stat.go.jp/SG1/estat/Pdfdl.do?sinfid=000012449985,2026-10-03,false
44207,大分県,,,津久見市,,142,大分中部,38,遠賀・大野川,未確認,2010年包括区域の名称条件一致,津久見市,要現行資料照合,2010-02-01,2026-01-01,3,https://www.e-stat.go.jp/SG1/estat/Pdfdl.do?sinfid=000012449985,2010-02-01,https://www.e-stat.go.jp/SG1/estat/Pdfdl.do?sinfid=000012449985,2026-10-03,false
44208,大分県,,,竹田市,,142,大分中部,38,遠賀・大野川,未確認,2010年包括区域の名称条件一致,竹田市,要現行資料照合,2010-02-01,2026-01-01,3,https://www.e-stat.go.jp/SG1/estat/Pdfdl.do?sinfid=000012449985,2010-02-01,https://www.e-stat.go.jp/SG1/estat/Pdfdl.do?sinfid=000012449985,2026-10-03,false
44209,大分県,,,豊後高田市,,141,大分北部,38,遠賀・大野川,未確認,2010年包括区域の名称条件一致,豊後高田市,要現行資料照合,2010-02-01,2026-01-01,3,https://www.e-stat.go.jp/SG1/estat/Pdfdl.do?sinfid=000012449985,2010-02-01,https://www.e-stat.go.jp/SG1/estat/Pdfdl.do?sinfid=000012449985,2026-10-03,false
44210,大分県,,,杵築市,,141,大分北部,38,遠賀・大野川,未確認,2010年包括区域の名称条件一致,杵築市,要現行資料照合,2010-02-01,2026-01-01,3,https://www.e-stat.go.jp/SG1/estat/Pdfdl.do?sinfid=000012449985,2010-02-01,https://www.e-stat.go.jp/SG1/estat/Pdfdl.do?sinfid=000012449985,2026-10-03,false
44211,大分県,,,宇佐市,,141,大分北部,38,遠賀・大野川,未確認,2010年包括区域の名称条件一致,宇佐市,要現行資料照合,2010-02-01,2026-01-01,3,https://www.e-stat.go.jp/SG1/estat/Pdfdl.do?sinfid=000012449985,2010-02-01,https://www.e-stat.go.jp/SG1/estat/Pdfdl.do?sinfid=000012449985,2026-10-03,false
44212,大分県,,,豊後大野市,,142,大分中部,38,遠賀・大野川,未確認,2010年包括区域の名称条件一致,豊後大野市,要現行資料照合,2010-02-01,2026-01-01,3,https://www.e-stat.go.jp/SG1/estat/Pdfdl.do?sinfid=000012449985,2010-02-01,https://www.e-stat.go.jp/SG1/estat/Pdfdl.do?sinfid=000012449985,2026-10-03,false
44213,大分県,,,由布市,,142,大分中部,38,遠賀・大野川,未確認,2010年包括区域の名称条件一致,由布市,要現行資料照合,2010-02-01,2026-01-01,3,https://www.e-stat.go.jp/SG1/estat/Pdfdl.do?sinfid=000012449985,2010-02-01,https://www.e-stat.go.jp/SG1/estat/Pdfdl.do?sinfid=000012449985,2026-10-03,false
44214,大分県,,,国東市,,141,大分北部,38,遠賀・大野川,未確認,2010年包括区域の名称条件一致,国東市,要現行資料照合,2010-02-01,2026-01-01,3,https://www.e-stat.go.jp/SG1/estat/Pdfdl.do?sinfid=000012449985,2010-02-01,https://www.e-stat.go.jp/SG1/estat/Pdfdl.do?sinfid=000012449985,2026-10-03,false
44322,大分県,,東国東郡,姫島村,,141,大分北部,38,遠賀・大野川,未確認,2010年包括区域の名称条件一致,東国東郡,要現行資料照合,2010-02-01,2026-01-01,3,https://www.e-stat.go.jp/SG1/estat/Pdfdl.do?sinfid=000012449985,2010-02-01,https://www.e-stat.go.jp/SG1/estat/Pdfdl.do?sinfid=000012449985,2026-10-03,false
44341,大分県,,速見郡,日出町,,141,大分北部,38,遠賀・大野川,未確認,2010年包括区域の名称条件一致,速見郡,要現行資料照合,2010-02-01,2026-01-01,3,https://www.e-stat.go.jp/SG1/estat/Pdfdl.do?sinfid=000012449985,2010-02-01,https://www.e-stat.go.jp/SG1/estat/Pdfdl.do?sinfid=000012449985,2026-10-03,false
44461,大分県,,玖珠郡,九重町,,144,大分西部,39,筑後川,未確認,2010年包括区域の名称条件一致,玖珠郡,要現行資料照合,2010-02-01,2026-01-01,4,https://www.e-stat.go.jp/SG1/estat/Pdfdl.do?sinfid=000012449985,2010-02-01,https://www.e-stat.go.jp/SG1/estat/Pdfdl.do?sinfid=000012449985,2026-10-03,false
44462,大分県,,玖珠郡,玖珠町,,144,大分西部,39,筑後川,未確認,2010年包括区域の名称条件一致,玖珠郡,要現行資料照合,2010-02-01,2026-01-01,4,https://www.e-stat.go.jp/SG1/estat/Pdfdl.do?sinfid=000012449985,2010-02-01,https://www.e-stat.go.jp/SG1/estat/Pdfdl.do?sinfid=000012449985,2026-10-03,false
45201,宮崎県,,,宮崎市,,148,大淀川,42,大淀川,未確認,2010年包括区域の名称条件一致,宮崎市,要現行資料照合,2010-02-01,2026-01-01,4,https://www.e-stat.go.jp/SG1/estat/Pdfdl.do?sinfid=000012449985,2010-02-01,https://www.e-stat.go.jp/SG1/estat/Pdfdl.do?sinfid=000012449985,2026-10-03,false
45202,宮崎県,,,都城市,,148,大淀川,42,大淀川,未確認,2010年包括区域の名称条件一致,都城市,要現行資料照合,2010-02-01,2026-01-01,4,https://www.e-stat.go.jp/SG1/estat/Pdfdl.do?sinfid=000012449985,2010-02-01,https://www.e-stat.go.jp/SG1/estat/Pdfdl.do?sinfid=000012449985,2026-10-03,false
45203,宮崎県,,,延岡市,,145,五ヶ瀬川,42,大淀川,未確認,2010年包括区域の名称条件一致,延岡市,要現行資料照合,2010-02-01,2026-01-01,4,https://www.e-stat.go.jp/SG1/estat/Pdfdl.do?sinfid=000012449985,2010-02-01,https://www.e-stat.go.jp/SG1/estat/Pdfdl.do?sinfid=000012449985,2026-10-03,false
45204,宮崎県,,,日南市,,149,広渡川,42,大淀川,未確認,2010年包括区域の名称条件一致,日南市,要現行資料照合,2010-02-01,2026-01-01,4,https://www.e-stat.go.jp/SG1/estat/Pdfdl.do?sinfid=000012449985,2010-02-01,https://www.e-stat.go.jp/SG1/estat/Pdfdl.do?sinfid=000012449985,2026-10-03,false
45205,宮崎県,,,小林市,,148,大淀川,42,大淀川,未確認,2010年包括区域の名称条件一致,小林市,要現行資料照合,2010-02-01,2026-01-01,4,https://www.e-stat.go.jp/SG1/estat/Pdfdl.do?sinfid=000012449985,2010-02-01,https://www.e-stat.go.jp/SG1/estat/Pdfdl.do?sinfid=000012449985,2026-10-03,false
45206,宮崎県,,,日向市,,146,耳川,42,大淀川,未確認,2010年包括区域の名称条件一致,日向市,要現行資料照合,2010-02-01,2026-01-01,4,https://www.e-stat.go.jp/SG1/estat/Pdfdl.do?sinfid=000012449985,2010-02-01,https://www.e-stat.go.jp/SG1/estat/Pdfdl.do?sinfid=000012449985,2026-10-03,false
45207,宮崎県,,,串間市,,149,広渡川,42,大淀川,未確認,2010年包括区域の名称条件一致,串間市,要現行資料照合,2010-02-01,2026-01-01,4,https://www.e-stat.go.jp/SG1/estat/Pdfdl.do?sinfid=000012449985,2010-02-01,https://www.e-stat.go.jp/SG1/estat/Pdfdl.do?sinfid=000012449985,2026-10-03,false
45208,宮崎県,,,西都市,,147,一ツ瀬川,42,大淀川,未確認,2010年包括区域の名称条件一致,西都市,要現行資料照合,2010-02-01,2026-01-01,4,https://www.e-stat.go.jp/SG1/estat/Pdfdl.do?sinfid=000012449985,2010-02-01,https://www.e-stat.go.jp/SG1/estat/Pdfdl.do?sinfid=000012449985,2026-10-03,false
45209,宮崎県,,,えびの市,,148,大淀川,42,大淀川,未確認,2010年包括区域の名称条件一致,えびの市,要現行資料照合,2010-02-01,2026-01-01,4,https://www.e-stat.go.jp/SG1/estat/Pdfdl.do?sinfid=000012449985,2010-02-01,https://www.e-stat.go.jp/SG1/estat/Pdfdl.do?sinfid=000012449985,2026-10-03,false
45341,宮崎県,,北諸県郡,三股町,,148,大淀川,42,大淀川,未確認,2010年包括区域の名称条件一致,北諸県郡,要現行資料照合,2010-02-01,2026-01-01,4,https://www.e-stat.go.jp/SG1/estat/Pdfdl.do?sinfid=000012449985,2010-02-01,https://www.e-stat.go.jp/SG1/estat/Pdfdl.do?sinfid=000012449985,2026-10-03,false
45361,宮崎県,,西諸県郡,高原町,,148,大淀川,42,大淀川,未確認,2010年包括区域の名称条件一致,西諸県郡,要現行資料照合,2010-02-01,2026-01-01,4,https://www.e-stat.go.jp/SG1/estat/Pdfdl.do?sinfid=000012449985,2010-02-01,https://www.e-stat.go.jp/SG1/estat/Pdfdl.do?sinfid=000012449985,2026-10-03,false
45382,宮崎県,,東諸県郡,国富町,,148,大淀川,42,大淀川,未確認,2010年包括区域の名称条件一致,東諸県郡,要現行資料照合,2010-02-01,2026-01-01,4,https://www.e-stat.go.jp/SG1/estat/Pdfdl.do?sinfid=000012449985,2010-02-01,https://www.e-stat.go.jp/SG1/estat/Pdfdl.do?sinfid=000012449985,2026-10-03,false
45383,宮崎県,,東諸県郡,綾町,,148,大淀川,42,大淀川,未確認,2010年包括区域の名称条件一致,東諸県郡,要現行資料照合,2010-02-01,2026-01-01,4,https://www.e-stat.go.jp/SG1/estat/Pdfdl.do?sinfid=000012449985,2010-02-01,https://www.e-stat.go.jp/SG1/estat/Pdfdl.do?sinfid=000012449985,2026-10-03,false
45401,宮崎県,,児湯郡,高鍋町,,147,一ツ瀬川,42,大淀川,未確認,2010年包括区域の名称条件一致,児湯郡,要現行資料照合,2010-02-01,2026-01-01,4,https://www.e-stat.go.jp/SG1/estat/Pdfdl.do?sinfid=000012449985,2010-02-01,https://www.e-stat.go.jp/SG1/estat/Pdfdl.do?sinfid=000012449985,2026-10-03,false
45402,宮崎県,,児湯郡,新富町,,147,一ツ瀬川,42,大淀川,未確認,2010年包括区域の名称条件一致,児湯郡,要現行資料照合,2010-02-01,2026-01-01,4,https://www.e-stat.go.jp/SG1/estat/Pdfdl.do?sinfid=000012449985,2010-02-01,https://www.e-stat.go.jp/SG1/estat/Pdfdl.do?sinfid=000012449985,2026-10-03,false
45403,宮崎県,,児湯郡,西米良村,,147,一ツ瀬川,42,大淀川,未確認,2010年包括区域の名称条件一致,児湯郡,要現行資料照合,2010-02-01,2026-01-01,4,https://www.e-stat.go.jp/SG1/estat/Pdfdl.do?sinfid=000012449985,2010-02-01,https://www.e-stat.go.jp/SG1/estat/Pdfdl.do?sinfid=000012449985,2026-10-03,false
45404,宮崎県,,児湯郡,木城町,,147,一ツ瀬川,42,大淀川,未確認,2010年包括区域の名称条件一致,児湯郡,要現行資料照合,2010-02-01,2026-01-01,4,https://www.e-stat.go.jp/SG1/estat/Pdfdl.do?sinfid=000012449985,2010-02-01,https://www.e-stat.go.jp/SG1/estat/Pdfdl.do?sinfid=000012449985,2026-10-03,false
45405,宮崎県,,児湯郡,川南町,,147,一ツ瀬川,42,大淀川,未確認,2010年包括区域の名称条件一致,児湯郡,要現行資料照合,2010-02-01,2026-01-01,4,https://www.e-stat.go.jp/SG1/estat/Pdfdl.do?sinfid=000012449985,2010-02-01,https://www.e-stat.go.jp/SG1/estat/Pdfdl.do?sinfid=000012449985,2026-10-03,false
45406,宮崎県,,児湯郡,都農町,,147,一ツ瀬川,42,大淀川,未確認,2010年包括区域の名称条件一致,児湯郡,要現行資料照合,2010-02-01,2026-01-01,4,https://www.e-stat.go.jp/SG1/estat/Pdfdl.do?sinfid=000012449985,2010-02-01,https://www.e-stat.go.jp/SG1/estat/Pdfdl.do?sinfid=000012449985,2026-10-03,false
45421,宮崎県,,東臼杵郡,門川町,,146,耳川,42,大淀川,未確認,2010年包括区域の名称条件一致,東臼杵郡,要現行資料照合,2010-02-01,2026-01-01,4,https://www.e-stat.go.jp/SG1/estat/Pdfdl.do?sinfid=000012449985,2010-02-01,https://www.e-stat.go.jp/SG1/estat/Pdfdl.do?sinfid=000012449985,2026-10-03,false
45429,宮崎県,,東臼杵郡,諸塚村,,146,耳川,42,大淀川,未確認,2010年包括区域の名称条件一致,東臼杵郡,要現行資料照合,2010-02-01,2026-01-01,4,https://www.e-stat.go.jp/SG1/estat/Pdfdl.do?sinfid=000012449985,2010-02-01,https://www.e-stat.go.jp/SG1/estat/Pdfdl.do?sinfid=000012449985,2026-10-03,false
45430,宮崎県,,東臼杵郡,椎葉村,,146,耳川,42,大淀川,未確認,2010年包括区域の名称条件一致,東臼杵郡,要現行資料照合,2010-02-01,2026-01-01,4,https://www.e-stat.go.jp/SG1/estat/Pdfdl.do?sinfid=000012449985,2010-02-01,https://www.e-stat.go.jp/SG1/estat/Pdfdl.do?sinfid=000012449985,2026-10-03,false
45431,宮崎県,,東臼杵郡,美郷町,,146,耳川,42,大淀川,未確認,2010年包括区域の名称条件一致,東臼杵郡,要現行資料照合,2010-02-01,2026-01-01,4,https://www.e-stat.go.jp/SG1/estat/Pdfdl.do?sinfid=000012449985,2010-02-01,https://www.e-stat.go.jp/SG1/estat/Pdfdl.do?sinfid=000012449985,2026-10-03,false
45441,宮崎県,,西臼杵郡,高千穂町,,145,五ヶ瀬川,42,大淀川,未確認,2010年包括区域の名称条件一致,西臼杵郡,要現行資料照合,2010-02-01,2026-01-01,4,https://www.e-stat.go.jp/SG1/estat/Pdfdl.do?sinfid=000012449985,2010-02-01,https://www.e-stat.go.jp/SG1/estat/Pdfdl.do?sinfid=000012449985,2026-10-03,false
45442,宮崎県,,西臼杵郡,日之影町,,145,五ヶ瀬川,42,大淀川,未確認,2010年包括区域の名称条件一致,西臼杵郡,要現行資料照合,2010-02-01,2026-01-01,4,https://www.e-stat.go.jp/SG1/estat/Pdfdl.do?sinfid=000012449985,2010-02-01,https://www.e-stat.go.jp/SG1/estat/Pdfdl.do?sinfid=000012449985,2026-10-03,false
45443,宮崎県,,西臼杵郡,五ヶ瀬町,,145,五ヶ瀬川,42,大淀川,未確認,2010年包括区域の名称条件一致,西臼杵郡,要現行資料照合,2010-02-01,2026-01-01,4,https://www.e-stat.go.jp/SG1/estat/Pdfdl.do?sinfid=000012449985,2010-02-01,https://www.e-stat.go.jp/SG1/estat/Pdfdl.do?sinfid=000012449985,2026-10-03,false
46000,鹿児島県,,,所属未定地,,,,,,未確認,名称一致なし,,未対応・要調査,2010-02-01,2026-01-01,,https://www.e-stat.go.jp/SG1/estat/Pdfdl.do?sinfid=000012449985,2010-02-01,https://www.e-stat.go.jp/SG1/estat/Pdfdl.do?sinfid=000012449985,2026-10-03,false
46201,鹿児島県,,,鹿児島市,,152,南薩,43,川内・肝属川,未確認,県公式の区域一覧と名称一致,鹿児島市,所属計画区を県資料で照合・境界未確認,2026-04-01,2026-01-01,,https://www.pref.kagoshima.jp/ad06/sangyo-rodo/rinsui/ringyo/keikaku/tiikisinnrinnkeikaku_40850.html,2010-02-01,https://www.e-stat.go.jp/SG1/estat/Pdfdl.do?sinfid=000012449985,2026-10-03,false
46203,鹿児島県,,,鹿屋市,,153,大隅,43,川内・肝属川,未確認,県公式の区域一覧と名称一致,鹿屋市,所属計画区を県資料で照合・境界未確認,2026-04-01,2026-01-01,,https://www.pref.kagoshima.jp/ad06/sangyo-rodo/rinsui/ringyo/keikaku/tiikisinnrinnkeikaku_40850.html,2010-02-01,https://www.e-stat.go.jp/SG1/estat/Pdfdl.do?sinfid=000012449985,2026-10-03,false
46204,鹿児島県,,,枕崎市,,152,南薩,43,川内・肝属川,未確認,県公式の区域一覧と名称一致,枕崎市,所属計画区を県資料で照合・境界未確認,2026-04-01,2026-01-01,,https://www.pref.kagoshima.jp/ad06/sangyo-rodo/rinsui/ringyo/keikaku/tiikisinnrinnkeikaku_40850.html,2010-02-01,https://www.e-stat.go.jp/SG1/estat/Pdfdl.do?sinfid=000012449985,2026-10-03,false
46206,鹿児島県,,,阿久根市,,150,北薩,43,川内・肝属川,未確認,県公式の区域一覧と名称一致,阿久根市,所属計画区を県資料で照合・境界未確認,2026-04-01,2026-01-01,,https://www.pref.kagoshima.jp/ad06/sangyo-rodo/rinsui/ringyo/keikaku/tiikisinnrinnkeikaku_40850.html,2010-02-01,https://www.e-stat.go.jp/SG1/estat/Pdfdl.do?sinfid=000012449985,2026-10-03,false
46208,鹿児島県,,,出水市,,150,北薩,43,川内・肝属川,未確認,県公式の区域一覧と名称一致,出水市,所属計画区を県資料で照合・境界未確認,2026-04-01,2026-01-01,,https://www.pref.kagoshima.jp/ad06/sangyo-rodo/rinsui/ringyo/keikaku/tiikisinnrinnkeikaku_40850.html,2010-02-01,https://www.e-stat.go.jp/SG1/estat/Pdfdl.do?sinfid=000012449985,2026-10-03,false
46210,鹿児島県,,,指宿市,,152,南薩,43,川内・肝属川,未確認,県公式の区域一覧と名称一致,指宿市,所属計画区を県資料で照合・境界未確認,2026-04-01,2026-01-01,,https://www.pref.kagoshima.jp/ad06/sangyo-rodo/rinsui/ringyo/keikaku/tiikisinnrinnkeikaku_40850.html,2010-02-01,https://www.e-stat.go.jp/SG1/estat/Pdfdl.do?sinfid=000012449985,2026-10-03,false
46213,鹿児島県,,,西之表市,,154,熊毛,43,川内・肝属川,未確認,県公式の区域一覧と名称一致,西之表市,所属計画区を県資料で照合・境界未確認,2026-04-01,2026-01-01,,https://www.pref.kagoshima.jp/ad06/sangyo-rodo/rinsui/ringyo/keikaku/tiikisinnrinnkeikaku_40850.html,2010-02-01,https://www.e-stat.go.jp/SG1/estat/Pdfdl.do?sinfid=000012449985,2026-10-03,false
46214,鹿児島県,,,垂水市,,153,大隅,43,川内・肝属川,未確認,県公式の区域一覧と名称一致,垂水市,所属計画区を県資料で照合・境界未確認,2026-04-01,2026-01-01,,https://www.pref.kagoshima.jp/ad06/sangyo-rodo/rinsui/ringyo/keikaku/tiikisinnrinnkeikaku_40850.html,2010-02-01,https://www.e-stat.go.jp/SG1/estat/Pdfdl.do?sinfid=000012449985,2026-10-03,false
46215,鹿児島県,,,薩摩川内市,,150,北薩,43,川内・肝属川,未確認,県公式の区域一覧と名称一致,薩摩川内市,所属計画区を県資料で照合・境界未確認,2026-04-01,2026-01-01,,https://www.pref.kagoshima.jp/ad06/sangyo-rodo/rinsui/ringyo/keikaku/tiikisinnrinnkeikaku_40850.html,2010-02-01,https://www.e-stat.go.jp/SG1/estat/Pdfdl.do?sinfid=000012449985,2026-10-03,false
46216,鹿児島県,,,日置市,,152,南薩,43,川内・肝属川,未確認,県公式の区域一覧と名称一致,日置市,所属計画区を県資料で照合・境界未確認,2026-04-01,2026-01-01,,https://www.pref.kagoshima.jp/ad06/sangyo-rodo/rinsui/ringyo/keikaku/tiikisinnrinnkeikaku_40850.html,2010-02-01,https://www.e-stat.go.jp/SG1/estat/Pdfdl.do?sinfid=000012449985,2026-10-03,false
46217,鹿児島県,,,曽於市,,153,大隅,43,川内・肝属川,未確認,県公式の区域一覧と名称一致,曽於市,所属計画区を県資料で照合・境界未確認,2026-04-01,2026-01-01,,https://www.pref.kagoshima.jp/ad06/sangyo-rodo/rinsui/ringyo/keikaku/tiikisinnrinnkeikaku_40850.html,2010-02-01,https://www.e-stat.go.jp/SG1/estat/Pdfdl.do?sinfid=000012449985,2026-10-03,false
46218,鹿児島県,,,霧島市,,151,姶良,43,川内・肝属川,未確認,県公式の区域一覧と名称一致,霧島市,所属計画区を県資料で照合・境界未確認,2026-04-01,2026-01-01,,https://www.pref.kagoshima.jp/ad06/sangyo-rodo/rinsui/ringyo/keikaku/tiikisinnrinnkeikaku_40850.html,2010-02-01,https://www.e-stat.go.jp/SG1/estat/Pdfdl.do?sinfid=000012449985,2026-10-03,false
46219,鹿児島県,,,いちき串木野市,,152,南薩,43,川内・肝属川,未確認,県公式の区域一覧と名称一致,いちき串木野市,所属計画区を県資料で照合・境界未確認,2026-04-01,2026-01-01,,https://www.pref.kagoshima.jp/ad06/sangyo-rodo/rinsui/ringyo/keikaku/tiikisinnrinnkeikaku_40850.html,2010-02-01,https://www.e-stat.go.jp/SG1/estat/Pdfdl.do?sinfid=000012449985,2026-10-03,false
46220,鹿児島県,,,南さつま市,,152,南薩,43,川内・肝属川,未確認,県公式の区域一覧と名称一致,南さつま市,所属計画区を県資料で照合・境界未確認,2026-04-01,2026-01-01,,https://www.pref.kagoshima.jp/ad06/sangyo-rodo/rinsui/ringyo/keikaku/tiikisinnrinnkeikaku_40850.html,2010-02-01,https://www.e-stat.go.jp/SG1/estat/Pdfdl.do?sinfid=000012449985,2026-10-03,false
46221,鹿児島県,,,志布志市,,153,大隅,43,川内・肝属川,未確認,県公式の区域一覧と名称一致,志布志市,所属計画区を県資料で照合・境界未確認,2026-04-01,2026-01-01,,https://www.pref.kagoshima.jp/ad06/sangyo-rodo/rinsui/ringyo/keikaku/tiikisinnrinnkeikaku_40850.html,2010-02-01,https://www.e-stat.go.jp/SG1/estat/Pdfdl.do?sinfid=000012449985,2026-10-03,false
46222,鹿児島県,,,奄美市,,155,奄美大島,43,川内・肝属川,未確認,県公式の区域一覧と名称一致,奄美市,所属計画区を県資料で照合・境界未確認,2026-04-01,2026-01-01,,https://www.pref.kagoshima.jp/ad06/sangyo-rodo/rinsui/ringyo/keikaku/tiikisinnrinnkeikaku_40850.html,2010-02-01,https://www.e-stat.go.jp/SG1/estat/Pdfdl.do?sinfid=000012449985,2026-10-03,false
46223,鹿児島県,,,南九州市,,152,南薩,43,川内・肝属川,未確認,県公式の区域一覧と名称一致,南九州市,所属計画区を県資料で照合・境界未確認,2026-04-01,2026-01-01,,https://www.pref.kagoshima.jp/ad06/sangyo-rodo/rinsui/ringyo/keikaku/tiikisinnrinnkeikaku_40850.html,2010-02-01,https://www.e-stat.go.jp/SG1/estat/Pdfdl.do?sinfid=000012449985,2026-10-03,false
46224,鹿児島県,,,伊佐市,,150,北薩,43,川内・肝属川,未確認,県公式の区域一覧と名称一致,伊佐市,所属計画区を県資料で照合・境界未確認,2026-04-01,2026-01-01,,https://www.pref.kagoshima.jp/ad06/sangyo-rodo/rinsui/ringyo/keikaku/tiikisinnrinnkeikaku_40850.html,2010-02-01,https://www.e-stat.go.jp/SG1/estat/Pdfdl.do?sinfid=000012449985,2026-10-03,false
46225,鹿児島県,,,姶良市,,151,姶良,43,川内・肝属川,未確認,県公式の区域一覧と名称一致,姶良市,所属計画区を県資料で照合・境界未確認,2026-04-01,2026-01-01,,https://www.pref.kagoshima.jp/ad06/sangyo-rodo/rinsui/ringyo/keikaku/tiikisinnrinnkeikaku_40850.html,2010-02-01,https://www.e-stat.go.jp/SG1/estat/Pdfdl.do?sinfid=000012449985,2026-10-03,false
46303,鹿児島県,,鹿児島郡,三島村,,152,南薩,43,川内・肝属川,未確認,県公式の区域一覧と名称一致,鹿児島郡,所属計画区を県資料で照合・境界未確認,2026-04-01,2026-01-01,,https://www.pref.kagoshima.jp/ad06/sangyo-rodo/rinsui/ringyo/keikaku/tiikisinnrinnkeikaku_40850.html,2010-02-01,https://www.e-stat.go.jp/SG1/estat/Pdfdl.do?sinfid=000012449985,2026-10-03,false
46304,鹿児島県,,鹿児島郡,十島村,,152,南薩,43,川内・肝属川,未確認,県公式の区域一覧と名称一致,鹿児島郡,所属計画区を県資料で照合・境界未確認,2026-04-01,2026-01-01,,https://www.pref.kagoshima.jp/ad06/sangyo-rodo/rinsui/ringyo/keikaku/tiikisinnrinnkeikaku_40850.html,2010-02-01,https://www.e-stat.go.jp/SG1/estat/Pdfdl.do?sinfid=000012449985,2026-10-03,false
46392,鹿児島県,,薩摩郡,さつま町,,150,北薩,43,川内・肝属川,未確認,県公式の区域一覧と名称一致,薩摩郡,所属計画区を県資料で照合・境界未確認,2026-04-01,2026-01-01,,https://www.pref.kagoshima.jp/ad06/sangyo-rodo/rinsui/ringyo/keikaku/tiikisinnrinnkeikaku_40850.html,2010-02-01,https://www.e-stat.go.jp/SG1/estat/Pdfdl.do?sinfid=000012449985,2026-10-03,false
46404,鹿児島県,,出水郡,長島町,,150,北薩,43,川内・肝属川,未確認,県公式の区域一覧と名称一致,出水郡,所属計画区を県資料で照合・境界未確認,2026-04-01,2026-01-01,,https://www.pref.kagoshima.jp/ad06/sangyo-rodo/rinsui/ringyo/keikaku/tiikisinnrinnkeikaku_40850.html,2010-02-01,https://www.e-stat.go.jp/SG1/estat/Pdfdl.do?sinfid=000012449985,2026-10-03,false
46452,鹿児島県,,姶良郡,湧水町,,151,姶良,43,川内・肝属川,未確認,県公式の区域一覧と名称一致,姶良郡,所属計画区を県資料で照合・境界未確認,2026-04-01,2026-01-01,,https://www.pref.kagoshima.jp/ad06/sangyo-rodo/rinsui/ringyo/keikaku/tiikisinnrinnkeikaku_40850.html,2010-02-01,https://www.e-stat.go.jp/SG1/estat/Pdfdl.do?sinfid=000012449985,2026-10-03,false
46468,鹿児島県,,曽於郡,大崎町,,153,大隅,43,川内・肝属川,未確認,県公式の区域一覧と名称一致,曽於郡,所属計画区を県資料で照合・境界未確認,2026-04-01,2026-01-01,,https://www.pref.kagoshima.jp/ad06/sangyo-rodo/rinsui/ringyo/keikaku/tiikisinnrinnkeikaku_40850.html,2010-02-01,https://www.e-stat.go.jp/SG1/estat/Pdfdl.do?sinfid=000012449985,2026-10-03,false
46482,鹿児島県,,肝属郡,東串良町,,153,大隅,43,川内・肝属川,未確認,県公式の区域一覧と名称一致,肝属郡,所属計画区を県資料で照合・境界未確認,2026-04-01,2026-01-01,,https://www.pref.kagoshima.jp/ad06/sangyo-rodo/rinsui/ringyo/keikaku/tiikisinnrinnkeikaku_40850.html,2010-02-01,https://www.e-stat.go.jp/SG1/estat/Pdfdl.do?sinfid=000012449985,2026-10-03,false
46490,鹿児島県,,肝属郡,錦江町,,153,大隅,43,川内・肝属川,未確認,県公式の区域一覧と名称一致,肝属郡,所属計画区を県資料で照合・境界未確認,2026-04-01,2026-01-01,,https://www.pref.kagoshima.jp/ad06/sangyo-rodo/rinsui/ringyo/keikaku/tiikisinnrinnkeikaku_40850.html,2010-02-01,https://www.e-stat.go.jp/SG1/estat/Pdfdl.do?sinfid=000012449985,2026-10-03,false
46491,鹿児島県,,肝属郡,南大隅町,,153,大隅,43,川内・肝属川,未確認,県公式の区域一覧と名称一致,肝属郡,所属計画区を県資料で照合・境界未確認,2026-04-01,2026-01-01,,https://www.pref.kagoshima.jp/ad06/sangyo-rodo/rinsui/ringyo/keikaku/tiikisinnrinnkeikaku_40850.html,2010-02-01,https://www.e-stat.go.jp/SG1/estat/Pdfdl.do?sinfid=000012449985,2026-10-03,false
46492,鹿児島県,,肝属郡,肝付町,,153,大隅,43,川内・肝属川,未確認,県公式の区域一覧と名称一致,肝属郡,所属計画区を県資料で照合・境界未確認,2026-04-01,2026-01-01,,https://www.pref.kagoshima.jp/ad06/sangyo-rodo/rinsui/ringyo/keikaku/tiikisinnrinnkeikaku_40850.html,2010-02-01,https://www.e-stat.go.jp/SG1/estat/Pdfdl.do?sinfid=000012449985,2026-10-03,false
46501,鹿児島県,,熊毛郡,中種子町,,154,熊毛,43,川内・肝属川,未確認,県公式の区域一覧と名称一致,熊毛郡,所属計画区を県資料で照合・境界未確認,2026-04-01,2026-01-01,,https://www.pref.kagoshima.jp/ad06/sangyo-rodo/rinsui/ringyo/keikaku/tiikisinnrinnkeikaku_40850.html,2010-02-01,https://www.e-stat.go.jp/SG1/estat/Pdfdl.do?sinfid=000012449985,2026-10-03,false
46502,鹿児島県,,熊毛郡,南種子町,,154,熊毛,43,川内・肝属川,未確認,県公式の区域一覧と名称一致,熊毛郡,所属計画区を県資料で照合・境界未確認,2026-04-01,2026-01-01,,https://www.pref.kagoshima.jp/ad06/sangyo-rodo/rinsui/ringyo/keikaku/tiikisinnrinnkeikaku_40850.html,2010-02-01,https://www.e-stat.go.jp/SG1/estat/Pdfdl.do?sinfid=000012449985,2026-10-03,false
46505,鹿児島県,,熊毛郡,屋久島町,,154,熊毛,43,川内・肝属川,未確認,県公式の区域一覧と名称一致,熊毛郡,所属計画区を県資料で照合・境界未確認,2026-04-01,2026-01-01,,https://www.pref.kagoshima.jp/ad06/sangyo-rodo/rinsui/ringyo/keikaku/tiikisinnrinnkeikaku_40850.html,2010-02-01,https://www.e-stat.go.jp/SG1/estat/Pdfdl.do?sinfid=000012449985,2026-10-03,false
46523,鹿児島県,,大島郡,大和村,,155,奄美大島,43,川内・肝属川,未確認,県公式の区域一覧と名称一致,大島郡,所属計画区を県資料で照合・境界未確認,2026-04-01,2026-01-01,,https://www.pref.kagoshima.jp/ad06/sangyo-rodo/rinsui/ringyo/keikaku/tiikisinnrinnkeikaku_40850.html,2010-02-01,https://www.e-stat.go.jp/SG1/estat/Pdfdl.do?sinfid=000012449985,2026-10-03,false
46524,鹿児島県,,大島郡,宇検村,,155,奄美大島,43,川内・肝属川,未確認,県公式の区域一覧と名称一致,大島郡,所属計画区を県資料で照合・境界未確認,2026-04-01,2026-01-01,,https://www.pref.kagoshima.jp/ad06/sangyo-rodo/rinsui/ringyo/keikaku/tiikisinnrinnkeikaku_40850.html,2010-02-01,https://www.e-stat.go.jp/SG1/estat/Pdfdl.do?sinfid=000012449985,2026-10-03,false
46525,鹿児島県,,大島郡,瀬戸内町,,155,奄美大島,43,川内・肝属川,未確認,県公式の区域一覧と名称一致,大島郡,所属計画区を県資料で照合・境界未確認,2026-04-01,2026-01-01,,https://www.pref.kagoshima.jp/ad06/sangyo-rodo/rinsui/ringyo/keikaku/tiikisinnrinnkeikaku_40850.html,2010-02-01,https://www.e-stat.go.jp/SG1/estat/Pdfdl.do?sinfid=000012449985,2026-10-03,false
46527,鹿児島県,,大島郡,龍郷町,,155,奄美大島,43,川内・肝属川,未確認,県公式の区域一覧と名称一致,大島郡,所属計画区を県資料で照合・境界未確認,2026-04-01,2026-01-01,,https://www.pref.kagoshima.jp/ad06/sangyo-rodo/rinsui/ringyo/keikaku/tiikisinnrinnkeikaku_40850.html,2010-02-01,https://www.e-stat.go.jp/SG1/estat/Pdfdl.do?sinfid=000012449985,2026-10-03,false
46529,鹿児島県,,大島郡,喜界町,,155,奄美大島,43,川内・肝属川,未確認,県公式の区域一覧と名称一致,大島郡,所属計画区を県資料で照合・境界未確認,2026-04-01,2026-01-01,,https://www.pref.kagoshima.jp/ad06/sangyo-rodo/rinsui/ringyo/keikaku/tiikisinnrinnkeikaku_40850.html,2010-02-01,https://www.e-stat.go.jp/SG1/estat/Pdfdl.do?sinfid=000012449985,2026-10-03,false
46530,鹿児島県,,大島郡,徳之島町,,155,奄美大島,43,川内・肝属川,未確認,県公式の区域一覧と名称一致,大島郡,所属計画区を県資料で照合・境界未確認,2026-04-01,2026-01-01,,https://www.pref.kagoshima.jp/ad06/sangyo-rodo/rinsui/ringyo/keikaku/tiikisinnrinnkeikaku_40850.html,2010-02-01,https://www.e-stat.go.jp/SG1/estat/Pdfdl.do?sinfid=000012449985,2026-10-03,false
46531,鹿児島県,,大島郡,天城町,,155,奄美大島,43,川内・肝属川,未確認,県公式の区域一覧と名称一致,大島郡,所属計画区を県資料で照合・境界未確認,2026-04-01,2026-01-01,,https://www.pref.kagoshima.jp/ad06/sangyo-rodo/rinsui/ringyo/keikaku/tiikisinnrinnkeikaku_40850.html,2010-02-01,https://www.e-stat.go.jp/SG1/estat/Pdfdl.do?sinfid=000012449985,2026-10-03,false
46532,鹿児島県,,大島郡,伊仙町,,155,奄美大島,43,川内・肝属川,未確認,県公式の区域一覧と名称一致,大島郡,所属計画区を県資料で照合・境界未確認,2026-04-01,2026-01-01,,https://www.pref.kagoshima.jp/ad06/sangyo-rodo/rinsui/ringyo/keikaku/tiikisinnrinnkeikaku_40850.html,2010-02-01,https://www.e-stat.go.jp/SG1/estat/Pdfdl.do?sinfid=000012449985,2026-10-03,false
46533,鹿児島県,,大島郡,和泊町,,155,奄美大島,43,川内・肝属川,未確認,県公式の区域一覧と名称一致,大島郡,所属計画区を県資料で照合・境界未確認,2026-04-01,2026-01-01,,https://www.pref.kagoshima.jp/ad06/sangyo-rodo/rinsui/ringyo/keikaku/tiikisinnrinnkeikaku_40850.html,2010-02-01,https://www.e-stat.go.jp/SG1/estat/Pdfdl.do?sinfid=000012449985,2026-10-03,false
46534,鹿児島県,,大島郡,知名町,,155,奄美大島,43,川内・肝属川,未確認,県公式の区域一覧と名称一致,大島郡,所属計画区を県資料で照合・境界未確認,2026-04-01,2026-01-01,,https://www.pref.kagoshima.jp/ad06/sangyo-rodo/rinsui/ringyo/keikaku/tiikisinnrinnkeikaku_40850.html,2010-02-01,https://www.e-stat.go.jp/SG1/estat/Pdfdl.do?sinfid=000012449985,2026-10-03,false
46535,鹿児島県,,大島郡,与論町,,155,奄美大島,43,川内・肝属川,未確認,県公式の区域一覧と名称一致,大島郡,所属計画区を県資料で照合・境界未確認,2026-04-01,2026-01-01,,https://www.pref.kagoshima.jp/ad06/sangyo-rodo/rinsui/ringyo/keikaku/tiikisinnrinnkeikaku_40850.html,2010-02-01,https://www.e-stat.go.jp/SG1/estat/Pdfdl.do?sinfid=000012449985,2026-10-03,false
47000,沖縄県,,,所属未定地,,,,,,未確認,名称一致なし,,未対応・要調査,2010-02-01,2026-01-01,,https://www.e-stat.go.jp/SG1/estat/Pdfdl.do?sinfid=000012449985,2010-02-01,https://www.e-stat.go.jp/SG1/estat/Pdfdl.do?sinfid=000012449985,2026-10-03,false
47201,沖縄県,,,那覇市,,157,沖縄中南部,44,沖縄,未確認,2010年包括区域の名称条件一致,那覇市,要現行資料照合,2010-02-01,2026-01-01,4,https://www.e-stat.go.jp/SG1/estat/Pdfdl.do?sinfid=000012449985,2010-02-01,https://www.e-stat.go.jp/SG1/estat/Pdfdl.do?sinfid=000012449985,2026-10-03,false
47205,沖縄県,,,宜野湾市,,157,沖縄中南部,44,沖縄,未確認,2010年包括区域の名称条件一致,宜野湾市,要現行資料照合,2010-02-01,2026-01-01,4,https://www.e-stat.go.jp/SG1/estat/Pdfdl.do?sinfid=000012449985,2010-02-01,https://www.e-stat.go.jp/SG1/estat/Pdfdl.do?sinfid=000012449985,2026-10-03,false
47207,沖縄県,,,石垣市,,158,宮古八重山,44,沖縄,未確認,2010年包括区域の名称条件一致,石垣市,要現行資料照合,2010-02-01,2026-01-01,4,https://www.e-stat.go.jp/SG1/estat/Pdfdl.do?sinfid=000012449985,2010-02-01,https://www.e-stat.go.jp/SG1/estat/Pdfdl.do?sinfid=000012449985,2026-10-03,false
47208,沖縄県,,,浦添市,,157,沖縄中南部,44,沖縄,未確認,2010年包括区域の名称条件一致,浦添市,要現行資料照合,2010-02-01,2026-01-01,4,https://www.e-stat.go.jp/SG1/estat/Pdfdl.do?sinfid=000012449985,2010-02-01,https://www.e-stat.go.jp/SG1/estat/Pdfdl.do?sinfid=000012449985,2026-10-03,false
47209,沖縄県,,,名護市,,156,沖縄北部,44,沖縄,未確認,2010年包括区域の名称条件一致,名護市,要現行資料照合,2010-02-01,2026-01-01,4,https://www.e-stat.go.jp/SG1/estat/Pdfdl.do?sinfid=000012449985,2010-02-01,https://www.e-stat.go.jp/SG1/estat/Pdfdl.do?sinfid=000012449985,2026-10-03,false
47210,沖縄県,,,糸満市,,157,沖縄中南部,44,沖縄,未確認,2010年包括区域の名称条件一致,糸満市,要現行資料照合,2010-02-01,2026-01-01,4,https://www.e-stat.go.jp/SG1/estat/Pdfdl.do?sinfid=000012449985,2010-02-01,https://www.e-stat.go.jp/SG1/estat/Pdfdl.do?sinfid=000012449985,2026-10-03,false
47211,沖縄県,,,沖縄市,,157,沖縄中南部,44,沖縄,未確認,2010年包括区域の名称条件一致,沖縄市,要現行資料照合,2010-02-01,2026-01-01,4,https://www.e-stat.go.jp/SG1/estat/Pdfdl.do?sinfid=000012449985,2010-02-01,https://www.e-stat.go.jp/SG1/estat/Pdfdl.do?sinfid=000012449985,2026-10-03,false
47212,沖縄県,,,豊見城市,,157,沖縄中南部,44,沖縄,未確認,2010年包括区域の名称条件一致,豊見城市,要現行資料照合,2010-02-01,2026-01-01,4,https://www.e-stat.go.jp/SG1/estat/Pdfdl.do?sinfid=000012449985,2010-02-01,https://www.e-stat.go.jp/SG1/estat/Pdfdl.do?sinfid=000012449985,2026-10-03,false
47213,沖縄県,,,うるま市,,157,沖縄中南部,44,沖縄,未確認,2010年包括区域の名称条件一致,うるま市,要現行資料照合,2010-02-01,2026-01-01,4,https://www.e-stat.go.jp/SG1/estat/Pdfdl.do?sinfid=000012449985,2010-02-01,https://www.e-stat.go.jp/SG1/estat/Pdfdl.do?sinfid=000012449985,2026-10-03,false
47214,沖縄県,,,宮古島市,,158,宮古八重山,44,沖縄,未確認,2010年包括区域の名称条件一致,宮古島市,要現行資料照合,2010-02-01,2026-01-01,4,https://www.e-stat.go.jp/SG1/estat/Pdfdl.do?sinfid=000012449985,2010-02-01,https://www.e-stat.go.jp/SG1/estat/Pdfdl.do?sinfid=000012449985,2026-10-03,false
47215,沖縄県,,,南城市,,157,沖縄中南部,44,沖縄,未確認,2010年包括区域の名称条件一致,南城市,要現行資料照合,2010-02-01,2026-01-01,4,https://www.e-stat.go.jp/SG1/estat/Pdfdl.do?sinfid=000012449985,2010-02-01,https://www.e-stat.go.jp/SG1/estat/Pdfdl.do?sinfid=000012449985,2026-10-03,false
47301,沖縄県,,国頭郡,国頭村,,156,沖縄北部,44,沖縄,未確認,2010年包括区域の名称条件一致,国頭郡,要現行資料照合,2010-02-01,2026-01-01,4,https://www.e-stat.go.jp/SG1/estat/Pdfdl.do?sinfid=000012449985,2010-02-01,https://www.e-stat.go.jp/SG1/estat/Pdfdl.do?sinfid=000012449985,2026-10-03,false
47302,沖縄県,,国頭郡,大宜味村,,156,沖縄北部,44,沖縄,未確認,2010年包括区域の名称条件一致,国頭郡,要現行資料照合,2010-02-01,2026-01-01,4,https://www.e-stat.go.jp/SG1/estat/Pdfdl.do?sinfid=000012449985,2010-02-01,https://www.e-stat.go.jp/SG1/estat/Pdfdl.do?sinfid=000012449985,2026-10-03,false
47303,沖縄県,,国頭郡,東村,,156,沖縄北部,44,沖縄,未確認,2010年包括区域の名称条件一致,国頭郡,要現行資料照合,2010-02-01,2026-01-01,4,https://www.e-stat.go.jp/SG1/estat/Pdfdl.do?sinfid=000012449985,2010-02-01,https://www.e-stat.go.jp/SG1/estat/Pdfdl.do?sinfid=000012449985,2026-10-03,false
47306,沖縄県,,国頭郡,今帰仁村,,156,沖縄北部,44,沖縄,未確認,2010年包括区域の名称条件一致,国頭郡,要現行資料照合,2010-02-01,2026-01-01,4,https://www.e-stat.go.jp/SG1/estat/Pdfdl.do?sinfid=000012449985,2010-02-01,https://www.e-stat.go.jp/SG1/estat/Pdfdl.do?sinfid=000012449985,2026-10-03,false
47308,沖縄県,,国頭郡,本部町,,156,沖縄北部,44,沖縄,未確認,2010年包括区域の名称条件一致,国頭郡,要現行資料照合,2010-02-01,2026-01-01,4,https://www.e-stat.go.jp/SG1/estat/Pdfdl.do?sinfid=000012449985,2010-02-01,https://www.e-stat.go.jp/SG1/estat/Pdfdl.do?sinfid=000012449985,2026-10-03,false
47311,沖縄県,,国頭郡,恩納村,,156,沖縄北部,44,沖縄,未確認,2010年包括区域の名称条件一致,国頭郡,要現行資料照合,2010-02-01,2026-01-01,4,https://www.e-stat.go.jp/SG1/estat/Pdfdl.do?sinfid=000012449985,2010-02-01,https://www.e-stat.go.jp/SG1/estat/Pdfdl.do?sinfid=000012449985,2026-10-03,false
47313,沖縄県,,国頭郡,宜野座村,,156,沖縄北部,44,沖縄,未確認,2010年包括区域の名称条件一致,国頭郡,要現行資料照合,2010-02-01,2026-01-01,4,https://www.e-stat.go.jp/SG1/estat/Pdfdl.do?sinfid=000012449985,2010-02-01,https://www.e-stat.go.jp/SG1/estat/Pdfdl.do?sinfid=000012449985,2026-10-03,false
47314,沖縄県,,国頭郡,金武町,,156,沖縄北部,44,沖縄,未確認,2010年包括区域の名称条件一致,国頭郡,要現行資料照合,2010-02-01,2026-01-01,4,https://www.e-stat.go.jp/SG1/estat/Pdfdl.do?sinfid=000012449985,2010-02-01,https://www.e-stat.go.jp/SG1/estat/Pdfdl.do?sinfid=000012449985,2026-10-03,false
47315,沖縄県,,国頭郡,伊江村,,156,沖縄北部,44,沖縄,未確認,2010年包括区域の名称条件一致,国頭郡,要現行資料照合,2010-02-01,2026-01-01,4,https://www.e-stat.go.jp/SG1/estat/Pdfdl.do?sinfid=000012449985,2010-02-01,https://www.e-stat.go.jp/SG1/estat/Pdfdl.do?sinfid=000012449985,2026-10-03,false
47324,沖縄県,,中頭郡,読谷村,,157,沖縄中南部,44,沖縄,未確認,2010年包括区域の名称条件一致,中頭郡,要現行資料照合,2010-02-01,2026-01-01,4,https://www.e-stat.go.jp/SG1/estat/Pdfdl.do?sinfid=000012449985,2010-02-01,https://www.e-stat.go.jp/SG1/estat/Pdfdl.do?sinfid=000012449985,2026-10-03,false
47325,沖縄県,,中頭郡,嘉手納町,,157,沖縄中南部,44,沖縄,未確認,2010年包括区域の名称条件一致,中頭郡,要現行資料照合,2010-02-01,2026-01-01,4,https://www.e-stat.go.jp/SG1/estat/Pdfdl.do?sinfid=000012449985,2010-02-01,https://www.e-stat.go.jp/SG1/estat/Pdfdl.do?sinfid=000012449985,2026-10-03,false
47326,沖縄県,,中頭郡,北谷町,,157,沖縄中南部,44,沖縄,未確認,2010年包括区域の名称条件一致,中頭郡,要現行資料照合,2010-02-01,2026-01-01,4,https://www.e-stat.go.jp/SG1/estat/Pdfdl.do?sinfid=000012449985,2010-02-01,https://www.e-stat.go.jp/SG1/estat/Pdfdl.do?sinfid=000012449985,2026-10-03,false
47327,沖縄県,,中頭郡,北中城村,,157,沖縄中南部,44,沖縄,未確認,2010年包括区域の名称条件一致,中頭郡,要現行資料照合,2010-02-01,2026-01-01,4,https://www.e-stat.go.jp/SG1/estat/Pdfdl.do?sinfid=000012449985,2010-02-01,https://www.e-stat.go.jp/SG1/estat/Pdfdl.do?sinfid=000012449985,2026-10-03,false
47328,沖縄県,,中頭郡,中城村,,157,沖縄中南部,44,沖縄,未確認,2010年包括区域の名称条件一致,中頭郡,要現行資料照合,2010-02-01,2026-01-01,4,https://www.e-stat.go.jp/SG1/estat/Pdfdl.do?sinfid=000012449985,2010-02-01,https://www.e-stat.go.jp/SG1/estat/Pdfdl.do?sinfid=000012449985,2026-10-03,false
47329,沖縄県,,中頭郡,西原町,,157,沖縄中南部,44,沖縄,未確認,2010年包括区域の名称条件一致,中頭郡,要現行資料照合,2010-02-01,2026-01-01,4,https://www.e-stat.go.jp/SG1/estat/Pdfdl.do?sinfid=000012449985,2010-02-01,https://www.e-stat.go.jp/SG1/estat/Pdfdl.do?sinfid=000012449985,2026-10-03,false
47348,沖縄県,,島尻郡,与那原町,,157,沖縄中南部,44,沖縄,未確認,2010年包括区域の名称条件一致,島尻郡（伊平屋村、伊是名村を除く）,要現行資料照合,2010-02-01,2026-01-01,4,https://www.e-stat.go.jp/SG1/estat/Pdfdl.do?sinfid=000012449985,2010-02-01,https://www.e-stat.go.jp/SG1/estat/Pdfdl.do?sinfid=000012449985,2026-10-03,false
47350,沖縄県,,島尻郡,南風原町,,157,沖縄中南部,44,沖縄,未確認,2010年包括区域の名称条件一致,島尻郡（伊平屋村、伊是名村を除く）,要現行資料照合,2010-02-01,2026-01-01,4,https://www.e-stat.go.jp/SG1/estat/Pdfdl.do?sinfid=000012449985,2010-02-01,https://www.e-stat.go.jp/SG1/estat/Pdfdl.do?sinfid=000012449985,2026-10-03,false
47353,沖縄県,,島尻郡,渡嘉敷村,,157,沖縄中南部,44,沖縄,未確認,2010年包括区域の名称条件一致,島尻郡（伊平屋村、伊是名村を除く）,要現行資料照合,2010-02-01,2026-01-01,4,https://www.e-stat.go.jp/SG1/estat/Pdfdl.do?sinfid=000012449985,2010-02-01,https://www.e-stat.go.jp/SG1/estat/Pdfdl.do?sinfid=000012449985,2026-10-03,false
47354,沖縄県,,島尻郡,座間味村,,157,沖縄中南部,44,沖縄,未確認,2010年包括区域の名称条件一致,島尻郡（伊平屋村、伊是名村を除く）,要現行資料照合,2010-02-01,2026-01-01,4,https://www.e-stat.go.jp/SG1/estat/Pdfdl.do?sinfid=000012449985,2010-02-01,https://www.e-stat.go.jp/SG1/estat/Pdfdl.do?sinfid=000012449985,2026-10-03,false
47355,沖縄県,,島尻郡,粟国村,,157,沖縄中南部,44,沖縄,未確認,2010年包括区域の名称条件一致,島尻郡（伊平屋村、伊是名村を除く）,要現行資料照合,2010-02-01,2026-01-01,4,https://www.e-stat.go.jp/SG1/estat/Pdfdl.do?sinfid=000012449985,2010-02-01,https://www.e-stat.go.jp/SG1/estat/Pdfdl.do?sinfid=000012449985,2026-10-03,false
47356,沖縄県,,島尻郡,渡名喜村,,157,沖縄中南部,44,沖縄,未確認,2010年包括区域の名称条件一致,島尻郡（伊平屋村、伊是名村を除く）,要現行資料照合,2010-02-01,2026-01-01,4,https://www.e-stat.go.jp/SG1/estat/Pdfdl.do?sinfid=000012449985,2010-02-01,https://www.e-stat.go.jp/SG1/estat/Pdfdl.do?sinfid=000012449985,2026-10-03,false
47357,沖縄県,,島尻郡,南大東村,,157,沖縄中南部,44,沖縄,未確認,2010年包括区域の名称条件一致,島尻郡（伊平屋村、伊是名村を除く）,要現行資料照合,2010-02-01,2026-01-01,4,https://www.e-stat.go.jp/SG1/estat/Pdfdl.do?sinfid=000012449985,2010-02-01,https://www.e-stat.go.jp/SG1/estat/Pdfdl.do?sinfid=000012449985,2026-10-03,false
47358,沖縄県,,島尻郡,北大東村,,157,沖縄中南部,44,沖縄,未確認,2010年包括区域の名称条件一致,島尻郡（伊平屋村、伊是名村を除く）,要現行資料照合,2010-02-01,2026-01-01,4,https://www.e-stat.go.jp/SG1/estat/Pdfdl.do?sinfid=000012449985,2010-02-01,https://www.e-stat.go.jp/SG1/estat/Pdfdl.do?sinfid=000012449985,2026-10-03,false
47359,沖縄県,,島尻郡,伊平屋村,,156,沖縄北部,44,沖縄,未確認,2010年包括区域の名称条件一致,島尻郡（伊平屋村、伊是名村）,要現行資料照合,2010-02-01,2026-01-01,4,https://www.e-stat.go.jp/SG1/estat/Pdfdl.do?sinfid=000012449985,2010-02-01,https://www.e-stat.go.jp/SG1/estat/Pdfdl.do?sinfid=000012449985,2026-10-03,false
47360,沖縄県,,島尻郡,伊是名村,,156,沖縄北部,44,沖縄,未確認,2010年包括区域の名称条件一致,島尻郡（伊平屋村、伊是名村）,要現行資料照合,2010-02-01,2026-01-01,4,https://www.e-stat.go.jp/SG1/estat/Pdfdl.do?sinfid=000012449985,2010-02-01,https://www.e-stat.go.jp/SG1/estat/Pdfdl.do?sinfid=000012449985,2026-10-03,false
47361,沖縄県,,島尻郡,久米島町,,157,沖縄中南部,44,沖縄,未確認,2010年包括区域の名称条件一致,島尻郡（伊平屋村、伊是名村を除く）,要現行資料照合,2010-02-01,2026-01-01,4,https://www.e-stat.go.jp/SG1/estat/Pdfdl.do?sinfid=000012449985,2010-02-01,https://www.e-stat.go.jp/SG1/estat/Pdfdl.do?sinfid=000012449985,2026-10-03,false
47362,沖縄県,,島尻郡,八重瀬町,,157,沖縄中南部,44,沖縄,未確認,2010年包括区域の名称条件一致,島尻郡（伊平屋村、伊是名村を除く）,要現行資料照合,2010-02-01,2026-01-01,4,https://www.e-stat.go.jp/SG1/estat/Pdfdl.do?sinfid=000012449985,2010-02-01,https://www.e-stat.go.jp/SG1/estat/Pdfdl.do?sinfid=000012449985,2026-10-03,false
47375,沖縄県,,宮古郡,多良間村,,158,宮古八重山,44,沖縄,未確認,2010年包括区域の名称条件一致,宮古郡,要現行資料照合,2010-02-01,2026-01-01,4,https://www.e-stat.go.jp/SG1/estat/Pdfdl.do?sinfid=000012449985,2010-02-01,https://www.e-stat.go.jp/SG1/estat/Pdfdl.do?sinfid=000012449985,2026-10-03,false
47381,沖縄県,,八重山郡,竹富町,,158,宮古八重山,44,沖縄,未確認,2010年包括区域の名称条件一致,八重山郡,要現行資料照合,2010-02-01,2026-01-01,4,https://www.e-stat.go.jp/SG1/estat/Pdfdl.do?sinfid=000012449985,2010-02-01,https://www.e-stat.go.jp/SG1/estat/Pdfdl.do?sinfid=000012449985,2026-10-03,false
47382,沖縄県,,八重山郡,与那国町,,158,宮古八重山,44,沖縄,未確認,2010年包括区域の名称条件一致,八重山郡,要現行資料照合,2010-02-01,2026-01-01,4,https://www.e-stat.go.jp/SG1/estat/Pdfdl.do?sinfid=000012449985,2010-02-01,https://www.e-stat.go.jp/SG1/estat/Pdfdl.do?sinfid=000012449985,2026-10-03,false
