code,prefecture,subprefecture,county,municipality,ward,zones,polygons,forest_district_code,forest_district_name,wide_basin_code,wide_basin_name,forest_status,forest_coverage,forest_source_date,forest_source_url,basin_source_date,basin_source_url,forest_final_usable
01101,北海道,石狩振興局,,札幌市,中央区,12,1,005,石狩空知,02,石狩川,要現行資料照合,未確認,2010-02-01,https://www.e-stat.go.jp/SG1/estat/Pdfdl.do?sinfid=000012449985,2010-02-01,https://www.e-stat.go.jp/SG1/estat/Pdfdl.do?sinfid=000012449985,false
01102,北海道,石狩振興局,,札幌市,北区,12,1,005,石狩空知,02,石狩川,要現行資料照合,未確認,2010-02-01,https://www.e-stat.go.jp/SG1/estat/Pdfdl.do?sinfid=000012449985,2010-02-01,https://www.e-stat.go.jp/SG1/estat/Pdfdl.do?sinfid=000012449985,false
01103,北海道,石狩振興局,,札幌市,東区,12,1,005,石狩空知,02,石狩川,要現行資料照合,未確認,2010-02-01,https://www.e-stat.go.jp/SG1/estat/Pdfdl.do?sinfid=000012449985,2010-02-01,https://www.e-stat.go.jp/SG1/estat/Pdfdl.do?sinfid=000012449985,false
01104,北海道,石狩振興局,,札幌市,白石区,12,1,005,石狩空知,02,石狩川,要現行資料照合,未確認,2010-02-01,https://www.e-stat.go.jp/SG1/estat/Pdfdl.do?sinfid=000012449985,2010-02-01,https://www.e-stat.go.jp/SG1/estat/Pdfdl.do?sinfid=000012449985,false
01105,北海道,石狩振興局,,札幌市,豊平区,12,1,005,石狩空知,02,石狩川,要現行資料照合,未確認,2010-02-01,https://www.e-stat.go.jp/SG1/estat/Pdfdl.do?sinfid=000012449985,2010-02-01,https://www.e-stat.go.jp/SG1/estat/Pdfdl.do?sinfid=000012449985,false
01106,北海道,石狩振興局,,札幌市,南区,12,1,005,石狩空知,02,石狩川,要現行資料照合,未確認,2010-02-01,https://www.e-stat.go.jp/SG1/estat/Pdfdl.do?sinfid=000012449985,2010-02-01,https://www.e-stat.go.jp/SG1/estat/Pdfdl.do?sinfid=000012449985,false
01107,北海道,石狩振興局,,札幌市,西区,12,1,005,石狩空知,02,石狩川,要現行資料照合,未確認,2010-02-01,https://www.e-stat.go.jp/SG1/estat/Pdfdl.do?sinfid=000012449985,2010-02-01,https://www.e-stat.go.jp/SG1/estat/Pdfdl.do?sinfid=000012449985,false
01108,北海道,石狩振興局,,札幌市,厚別区,12,1,005,石狩空知,02,石狩川,要現行資料照合,未確認,2010-02-01,https://www.e-stat.go.jp/SG1/estat/Pdfdl.do?sinfid=000012449985,2010-02-01,https://www.e-stat.go.jp/SG1/estat/Pdfdl.do?sinfid=000012449985,false
01109,北海道,石狩振興局,,札幌市,手稲区,12,1,005,石狩空知,02,石狩川,要現行資料照合,未確認,2010-02-01,https://www.e-stat.go.jp/SG1/estat/Pdfdl.do?sinfid=000012449985,2010-02-01,https://www.e-stat.go.jp/SG1/estat/Pdfdl.do?sinfid=000012449985,false
01110,北海道,石狩振興局,,札幌市,清田区,12,1,005,石狩空知,02,石狩川,要現行資料照合,未確認,2010-02-01,https://www.e-stat.go.jp/SG1/estat/Pdfdl.do?sinfid=000012449985,2010-02-01,https://www.e-stat.go.jp/SG1/estat/Pdfdl.do?sinfid=000012449985,false
01202,北海道,渡島総合振興局,,函館市,,11,140,001,渡島檜山,06,渡島・尻別川,要現行資料照合,未確認,2010-02-01,https://www.e-stat.go.jp/SG1/estat/Pdfdl.do?sinfid=000012449985,2010-02-01,https://www.e-stat.go.jp/SG1/estat/Pdfdl.do?sinfid=000012449985,false
01203,北海道,後志総合振興局,,小樽市,,11,618,005,石狩空知,02,石狩川,要現行資料照合,未確認,2010-02-01,https://www.e-stat.go.jp/SG1/estat/Pdfdl.do?sinfid=000012449985,2010-02-01,https://www.e-stat.go.jp/SG1/estat/Pdfdl.do?sinfid=000012449985,false
01204,北海道,上川総合振興局,,旭川市,,12,1,006,上川南部,02,石狩川,要現行資料照合,未確認,2010-02-01,https://www.e-stat.go.jp/SG1/estat/Pdfdl.do?sinfid=000012449985,2010-02-01,https://www.e-stat.go.jp/SG1/estat/Pdfdl.do?sinfid=000012449985,false
01205,北海道,胆振総合振興局,,室蘭市,,12,139,002,後志胆振,06,渡島・尻別川,要現行資料照合,未確認,2010-02-01,https://www.e-stat.go.jp/SG1/estat/Pdfdl.do?sinfid=000012449985,2010-02-01,https://www.e-stat.go.jp/SG1/estat/Pdfdl.do?sinfid=000012449985,false
01206,北海道,釧路総合振興局,,釧路市,,13,46,012,釧路根室,04,十勝・釧路川,要現行資料照合,未確認,2010-02-01,https://www.e-stat.go.jp/SG1/estat/Pdfdl.do?sinfid=000012449985,2010-02-01,https://www.e-stat.go.jp/SG1/estat/Pdfdl.do?sinfid=000012449985,false
01207,北海道,十勝総合振興局,,帯広市,,13,1,013,十勝,04,十勝・釧路川,要現行資料照合,未確認,2010-02-01,https://www.e-stat.go.jp/SG1/estat/Pdfdl.do?sinfid=000012449985,2010-02-01,https://www.e-stat.go.jp/SG1/estat/Pdfdl.do?sinfid=000012449985,false
01208,北海道,オホーツク総合振興局,,北見市,,13,1,011,網走東部,03,網走・湧別川,要現行資料照合,未確認,2010-02-01,https://www.e-stat.go.jp/SG1/estat/Pdfdl.do?sinfid=000012449985,2010-02-01,https://www.e-stat.go.jp/SG1/estat/Pdfdl.do?sinfid=000012449985,false
01209,北海道,空知総合振興局,,夕張市,,12,1,005,石狩空知,02,石狩川,要現行資料照合,未確認,2010-02-01,https://www.e-stat.go.jp/SG1/estat/Pdfdl.do?sinfid=000012449985,2010-02-01,https://www.e-stat.go.jp/SG1/estat/Pdfdl.do?sinfid=000012449985,false
01210,北海道,空知総合振興局,,岩見沢市,,12,1,005,石狩空知,02,石狩川,要現行資料照合,未確認,2010-02-01,https://www.e-stat.go.jp/SG1/estat/Pdfdl.do?sinfid=000012449985,2010-02-01,https://www.e-stat.go.jp/SG1/estat/Pdfdl.do?sinfid=000012449985,false
01211,北海道,オホーツク総合振興局,,網走市,,13,14,011,網走東部,03,網走・湧別川,要現行資料照合,未確認,2010-02-01,https://www.e-stat.go.jp/SG1/estat/Pdfdl.do?sinfid=000012449985,2010-02-01,https://www.e-stat.go.jp/SG1/estat/Pdfdl.do?sinfid=000012449985,false
01212,北海道,留萌振興局,,留萌市,,12,14,008,留萌,01,天塩川,要現行資料照合,未確認,2010-02-01,https://www.e-stat.go.jp/SG1/estat/Pdfdl.do?sinfid=000012449985,2010-02-01,https://www.e-stat.go.jp/SG1/estat/Pdfdl.do?sinfid=000012449985,false
01213,北海道,胆振総合振興局,,苫小牧市,,12,8,003,胆振東部,05,沙流川,要現行資料照合,未確認,2010-02-01,https://www.e-stat.go.jp/SG1/estat/Pdfdl.do?sinfid=000012449985,2010-02-01,https://www.e-stat.go.jp/SG1/estat/Pdfdl.do?sinfid=000012449985,false
01214,北海道,宗谷総合振興局,,稚内市,,12,18,009,宗谷,01,天塩川,要現行資料照合,未確認,2010-02-01,https://www.e-stat.go.jp/SG1/estat/Pdfdl.do?sinfid=000012449985,2010-02-01,https://www.e-stat.go.jp/SG1/estat/Pdfdl.do?sinfid=000012449985,false
01215,北海道,空知総合振興局,,美唄市,,12,1,005,石狩空知,02,石狩川,要現行資料照合,未確認,2010-02-01,https://www.e-stat.go.jp/SG1/estat/Pdfdl.do?sinfid=000012449985,2010-02-01,https://www.e-stat.go.jp/SG1/estat/Pdfdl.do?sinfid=000012449985,false
01216,北海道,空知総合振興局,,芦別市,,12,1,005,石狩空知,02,石狩川,要現行資料照合,未確認,2010-02-01,https://www.e-stat.go.jp/SG1/estat/Pdfdl.do?sinfid=000012449985,2010-02-01,https://www.e-stat.go.jp/SG1/estat/Pdfdl.do?sinfid=000012449985,false
01217,北海道,石狩振興局,,江別市,,12,1,005,石狩空知,02,石狩川,要現行資料照合,未確認,2010-02-01,https://www.e-stat.go.jp/SG1/estat/Pdfdl.do?sinfid=000012449985,2010-02-01,https://www.e-stat.go.jp/SG1/estat/Pdfdl.do?sinfid=000012449985,false
01218,北海道,空知総合振興局,,赤平市,,12,1,005,石狩空知,02,石狩川,要現行資料照合,未確認,2010-02-01,https://www.e-stat.go.jp/SG1/estat/Pdfdl.do?sinfid=000012449985,2010-02-01,https://www.e-stat.go.jp/SG1/estat/Pdfdl.do?sinfid=000012449985,false
01219,北海道,オホーツク総合振興局,,紋別市,,12,10,010,網走西部,03,網走・湧別川,要現行資料照合,未確認,2010-02-01,https://www.e-stat.go.jp/SG1/estat/Pdfdl.do?sinfid=000012449985,2010-02-01,https://www.e-stat.go.jp/SG1/estat/Pdfdl.do?sinfid=000012449985,false
01220,北海道,上川総合振興局,,士別市,,12,1,007,上川北部,01,天塩川,要現行資料照合,未確認,2010-02-01,https://www.e-stat.go.jp/SG1/estat/Pdfdl.do?sinfid=000012449985,2010-02-01,https://www.e-stat.go.jp/SG1/estat/Pdfdl.do?sinfid=000012449985,false
01221,北海道,上川総合振興局,,名寄市,,12,1,007,上川北部,01,天塩川,要現行資料照合,未確認,2010-02-01,https://www.e-stat.go.jp/SG1/estat/Pdfdl.do?sinfid=000012449985,2010-02-01,https://www.e-stat.go.jp/SG1/estat/Pdfdl.do?sinfid=000012449985,false
01222,北海道,空知総合振興局,,三笠市,,12,1,005,石狩空知,02,石狩川,要現行資料照合,未確認,2010-02-01,https://www.e-stat.go.jp/SG1/estat/Pdfdl.do?sinfid=000012449985,2010-02-01,https://www.e-stat.go.jp/SG1/estat/Pdfdl.do?sinfid=000012449985,false
01223,北海道,根室振興局,,根室市,,13,1243,012,釧路根室,04,十勝・釧路川,要現行資料照合,未確認,2010-02-01,https://www.e-stat.go.jp/SG1/estat/Pdfdl.do?sinfid=000012449985,2010-02-01,https://www.e-stat.go.jp/SG1/estat/Pdfdl.do?sinfid=000012449985,false
01224,北海道,石狩振興局,,千歳市,,12,1,005,石狩空知,02,石狩川,要現行資料照合,未確認,2010-02-01,https://www.e-stat.go.jp/SG1/estat/Pdfdl.do?sinfid=000012449985,2010-02-01,https://www.e-stat.go.jp/SG1/estat/Pdfdl.do?sinfid=000012449985,false
01225,北海道,空知総合振興局,,滝川市,,12,1,005,石狩空知,02,石狩川,要現行資料照合,未確認,2010-02-01,https://www.e-stat.go.jp/SG1/estat/Pdfdl.do?sinfid=000012449985,2010-02-01,https://www.e-stat.go.jp/SG1/estat/Pdfdl.do?sinfid=000012449985,false
01226,北海道,空知総合振興局,,砂川市,,12,1,005,石狩空知,02,石狩川,要現行資料照合,未確認,2010-02-01,https://www.e-stat.go.jp/SG1/estat/Pdfdl.do?sinfid=000012449985,2010-02-01,https://www.e-stat.go.jp/SG1/estat/Pdfdl.do?sinfid=000012449985,false
01227,北海道,空知総合振興局,,歌志内市,,12,1,005,石狩空知,02,石狩川,要現行資料照合,未確認,2010-02-01,https://www.e-stat.go.jp/SG1/estat/Pdfdl.do?sinfid=000012449985,2010-02-01,https://www.e-stat.go.jp/SG1/estat/Pdfdl.do?sinfid=000012449985,false
01228,北海道,空知総合振興局,,深川市,,12,1,005,石狩空知,02,石狩川,要現行資料照合,未確認,2010-02-01,https://www.e-stat.go.jp/SG1/estat/Pdfdl.do?sinfid=000012449985,2010-02-01,https://www.e-stat.go.jp/SG1/estat/Pdfdl.do?sinfid=000012449985,false
01229,北海道,上川総合振興局,,富良野市,,12,1,006,上川南部,02,石狩川,要現行資料照合,未確認,2010-02-01,https://www.e-stat.go.jp/SG1/estat/Pdfdl.do?sinfid=000012449985,2010-02-01,https://www.e-stat.go.jp/SG1/estat/Pdfdl.do?sinfid=000012449985,false
01230,北海道,胆振総合振興局,,登別市,,12,1,002,後志胆振,06,渡島・尻別川,要現行資料照合,未確認,2010-02-01,https://www.e-stat.go.jp/SG1/estat/Pdfdl.do?sinfid=000012449985,2010-02-01,https://www.e-stat.go.jp/SG1/estat/Pdfdl.do?sinfid=000012449985,false
01231,北海道,石狩振興局,,恵庭市,,12,1,005,石狩空知,02,石狩川,要現行資料照合,未確認,2010-02-01,https://www.e-stat.go.jp/SG1/estat/Pdfdl.do?sinfid=000012449985,2010-02-01,https://www.e-stat.go.jp/SG1/estat/Pdfdl.do?sinfid=000012449985,false
01233,北海道,胆振総合振興局,,伊達市,,11,27,002,後志胆振,06,渡島・尻別川,要現行資料照合,未確認,2010-02-01,https://www.e-stat.go.jp/SG1/estat/Pdfdl.do?sinfid=000012449985,2010-02-01,https://www.e-stat.go.jp/SG1/estat/Pdfdl.do?sinfid=000012449985,false
01234,北海道,石狩振興局,,北広島市,,12,1,005,石狩空知,02,石狩川,要現行資料照合,未確認,2010-02-01,https://www.e-stat.go.jp/SG1/estat/Pdfdl.do?sinfid=000012449985,2010-02-01,https://www.e-stat.go.jp/SG1/estat/Pdfdl.do?sinfid=000012449985,false
01235,北海道,石狩振興局,,石狩市,,12,122,005,石狩空知,02,石狩川,要現行資料照合,未確認,2010-02-01,https://www.e-stat.go.jp/SG1/estat/Pdfdl.do?sinfid=000012449985,2010-02-01,https://www.e-stat.go.jp/SG1/estat/Pdfdl.do?sinfid=000012449985,false
01236,北海道,渡島総合振興局,,北斗市,,11,7,001,渡島檜山,06,渡島・尻別川,要現行資料照合,未確認,2010-02-01,https://www.e-stat.go.jp/SG1/estat/Pdfdl.do?sinfid=000012449985,2010-02-01,https://www.e-stat.go.jp/SG1/estat/Pdfdl.do?sinfid=000012449985,false
01303,北海道,石狩振興局,石狩郡,当別町,,12,1,005,石狩空知,02,石狩川,要現行資料照合,未確認,2010-02-01,https://www.e-stat.go.jp/SG1/estat/Pdfdl.do?sinfid=000012449985,2010-02-01,https://www.e-stat.go.jp/SG1/estat/Pdfdl.do?sinfid=000012449985,false
01304,北海道,石狩振興局,石狩郡,新篠津村,,12,1,005,石狩空知,02,石狩川,要現行資料照合,未確認,2010-02-01,https://www.e-stat.go.jp/SG1/estat/Pdfdl.do?sinfid=000012449985,2010-02-01,https://www.e-stat.go.jp/SG1/estat/Pdfdl.do?sinfid=000012449985,false
01331,北海道,渡島総合振興局,松前郡,松前町,,11,916,001,渡島檜山,06,渡島・尻別川,要現行資料照合,未確認,2010-02-01,https://www.e-stat.go.jp/SG1/estat/Pdfdl.do?sinfid=000012449985,2010-02-01,https://www.e-stat.go.jp/SG1/estat/Pdfdl.do?sinfid=000012449985,false
01332,北海道,渡島総合振興局,松前郡,福島町,,11,94,001,渡島檜山,06,渡島・尻別川,要現行資料照合,未確認,2010-02-01,https://www.e-stat.go.jp/SG1/estat/Pdfdl.do?sinfid=000012449985,2010-02-01,https://www.e-stat.go.jp/SG1/estat/Pdfdl.do?sinfid=000012449985,false
01333,北海道,渡島総合振興局,上磯郡,知内町,,11,53,001,渡島檜山,06,渡島・尻別川,要現行資料照合,未確認,2010-02-01,https://www.e-stat.go.jp/SG1/estat/Pdfdl.do?sinfid=000012449985,2010-02-01,https://www.e-stat.go.jp/SG1/estat/Pdfdl.do?sinfid=000012449985,false
01334,北海道,渡島総合振興局,上磯郡,木古内町,,11,2,001,渡島檜山,06,渡島・尻別川,要現行資料照合,未確認,2010-02-01,https://www.e-stat.go.jp/SG1/estat/Pdfdl.do?sinfid=000012449985,2010-02-01,https://www.e-stat.go.jp/SG1/estat/Pdfdl.do?sinfid=000012449985,false
01337,北海道,渡島総合振興局,亀田郡,七飯町,,11,1,001,渡島檜山,06,渡島・尻別川,要現行資料照合,未確認,2010-02-01,https://www.e-stat.go.jp/SG1/estat/Pdfdl.do?sinfid=000012449985,2010-02-01,https://www.e-stat.go.jp/SG1/estat/Pdfdl.do?sinfid=000012449985,false
01343,北海道,渡島総合振興局,茅部郡,鹿部町,,11,1,001,渡島檜山,06,渡島・尻別川,要現行資料照合,未確認,2010-02-01,https://www.e-stat.go.jp/SG1/estat/Pdfdl.do?sinfid=000012449985,2010-02-01,https://www.e-stat.go.jp/SG1/estat/Pdfdl.do?sinfid=000012449985,false
01345,北海道,渡島総合振興局,茅部郡,森町,,11,7,001,渡島檜山,06,渡島・尻別川,要現行資料照合,未確認,2010-02-01,https://www.e-stat.go.jp/SG1/estat/Pdfdl.do?sinfid=000012449985,2010-02-01,https://www.e-stat.go.jp/SG1/estat/Pdfdl.do?sinfid=000012449985,false
01346,北海道,渡島総合振興局,二海郡,八雲町,,11,42,001,渡島檜山,06,渡島・尻別川,要現行資料照合,未確認,2010-02-01,https://www.e-stat.go.jp/SG1/estat/Pdfdl.do?sinfid=000012449985,2010-02-01,https://www.e-stat.go.jp/SG1/estat/Pdfdl.do?sinfid=000012449985,false
01347,北海道,渡島総合振興局,山越郡,長万部町,,11,21,001,渡島檜山,06,渡島・尻別川,要現行資料照合,未確認,2010-02-01,https://www.e-stat.go.jp/SG1/estat/Pdfdl.do?sinfid=000012449985,2010-02-01,https://www.e-stat.go.jp/SG1/estat/Pdfdl.do?sinfid=000012449985,false
01361,北海道,檜山振興局,檜山郡,江差町,,11,37,001,渡島檜山,06,渡島・尻別川,要現行資料照合,未確認,2010-02-01,https://www.e-stat.go.jp/SG1/estat/Pdfdl.do?sinfid=000012449985,2010-02-01,https://www.e-stat.go.jp/SG1/estat/Pdfdl.do?sinfid=000012449985,false
01362,北海道,檜山振興局,檜山郡,上ノ国町,,11,287,001,渡島檜山,06,渡島・尻別川,要現行資料照合,未確認,2010-02-01,https://www.e-stat.go.jp/SG1/estat/Pdfdl.do?sinfid=000012449985,2010-02-01,https://www.e-stat.go.jp/SG1/estat/Pdfdl.do?sinfid=000012449985,false
01363,北海道,檜山振興局,檜山郡,厚沢部町,,11,1,001,渡島檜山,06,渡島・尻別川,要現行資料照合,未確認,2010-02-01,https://www.e-stat.go.jp/SG1/estat/Pdfdl.do?sinfid=000012449985,2010-02-01,https://www.e-stat.go.jp/SG1/estat/Pdfdl.do?sinfid=000012449985,false
01364,北海道,檜山振興局,爾志郡,乙部町,,11,40,001,渡島檜山,06,渡島・尻別川,要現行資料照合,未確認,2010-02-01,https://www.e-stat.go.jp/SG1/estat/Pdfdl.do?sinfid=000012449985,2010-02-01,https://www.e-stat.go.jp/SG1/estat/Pdfdl.do?sinfid=000012449985,false
01367,北海道,檜山振興局,奥尻郡,奥尻町,,11,821,001,渡島檜山,06,渡島・尻別川,要現行資料照合,未確認,2010-02-01,https://www.e-stat.go.jp/SG1/estat/Pdfdl.do?sinfid=000012449985,2010-02-01,https://www.e-stat.go.jp/SG1/estat/Pdfdl.do?sinfid=000012449985,false
01370,北海道,檜山振興局,瀬棚郡,今金町,,11,1,001,渡島檜山,06,渡島・尻別川,要現行資料照合,未確認,2010-02-01,https://www.e-stat.go.jp/SG1/estat/Pdfdl.do?sinfid=000012449985,2010-02-01,https://www.e-stat.go.jp/SG1/estat/Pdfdl.do?sinfid=000012449985,false
01371,北海道,檜山振興局,久遠郡,せたな町,,11,335,001,渡島檜山,06,渡島・尻別川,要現行資料照合,未確認,2010-02-01,https://www.e-stat.go.jp/SG1/estat/Pdfdl.do?sinfid=000012449985,2010-02-01,https://www.e-stat.go.jp/SG1/estat/Pdfdl.do?sinfid=000012449985,false
01391,北海道,後志総合振興局,島牧郡,島牧村,,11,69,002,後志胆振,06,渡島・尻別川,要現行資料照合,未確認,2010-02-01,https://www.e-stat.go.jp/SG1/estat/Pdfdl.do?sinfid=000012449985,2010-02-01,https://www.e-stat.go.jp/SG1/estat/Pdfdl.do?sinfid=000012449985,false
01392,北海道,後志総合振興局,寿都郡,寿都町,,11,25,002,後志胆振,06,渡島・尻別川,要現行資料照合,未確認,2010-02-01,https://www.e-stat.go.jp/SG1/estat/Pdfdl.do?sinfid=000012449985,2010-02-01,https://www.e-stat.go.jp/SG1/estat/Pdfdl.do?sinfid=000012449985,false
01393,北海道,後志総合振興局,寿都郡,黒松内町,,11,1,002,後志胆振,06,渡島・尻別川,要現行資料照合,未確認,2010-02-01,https://www.e-stat.go.jp/SG1/estat/Pdfdl.do?sinfid=000012449985,2010-02-01,https://www.e-stat.go.jp/SG1/estat/Pdfdl.do?sinfid=000012449985,false
01394,北海道,後志総合振興局,磯谷郡,蘭越町,,11,1,002,後志胆振,06,渡島・尻別川,要現行資料照合,未確認,2010-02-01,https://www.e-stat.go.jp/SG1/estat/Pdfdl.do?sinfid=000012449985,2010-02-01,https://www.e-stat.go.jp/SG1/estat/Pdfdl.do?sinfid=000012449985,false
01395,北海道,後志総合振興局,虻田郡,ニセコ町,,11,1,002,後志胆振,06,渡島・尻別川,要現行資料照合,未確認,2010-02-01,https://www.e-stat.go.jp/SG1/estat/Pdfdl.do?sinfid=000012449985,2010-02-01,https://www.e-stat.go.jp/SG1/estat/Pdfdl.do?sinfid=000012449985,false
01396,北海道,後志総合振興局,虻田郡,真狩村,,11,1,002,後志胆振,06,渡島・尻別川,要現行資料照合,未確認,2010-02-01,https://www.e-stat.go.jp/SG1/estat/Pdfdl.do?sinfid=000012449985,2010-02-01,https://www.e-stat.go.jp/SG1/estat/Pdfdl.do?sinfid=000012449985,false
01397,北海道,後志総合振興局,虻田郡,留寿都村,,11,1,002,後志胆振,06,渡島・尻別川,要現行資料照合,未確認,2010-02-01,https://www.e-stat.go.jp/SG1/estat/Pdfdl.do?sinfid=000012449985,2010-02-01,https://www.e-stat.go.jp/SG1/estat/Pdfdl.do?sinfid=000012449985,false
01398,北海道,後志総合振興局,虻田郡,喜茂別町,,11,1,002,後志胆振,06,渡島・尻別川,要現行資料照合,未確認,2010-02-01,https://www.e-stat.go.jp/SG1/estat/Pdfdl.do?sinfid=000012449985,2010-02-01,https://www.e-stat.go.jp/SG1/estat/Pdfdl.do?sinfid=000012449985,false
01399,北海道,後志総合振興局,虻田郡,京極町,,11,1,002,後志胆振,06,渡島・尻別川,要現行資料照合,未確認,2010-02-01,https://www.e-stat.go.jp/SG1/estat/Pdfdl.do?sinfid=000012449985,2010-02-01,https://www.e-stat.go.jp/SG1/estat/Pdfdl.do?sinfid=000012449985,false
01400,北海道,後志総合振興局,虻田郡,倶知安町,,11,1,002,後志胆振,06,渡島・尻別川,要現行資料照合,未確認,2010-02-01,https://www.e-stat.go.jp/SG1/estat/Pdfdl.do?sinfid=000012449985,2010-02-01,https://www.e-stat.go.jp/SG1/estat/Pdfdl.do?sinfid=000012449985,false
01401,北海道,後志総合振興局,岩内郡,共和町,,11,1,002,後志胆振,06,渡島・尻別川,要現行資料照合,未確認,2010-02-01,https://www.e-stat.go.jp/SG1/estat/Pdfdl.do?sinfid=000012449985,2010-02-01,https://www.e-stat.go.jp/SG1/estat/Pdfdl.do?sinfid=000012449985,false
01402,北海道,後志総合振興局,岩内郡,岩内町,,11,19,002,後志胆振,06,渡島・尻別川,要現行資料照合,未確認,2010-02-01,https://www.e-stat.go.jp/SG1/estat/Pdfdl.do?sinfid=000012449985,2010-02-01,https://www.e-stat.go.jp/SG1/estat/Pdfdl.do?sinfid=000012449985,false
01403,北海道,後志総合振興局,古宇郡,泊村,,11,190,002,後志胆振,06,渡島・尻別川,要現行資料照合,未確認,2010-02-01,https://www.e-stat.go.jp/SG1/estat/Pdfdl.do?sinfid=000012449985,2010-02-01,https://www.e-stat.go.jp/SG1/estat/Pdfdl.do?sinfid=000012449985,false
01404,北海道,後志総合振興局,古宇郡,神恵内村,,11,317,002,後志胆振,06,渡島・尻別川,要現行資料照合,未確認,2010-02-01,https://www.e-stat.go.jp/SG1/estat/Pdfdl.do?sinfid=000012449985,2010-02-01,https://www.e-stat.go.jp/SG1/estat/Pdfdl.do?sinfid=000012449985,false
01405,北海道,後志総合振興局,積丹郡,積丹町,,11,550,005,石狩空知,02,石狩川,要現行資料照合,未確認,2010-02-01,https://www.e-stat.go.jp/SG1/estat/Pdfdl.do?sinfid=000012449985,2010-02-01,https://www.e-stat.go.jp/SG1/estat/Pdfdl.do?sinfid=000012449985,false
01406,北海道,後志総合振興局,古平郡,古平町,,11,427,005,石狩空知,02,石狩川,要現行資料照合,未確認,2010-02-01,https://www.e-stat.go.jp/SG1/estat/Pdfdl.do?sinfid=000012449985,2010-02-01,https://www.e-stat.go.jp/SG1/estat/Pdfdl.do?sinfid=000012449985,false
01407,北海道,後志総合振興局,余市郡,仁木町,,11,1,005,石狩空知,02,石狩川,要現行資料照合,未確認,2010-02-01,https://www.e-stat.go.jp/SG1/estat/Pdfdl.do?sinfid=000012449985,2010-02-01,https://www.e-stat.go.jp/SG1/estat/Pdfdl.do?sinfid=000012449985,false
01408,北海道,後志総合振興局,余市郡,余市町,,11,166,005,石狩空知,02,石狩川,要現行資料照合,未確認,2010-02-01,https://www.e-stat.go.jp/SG1/estat/Pdfdl.do?sinfid=000012449985,2010-02-01,https://www.e-stat.go.jp/SG1/estat/Pdfdl.do?sinfid=000012449985,false
01409,北海道,後志総合振興局,余市郡,赤井川村,,11,1,005,石狩空知,02,石狩川,要現行資料照合,未確認,2010-02-01,https://www.e-stat.go.jp/SG1/estat/Pdfdl.do?sinfid=000012449985,2010-02-01,https://www.e-stat.go.jp/SG1/estat/Pdfdl.do?sinfid=000012449985,false
01423,北海道,空知総合振興局,空知郡,南幌町,,12,1,005,石狩空知,02,石狩川,要現行資料照合,未確認,2010-02-01,https://www.e-stat.go.jp/SG1/estat/Pdfdl.do?sinfid=000012449985,2010-02-01,https://www.e-stat.go.jp/SG1/estat/Pdfdl.do?sinfid=000012449985,false
01424,北海道,空知総合振興局,空知郡,奈井江町,,12,1,005,石狩空知,02,石狩川,要現行資料照合,未確認,2010-02-01,https://www.e-stat.go.jp/SG1/estat/Pdfdl.do?sinfid=000012449985,2010-02-01,https://www.e-stat.go.jp/SG1/estat/Pdfdl.do?sinfid=000012449985,false
01425,北海道,空知総合振興局,空知郡,上砂川町,,12,1,005,石狩空知,02,石狩川,要現行資料照合,未確認,2010-02-01,https://www.e-stat.go.jp/SG1/estat/Pdfdl.do?sinfid=000012449985,2010-02-01,https://www.e-stat.go.jp/SG1/estat/Pdfdl.do?sinfid=000012449985,false
01427,北海道,空知総合振興局,夕張郡,由仁町,,12,1,005,石狩空知,02,石狩川,要現行資料照合,未確認,2010-02-01,https://www.e-stat.go.jp/SG1/estat/Pdfdl.do?sinfid=000012449985,2010-02-01,https://www.e-stat.go.jp/SG1/estat/Pdfdl.do?sinfid=000012449985,false
01428,北海道,空知総合振興局,夕張郡,長沼町,,12,1,005,石狩空知,02,石狩川,要現行資料照合,未確認,2010-02-01,https://www.e-stat.go.jp/SG1/estat/Pdfdl.do?sinfid=000012449985,2010-02-01,https://www.e-stat.go.jp/SG1/estat/Pdfdl.do?sinfid=000012449985,false
01429,北海道,空知総合振興局,夕張郡,栗山町,,12,1,005,石狩空知,02,石狩川,要現行資料照合,未確認,2010-02-01,https://www.e-stat.go.jp/SG1/estat/Pdfdl.do?sinfid=000012449985,2010-02-01,https://www.e-stat.go.jp/SG1/estat/Pdfdl.do?sinfid=000012449985,false
01430,北海道,空知総合振興局,樺戸郡,月形町,,12,1,005,石狩空知,02,石狩川,要現行資料照合,未確認,2010-02-01,https://www.e-stat.go.jp/SG1/estat/Pdfdl.do?sinfid=000012449985,2010-02-01,https://www.e-stat.go.jp/SG1/estat/Pdfdl.do?sinfid=000012449985,false
01431,北海道,空知総合振興局,樺戸郡,浦臼町,,12,1,005,石狩空知,02,石狩川,要現行資料照合,未確認,2010-02-01,https://www.e-stat.go.jp/SG1/estat/Pdfdl.do?sinfid=000012449985,2010-02-01,https://www.e-stat.go.jp/SG1/estat/Pdfdl.do?sinfid=000012449985,false
01432,北海道,空知総合振興局,樺戸郡,新十津川町,,12,1,005,石狩空知,02,石狩川,要現行資料照合,未確認,2010-02-01,https://www.e-stat.go.jp/SG1/estat/Pdfdl.do?sinfid=000012449985,2010-02-01,https://www.e-stat.go.jp/SG1/estat/Pdfdl.do?sinfid=000012449985,false
01433,北海道,空知総合振興局,雨竜郡,妹背牛町,,12,1,005,石狩空知,02,石狩川,要現行資料照合,未確認,2010-02-01,https://www.e-stat.go.jp/SG1/estat/Pdfdl.do?sinfid=000012449985,2010-02-01,https://www.e-stat.go.jp/SG1/estat/Pdfdl.do?sinfid=000012449985,false
01434,北海道,空知総合振興局,雨竜郡,秩父別町,,12,1,005,石狩空知,02,石狩川,要現行資料照合,未確認,2010-02-01,https://www.e-stat.go.jp/SG1/estat/Pdfdl.do?sinfid=000012449985,2010-02-01,https://www.e-stat.go.jp/SG1/estat/Pdfdl.do?sinfid=000012449985,false
01436,北海道,空知総合振興局,雨竜郡,雨竜町,,12,1,005,石狩空知,02,石狩川,要現行資料照合,未確認,2010-02-01,https://www.e-stat.go.jp/SG1/estat/Pdfdl.do?sinfid=000012449985,2010-02-01,https://www.e-stat.go.jp/SG1/estat/Pdfdl.do?sinfid=000012449985,false
01437,北海道,空知総合振興局,雨竜郡,北竜町,,12,1,005,石狩空知,02,石狩川,要現行資料照合,未確認,2010-02-01,https://www.e-stat.go.jp/SG1/estat/Pdfdl.do?sinfid=000012449985,2010-02-01,https://www.e-stat.go.jp/SG1/estat/Pdfdl.do?sinfid=000012449985,false
01438,北海道,空知総合振興局,雨竜郡,沼田町,,12,1,005,石狩空知,02,石狩川,要現行資料照合,未確認,2010-02-01,https://www.e-stat.go.jp/SG1/estat/Pdfdl.do?sinfid=000012449985,2010-02-01,https://www.e-stat.go.jp/SG1/estat/Pdfdl.do?sinfid=000012449985,false
01452,北海道,上川総合振興局,上川郡,鷹栖町,,12,1,006,上川南部,02,石狩川,要現行資料照合,未確認,2010-02-01,https://www.e-stat.go.jp/SG1/estat/Pdfdl.do?sinfid=000012449985,2010-02-01,https://www.e-stat.go.jp/SG1/estat/Pdfdl.do?sinfid=000012449985,false
01453,北海道,上川総合振興局,上川郡,東神楽町,,12,1,006,上川南部,02,石狩川,要現行資料照合,未確認,2010-02-01,https://www.e-stat.go.jp/SG1/estat/Pdfdl.do?sinfid=000012449985,2010-02-01,https://www.e-stat.go.jp/SG1/estat/Pdfdl.do?sinfid=000012449985,false
01454,北海道,上川総合振興局,上川郡,当麻町,,12,1,006,上川南部,02,石狩川,要現行資料照合,未確認,2010-02-01,https://www.e-stat.go.jp/SG1/estat/Pdfdl.do?sinfid=000012449985,2010-02-01,https://www.e-stat.go.jp/SG1/estat/Pdfdl.do?sinfid=000012449985,false
01455,北海道,上川総合振興局,上川郡,比布町,,12,1,006,上川南部,02,石狩川,要現行資料照合,未確認,2010-02-01,https://www.e-stat.go.jp/SG1/estat/Pdfdl.do?sinfid=000012449985,2010-02-01,https://www.e-stat.go.jp/SG1/estat/Pdfdl.do?sinfid=000012449985,false
01456,北海道,上川総合振興局,上川郡,愛別町,,12,1,006,上川南部,02,石狩川,要現行資料照合,未確認,2010-02-01,https://www.e-stat.go.jp/SG1/estat/Pdfdl.do?sinfid=000012449985,2010-02-01,https://www.e-stat.go.jp/SG1/estat/Pdfdl.do?sinfid=000012449985,false
01457,北海道,上川総合振興局,上川郡,上川町,,12,1,006,上川南部,02,石狩川,要現行資料照合,未確認,2010-02-01,https://www.e-stat.go.jp/SG1/estat/Pdfdl.do?sinfid=000012449985,2010-02-01,https://www.e-stat.go.jp/SG1/estat/Pdfdl.do?sinfid=000012449985,false
01458,北海道,上川総合振興局,上川郡,東川町,,12,1,006,上川南部,02,石狩川,要現行資料照合,未確認,2010-02-01,https://www.e-stat.go.jp/SG1/estat/Pdfdl.do?sinfid=000012449985,2010-02-01,https://www.e-stat.go.jp/SG1/estat/Pdfdl.do?sinfid=000012449985,false
01459,北海道,上川総合振興局,上川郡,美瑛町,,12,1,006,上川南部,02,石狩川,要現行資料照合,未確認,2010-02-01,https://www.e-stat.go.jp/SG1/estat/Pdfdl.do?sinfid=000012449985,2010-02-01,https://www.e-stat.go.jp/SG1/estat/Pdfdl.do?sinfid=000012449985,false
01460,北海道,上川総合振興局,空知郡,上富良野町,,12,1,006,上川南部,02,石狩川,要現行資料照合,未確認,2010-02-01,https://www.e-stat.go.jp/SG1/estat/Pdfdl.do?sinfid=000012449985,2010-02-01,https://www.e-stat.go.jp/SG1/estat/Pdfdl.do?sinfid=000012449985,false
01461,北海道,上川総合振興局,空知郡,中富良野町,,12,1,006,上川南部,02,石狩川,要現行資料照合,未確認,2010-02-01,https://www.e-stat.go.jp/SG1/estat/Pdfdl.do?sinfid=000012449985,2010-02-01,https://www.e-stat.go.jp/SG1/estat/Pdfdl.do?sinfid=000012449985,false
01462,北海道,上川総合振興局,空知郡,南富良野町,,12,1,006,上川南部,02,石狩川,要現行資料照合,未確認,2010-02-01,https://www.e-stat.go.jp/SG1/estat/Pdfdl.do?sinfid=000012449985,2010-02-01,https://www.e-stat.go.jp/SG1/estat/Pdfdl.do?sinfid=000012449985,false
01463,北海道,上川総合振興局,勇払郡,占冠村,,12,1,006,上川南部,02,石狩川,要現行資料照合,未確認,2010-02-01,https://www.e-stat.go.jp/SG1/estat/Pdfdl.do?sinfid=000012449985,2010-02-01,https://www.e-stat.go.jp/SG1/estat/Pdfdl.do?sinfid=000012449985,false
01464,北海道,上川総合振興局,上川郡,和寒町,,12,1,007,上川北部,01,天塩川,要現行資料照合,未確認,2010-02-01,https://www.e-stat.go.jp/SG1/estat/Pdfdl.do?sinfid=000012449985,2010-02-01,https://www.e-stat.go.jp/SG1/estat/Pdfdl.do?sinfid=000012449985,false
01465,北海道,上川総合振興局,上川郡,剣淵町,,12,1,007,上川北部,01,天塩川,要現行資料照合,未確認,2010-02-01,https://www.e-stat.go.jp/SG1/estat/Pdfdl.do?sinfid=000012449985,2010-02-01,https://www.e-stat.go.jp/SG1/estat/Pdfdl.do?sinfid=000012449985,false
01468,北海道,上川総合振興局,上川郡,下川町,,12,1,007,上川北部,01,天塩川,要現行資料照合,未確認,2010-02-01,https://www.e-stat.go.jp/SG1/estat/Pdfdl.do?sinfid=000012449985,2010-02-01,https://www.e-stat.go.jp/SG1/estat/Pdfdl.do?sinfid=000012449985,false
01469,北海道,上川総合振興局,中川郡,美深町,,12,1,007,上川北部,01,天塩川,要現行資料照合,未確認,2010-02-01,https://www.e-stat.go.jp/SG1/estat/Pdfdl.do?sinfid=000012449985,2010-02-01,https://www.e-stat.go.jp/SG1/estat/Pdfdl.do?sinfid=000012449985,false
01470,北海道,上川総合振興局,中川郡,音威子府村,,12,1,007,上川北部,01,天塩川,要現行資料照合,未確認,2010-02-01,https://www.e-stat.go.jp/SG1/estat/Pdfdl.do?sinfid=000012449985,2010-02-01,https://www.e-stat.go.jp/SG1/estat/Pdfdl.do?sinfid=000012449985,false
01471,北海道,上川総合振興局,中川郡,中川町,,12,1,007,上川北部,01,天塩川,要現行資料照合,未確認,2010-02-01,https://www.e-stat.go.jp/SG1/estat/Pdfdl.do?sinfid=000012449985,2010-02-01,https://www.e-stat.go.jp/SG1/estat/Pdfdl.do?sinfid=000012449985,false
01472,北海道,上川総合振興局,雨竜郡,幌加内町,,12,1,005,石狩空知,02,石狩川,要現行資料照合,未確認,2010-02-01,https://www.e-stat.go.jp/SG1/estat/Pdfdl.do?sinfid=000012449985,2010-02-01,https://www.e-stat.go.jp/SG1/estat/Pdfdl.do?sinfid=000012449985,false
01481,北海道,留萌振興局,増毛郡,増毛町,,12,96,008,留萌,01,天塩川,要現行資料照合,未確認,2010-02-01,https://www.e-stat.go.jp/SG1/estat/Pdfdl.do?sinfid=000012449985,2010-02-01,https://www.e-stat.go.jp/SG1/estat/Pdfdl.do?sinfid=000012449985,false
01482,北海道,留萌振興局,留萌郡,小平町,,12,3,008,留萌,01,天塩川,要現行資料照合,未確認,2010-02-01,https://www.e-stat.go.jp/SG1/estat/Pdfdl.do?sinfid=000012449985,2010-02-01,https://www.e-stat.go.jp/SG1/estat/Pdfdl.do?sinfid=000012449985,false
01483,北海道,留萌振興局,苫前郡,苫前町,,12,4,008,留萌,01,天塩川,要現行資料照合,未確認,2010-02-01,https://www.e-stat.go.jp/SG1/estat/Pdfdl.do?sinfid=000012449985,2010-02-01,https://www.e-stat.go.jp/SG1/estat/Pdfdl.do?sinfid=000012449985,false
01484,北海道,留萌振興局,苫前郡,羽幌町,,12,98,008,留萌,01,天塩川,要現行資料照合,未確認,2010-02-01,https://www.e-stat.go.jp/SG1/estat/Pdfdl.do?sinfid=000012449985,2010-02-01,https://www.e-stat.go.jp/SG1/estat/Pdfdl.do?sinfid=000012449985,false
01485,北海道,留萌振興局,苫前郡,初山別村,,12,2,008,留萌,01,天塩川,要現行資料照合,未確認,2010-02-01,https://www.e-stat.go.jp/SG1/estat/Pdfdl.do?sinfid=000012449985,2010-02-01,https://www.e-stat.go.jp/SG1/estat/Pdfdl.do?sinfid=000012449985,false
01486,北海道,留萌振興局,天塩郡,遠別町,,12,3,008,留萌,01,天塩川,要現行資料照合,未確認,2010-02-01,https://www.e-stat.go.jp/SG1/estat/Pdfdl.do?sinfid=000012449985,2010-02-01,https://www.e-stat.go.jp/SG1/estat/Pdfdl.do?sinfid=000012449985,false
01487,北海道,留萌振興局,天塩郡,天塩町,,12,2,008,留萌,01,天塩川,要現行資料照合,未確認,2010-02-01,https://www.e-stat.go.jp/SG1/estat/Pdfdl.do?sinfid=000012449985,2010-02-01,https://www.e-stat.go.jp/SG1/estat/Pdfdl.do?sinfid=000012449985,false
01511,北海道,宗谷総合振興局,宗谷郡,猿払村,,12,6,009,宗谷,01,天塩川,要現行資料照合,未確認,2010-02-01,https://www.e-stat.go.jp/SG1/estat/Pdfdl.do?sinfid=000012449985,2010-02-01,https://www.e-stat.go.jp/SG1/estat/Pdfdl.do?sinfid=000012449985,false
01512,北海道,宗谷総合振興局,枝幸郡,浜頓別町,,12,16,009,宗谷,01,天塩川,要現行資料照合,未確認,2010-02-01,https://www.e-stat.go.jp/SG1/estat/Pdfdl.do?sinfid=000012449985,2010-02-01,https://www.e-stat.go.jp/SG1/estat/Pdfdl.do?sinfid=000012449985,false
01513,北海道,宗谷総合振興局,枝幸郡,中頓別町,,12,1,009,宗谷,01,天塩川,要現行資料照合,未確認,2010-02-01,https://www.e-stat.go.jp/SG1/estat/Pdfdl.do?sinfid=000012449985,2010-02-01,https://www.e-stat.go.jp/SG1/estat/Pdfdl.do?sinfid=000012449985,false
01514,北海道,宗谷総合振興局,枝幸郡,枝幸町,,12,35,009,宗谷,01,天塩川,要現行資料照合,未確認,2010-02-01,https://www.e-stat.go.jp/SG1/estat/Pdfdl.do?sinfid=000012449985,2010-02-01,https://www.e-stat.go.jp/SG1/estat/Pdfdl.do?sinfid=000012449985,false
01516,北海道,宗谷総合振興局,天塩郡,豊富町,,12,2,009,宗谷,01,天塩川,要現行資料照合,未確認,2010-02-01,https://www.e-stat.go.jp/SG1/estat/Pdfdl.do?sinfid=000012449985,2010-02-01,https://www.e-stat.go.jp/SG1/estat/Pdfdl.do?sinfid=000012449985,false
01517,北海道,宗谷総合振興局,礼文郡,礼文町,,12,570,009,宗谷,01,天塩川,要現行資料照合,未確認,2010-02-01,https://www.e-stat.go.jp/SG1/estat/Pdfdl.do?sinfid=000012449985,2010-02-01,https://www.e-stat.go.jp/SG1/estat/Pdfdl.do?sinfid=000012449985,false
01518,北海道,宗谷総合振興局,利尻郡,利尻町,,12,82,009,宗谷,01,天塩川,要現行資料照合,未確認,2010-02-01,https://www.e-stat.go.jp/SG1/estat/Pdfdl.do?sinfid=000012449985,2010-02-01,https://www.e-stat.go.jp/SG1/estat/Pdfdl.do?sinfid=000012449985,false
01519,北海道,宗谷総合振興局,利尻郡,利尻富士町,,12,21,009,宗谷,01,天塩川,要現行資料照合,未確認,2010-02-01,https://www.e-stat.go.jp/SG1/estat/Pdfdl.do?sinfid=000012449985,2010-02-01,https://www.e-stat.go.jp/SG1/estat/Pdfdl.do?sinfid=000012449985,false
01520,北海道,宗谷総合振興局,天塩郡,幌延町,,12,1,008,留萌,01,天塩川,要現行資料照合,未確認,2010-02-01,https://www.e-stat.go.jp/SG1/estat/Pdfdl.do?sinfid=000012449985,2010-02-01,https://www.e-stat.go.jp/SG1/estat/Pdfdl.do?sinfid=000012449985,false
01543,北海道,オホーツク総合振興局,網走郡,美幌町,,13,1,011,網走東部,03,網走・湧別川,要現行資料照合,未確認,2010-02-01,https://www.e-stat.go.jp/SG1/estat/Pdfdl.do?sinfid=000012449985,2010-02-01,https://www.e-stat.go.jp/SG1/estat/Pdfdl.do?sinfid=000012449985,false
01544,北海道,オホーツク総合振興局,網走郡,津別町,,13,1,011,網走東部,03,網走・湧別川,要現行資料照合,未確認,2010-02-01,https://www.e-stat.go.jp/SG1/estat/Pdfdl.do?sinfid=000012449985,2010-02-01,https://www.e-stat.go.jp/SG1/estat/Pdfdl.do?sinfid=000012449985,false
01545,北海道,オホーツク総合振興局,斜里郡,斜里町,,13,83,011,網走東部,03,網走・湧別川,要現行資料照合,未確認,2010-02-01,https://www.e-stat.go.jp/SG1/estat/Pdfdl.do?sinfid=000012449985,2010-02-01,https://www.e-stat.go.jp/SG1/estat/Pdfdl.do?sinfid=000012449985,false
01546,北海道,オホーツク総合振興局,斜里郡,清里町,,13,1,011,網走東部,03,網走・湧別川,要現行資料照合,未確認,2010-02-01,https://www.e-stat.go.jp/SG1/estat/Pdfdl.do?sinfid=000012449985,2010-02-01,https://www.e-stat.go.jp/SG1/estat/Pdfdl.do?sinfid=000012449985,false
01547,北海道,オホーツク総合振興局,斜里郡,小清水町,,13,1,011,網走東部,03,網走・湧別川,要現行資料照合,未確認,2010-02-01,https://www.e-stat.go.jp/SG1/estat/Pdfdl.do?sinfid=000012449985,2010-02-01,https://www.e-stat.go.jp/SG1/estat/Pdfdl.do?sinfid=000012449985,false
01549,北海道,オホーツク総合振興局,常呂郡,訓子府町,,13,1,011,網走東部,03,網走・湧別川,要現行資料照合,未確認,2010-02-01,https://www.e-stat.go.jp/SG1/estat/Pdfdl.do?sinfid=000012449985,2010-02-01,https://www.e-stat.go.jp/SG1/estat/Pdfdl.do?sinfid=000012449985,false
01550,北海道,オホーツク総合振興局,常呂郡,置戸町,,13,1,011,網走東部,03,網走・湧別川,要現行資料照合,未確認,2010-02-01,https://www.e-stat.go.jp/SG1/estat/Pdfdl.do?sinfid=000012449985,2010-02-01,https://www.e-stat.go.jp/SG1/estat/Pdfdl.do?sinfid=000012449985,false
01552,北海道,オホーツク総合振興局,常呂郡,佐呂間町,,13,1,011,網走東部,03,網走・湧別川,要現行資料照合,未確認,2010-02-01,https://www.e-stat.go.jp/SG1/estat/Pdfdl.do?sinfid=000012449985,2010-02-01,https://www.e-stat.go.jp/SG1/estat/Pdfdl.do?sinfid=000012449985,false
01555,北海道,オホーツク総合振興局,紋別郡,遠軽町,,12,1,010,網走西部,03,網走・湧別川,要現行資料照合,未確認,2010-02-01,https://www.e-stat.go.jp/SG1/estat/Pdfdl.do?sinfid=000012449985,2010-02-01,https://www.e-stat.go.jp/SG1/estat/Pdfdl.do?sinfid=000012449985,false
01559,北海道,オホーツク総合振興局,紋別郡,湧別町,,12,2,010,網走西部,03,網走・湧別川,要現行資料照合,未確認,2010-02-01,https://www.e-stat.go.jp/SG1/estat/Pdfdl.do?sinfid=000012449985,2010-02-01,https://www.e-stat.go.jp/SG1/estat/Pdfdl.do?sinfid=000012449985,false
01560,北海道,オホーツク総合振興局,紋別郡,滝上町,,12,1,010,網走西部,03,網走・湧別川,要現行資料照合,未確認,2010-02-01,https://www.e-stat.go.jp/SG1/estat/Pdfdl.do?sinfid=000012449985,2010-02-01,https://www.e-stat.go.jp/SG1/estat/Pdfdl.do?sinfid=000012449985,false
01561,北海道,オホーツク総合振興局,紋別郡,興部町,,12,44,010,網走西部,03,網走・湧別川,要現行資料照合,未確認,2010-02-01,https://www.e-stat.go.jp/SG1/estat/Pdfdl.do?sinfid=000012449985,2010-02-01,https://www.e-stat.go.jp/SG1/estat/Pdfdl.do?sinfid=000012449985,false
01562,北海道,オホーツク総合振興局,紋別郡,西興部村,,12,1,010,網走西部,03,網走・湧別川,要現行資料照合,未確認,2010-02-01,https://www.e-stat.go.jp/SG1/estat/Pdfdl.do?sinfid=000012449985,2010-02-01,https://www.e-stat.go.jp/SG1/estat/Pdfdl.do?sinfid=000012449985,false
01563,北海道,オホーツク総合振興局,紋別郡,雄武町,,12,9,010,網走西部,03,網走・湧別川,要現行資料照合,未確認,2010-02-01,https://www.e-stat.go.jp/SG1/estat/Pdfdl.do?sinfid=000012449985,2010-02-01,https://www.e-stat.go.jp/SG1/estat/Pdfdl.do?sinfid=000012449985,false
01564,北海道,オホーツク総合振興局,網走郡,大空町,,13,1,011,網走東部,03,網走・湧別川,要現行資料照合,未確認,2010-02-01,https://www.e-stat.go.jp/SG1/estat/Pdfdl.do?sinfid=000012449985,2010-02-01,https://www.e-stat.go.jp/SG1/estat/Pdfdl.do?sinfid=000012449985,false
01571,北海道,胆振総合振興局,虻田郡,豊浦町,,11,44,002,後志胆振,06,渡島・尻別川,要現行資料照合,未確認,2010-02-01,https://www.e-stat.go.jp/SG1/estat/Pdfdl.do?sinfid=000012449985,2010-02-01,https://www.e-stat.go.jp/SG1/estat/Pdfdl.do?sinfid=000012449985,false
01575,北海道,胆振総合振興局,有珠郡,壮瞥町,,11,1,002,後志胆振,06,渡島・尻別川,要現行資料照合,未確認,2010-02-01,https://www.e-stat.go.jp/SG1/estat/Pdfdl.do?sinfid=000012449985,2010-02-01,https://www.e-stat.go.jp/SG1/estat/Pdfdl.do?sinfid=000012449985,false
01578,北海道,胆振総合振興局,白老郡,白老町,,12,8,003,胆振東部,05,沙流川,要現行資料照合,未確認,2010-02-01,https://www.e-stat.go.jp/SG1/estat/Pdfdl.do?sinfid=000012449985,2010-02-01,https://www.e-stat.go.jp/SG1/estat/Pdfdl.do?sinfid=000012449985,false
01581,北海道,胆振総合振興局,勇払郡,厚真町,,12,3,003,胆振東部,05,沙流川,要現行資料照合,未確認,2010-02-01,https://www.e-stat.go.jp/SG1/estat/Pdfdl.do?sinfid=000012449985,2010-02-01,https://www.e-stat.go.jp/SG1/estat/Pdfdl.do?sinfid=000012449985,false
01584,北海道,胆振総合振興局,虻田郡,洞爺湖町,,11,3,002,後志胆振,06,渡島・尻別川,要現行資料照合,未確認,2010-02-01,https://www.e-stat.go.jp/SG1/estat/Pdfdl.do?sinfid=000012449985,2010-02-01,https://www.e-stat.go.jp/SG1/estat/Pdfdl.do?sinfid=000012449985,false
01585,北海道,胆振総合振興局,勇払郡,安平町,,12,1,003,胆振東部,05,沙流川,要現行資料照合,未確認,2010-02-01,https://www.e-stat.go.jp/SG1/estat/Pdfdl.do?sinfid=000012449985,2010-02-01,https://www.e-stat.go.jp/SG1/estat/Pdfdl.do?sinfid=000012449985,false
01586,北海道,胆振総合振興局,勇払郡,むかわ町,,12,1,003,胆振東部,05,沙流川,要現行資料照合,未確認,2010-02-01,https://www.e-stat.go.jp/SG1/estat/Pdfdl.do?sinfid=000012449985,2010-02-01,https://www.e-stat.go.jp/SG1/estat/Pdfdl.do?sinfid=000012449985,false
01601,北海道,日高振興局,沙流郡,日高町,,12,4,004,日高,05,沙流川,要現行資料照合,未確認,2010-02-01,https://www.e-stat.go.jp/SG1/estat/Pdfdl.do?sinfid=000012449985,2010-02-01,https://www.e-stat.go.jp/SG1/estat/Pdfdl.do?sinfid=000012449985,false
01602,北海道,日高振興局,沙流郡,平取町,,12,1,004,日高,05,沙流川,要現行資料照合,未確認,2010-02-01,https://www.e-stat.go.jp/SG1/estat/Pdfdl.do?sinfid=000012449985,2010-02-01,https://www.e-stat.go.jp/SG1/estat/Pdfdl.do?sinfid=000012449985,false
01604,北海道,日高振興局,新冠郡,新冠町,,12,7,004,日高,05,沙流川,要現行資料照合,未確認,2010-02-01,https://www.e-stat.go.jp/SG1/estat/Pdfdl.do?sinfid=000012449985,2010-02-01,https://www.e-stat.go.jp/SG1/estat/Pdfdl.do?sinfid=000012449985,false
01607,北海道,日高振興局,浦河郡,浦河町,,12,3,004,日高,05,沙流川,要現行資料照合,未確認,2010-02-01,https://www.e-stat.go.jp/SG1/estat/Pdfdl.do?sinfid=000012449985,2010-02-01,https://www.e-stat.go.jp/SG1/estat/Pdfdl.do?sinfid=000012449985,false
01608,北海道,日高振興局,様似郡,様似町,,12,25,004,日高,05,沙流川,要現行資料照合,未確認,2010-02-01,https://www.e-stat.go.jp/SG1/estat/Pdfdl.do?sinfid=000012449985,2010-02-01,https://www.e-stat.go.jp/SG1/estat/Pdfdl.do?sinfid=000012449985,false
01609,北海道,日高振興局,幌泉郡,えりも町,,12,157,004,日高,05,沙流川,要現行資料照合,未確認,2010-02-01,https://www.e-stat.go.jp/SG1/estat/Pdfdl.do?sinfid=000012449985,2010-02-01,https://www.e-stat.go.jp/SG1/estat/Pdfdl.do?sinfid=000012449985,false
01610,北海道,日高振興局,日高郡,新ひだか町,,12,28,004,日高,05,沙流川,要現行資料照合,未確認,2010-02-01,https://www.e-stat.go.jp/SG1/estat/Pdfdl.do?sinfid=000012449985,2010-02-01,https://www.e-stat.go.jp/SG1/estat/Pdfdl.do?sinfid=000012449985,false
01631,北海道,十勝総合振興局,河東郡,音更町,,13,1,013,十勝,04,十勝・釧路川,要現行資料照合,未確認,2010-02-01,https://www.e-stat.go.jp/SG1/estat/Pdfdl.do?sinfid=000012449985,2010-02-01,https://www.e-stat.go.jp/SG1/estat/Pdfdl.do?sinfid=000012449985,false
01632,北海道,十勝総合振興局,河東郡,士幌町,,13,1,013,十勝,04,十勝・釧路川,要現行資料照合,未確認,2010-02-01,https://www.e-stat.go.jp/SG1/estat/Pdfdl.do?sinfid=000012449985,2010-02-01,https://www.e-stat.go.jp/SG1/estat/Pdfdl.do?sinfid=000012449985,false
01633,北海道,十勝総合振興局,河東郡,上士幌町,,13,1,013,十勝,04,十勝・釧路川,要現行資料照合,未確認,2010-02-01,https://www.e-stat.go.jp/SG1/estat/Pdfdl.do?sinfid=000012449985,2010-02-01,https://www.e-stat.go.jp/SG1/estat/Pdfdl.do?sinfid=000012449985,false
01634,北海道,十勝総合振興局,河東郡,鹿追町,,13,1,013,十勝,04,十勝・釧路川,要現行資料照合,未確認,2010-02-01,https://www.e-stat.go.jp/SG1/estat/Pdfdl.do?sinfid=000012449985,2010-02-01,https://www.e-stat.go.jp/SG1/estat/Pdfdl.do?sinfid=000012449985,false
01635,北海道,十勝総合振興局,上川郡,新得町,,13,1,013,十勝,04,十勝・釧路川,要現行資料照合,未確認,2010-02-01,https://www.e-stat.go.jp/SG1/estat/Pdfdl.do?sinfid=000012449985,2010-02-01,https://www.e-stat.go.jp/SG1/estat/Pdfdl.do?sinfid=000012449985,false
01636,北海道,十勝総合振興局,上川郡,清水町,,13,1,013,十勝,04,十勝・釧路川,要現行資料照合,未確認,2010-02-01,https://www.e-stat.go.jp/SG1/estat/Pdfdl.do?sinfid=000012449985,2010-02-01,https://www.e-stat.go.jp/SG1/estat/Pdfdl.do?sinfid=000012449985,false
01637,北海道,十勝総合振興局,河西郡,芽室町,,13,1,013,十勝,04,十勝・釧路川,要現行資料照合,未確認,2010-02-01,https://www.e-stat.go.jp/SG1/estat/Pdfdl.do?sinfid=000012449985,2010-02-01,https://www.e-stat.go.jp/SG1/estat/Pdfdl.do?sinfid=000012449985,false
01638,北海道,十勝総合振興局,河西郡,中札内村,,13,1,013,十勝,04,十勝・釧路川,要現行資料照合,未確認,2010-02-01,https://www.e-stat.go.jp/SG1/estat/Pdfdl.do?sinfid=000012449985,2010-02-01,https://www.e-stat.go.jp/SG1/estat/Pdfdl.do?sinfid=000012449985,false
01639,北海道,十勝総合振興局,河西郡,更別村,,13,1,013,十勝,04,十勝・釧路川,要現行資料照合,未確認,2010-02-01,https://www.e-stat.go.jp/SG1/estat/Pdfdl.do?sinfid=000012449985,2010-02-01,https://www.e-stat.go.jp/SG1/estat/Pdfdl.do?sinfid=000012449985,false
01641,北海道,十勝総合振興局,広尾郡,大樹町,,13,2,013,十勝,04,十勝・釧路川,要現行資料照合,未確認,2010-02-01,https://www.e-stat.go.jp/SG1/estat/Pdfdl.do?sinfid=000012449985,2010-02-01,https://www.e-stat.go.jp/SG1/estat/Pdfdl.do?sinfid=000012449985,false
01642,北海道,十勝総合振興局,広尾郡,広尾町,,13,128,013,十勝,04,十勝・釧路川,要現行資料照合,未確認,2010-02-01,https://www.e-stat.go.jp/SG1/estat/Pdfdl.do?sinfid=000012449985,2010-02-01,https://www.e-stat.go.jp/SG1/estat/Pdfdl.do?sinfid=000012449985,false
01643,北海道,十勝総合振興局,中川郡,幕別町,,13,1,013,十勝,04,十勝・釧路川,要現行資料照合,未確認,2010-02-01,https://www.e-stat.go.jp/SG1/estat/Pdfdl.do?sinfid=000012449985,2010-02-01,https://www.e-stat.go.jp/SG1/estat/Pdfdl.do?sinfid=000012449985,false
01644,北海道,十勝総合振興局,中川郡,池田町,,13,1,013,十勝,04,十勝・釧路川,要現行資料照合,未確認,2010-02-01,https://www.e-stat.go.jp/SG1/estat/Pdfdl.do?sinfid=000012449985,2010-02-01,https://www.e-stat.go.jp/SG1/estat/Pdfdl.do?sinfid=000012449985,false
01645,北海道,十勝総合振興局,中川郡,豊頃町,,13,1,013,十勝,04,十勝・釧路川,要現行資料照合,未確認,2010-02-01,https://www.e-stat.go.jp/SG1/estat/Pdfdl.do?sinfid=000012449985,2010-02-01,https://www.e-stat.go.jp/SG1/estat/Pdfdl.do?sinfid=000012449985,false
01646,北海道,十勝総合振興局,中川郡,本別町,,13,1,013,十勝,04,十勝・釧路川,要現行資料照合,未確認,2010-02-01,https://www.e-stat.go.jp/SG1/estat/Pdfdl.do?sinfid=000012449985,2010-02-01,https://www.e-stat.go.jp/SG1/estat/Pdfdl.do?sinfid=000012449985,false
01647,北海道,十勝総合振興局,足寄郡,足寄町,,13,1,013,十勝,04,十勝・釧路川,要現行資料照合,未確認,2010-02-01,https://www.e-stat.go.jp/SG1/estat/Pdfdl.do?sinfid=000012449985,2010-02-01,https://www.e-stat.go.jp/SG1/estat/Pdfdl.do?sinfid=000012449985,false
01648,北海道,十勝総合振興局,足寄郡,陸別町,,13,1,013,十勝,04,十勝・釧路川,要現行資料照合,未確認,2010-02-01,https://www.e-stat.go.jp/SG1/estat/Pdfdl.do?sinfid=000012449985,2010-02-01,https://www.e-stat.go.jp/SG1/estat/Pdfdl.do?sinfid=000012449985,false
01649,北海道,十勝総合振興局,十勝郡,浦幌町,,13,2,013,十勝,04,十勝・釧路川,要現行資料照合,未確認,2010-02-01,https://www.e-stat.go.jp/SG1/estat/Pdfdl.do?sinfid=000012449985,2010-02-01,https://www.e-stat.go.jp/SG1/estat/Pdfdl.do?sinfid=000012449985,false
01661,北海道,釧路総合振興局,釧路郡,釧路町,,13,8,012,釧路根室,04,十勝・釧路川,要現行資料照合,未確認,2010-02-01,https://www.e-stat.go.jp/SG1/estat/Pdfdl.do?sinfid=000012449985,2010-02-01,https://www.e-stat.go.jp/SG1/estat/Pdfdl.do?sinfid=000012449985,false
01662,北海道,釧路総合振興局,厚岸郡,厚岸町,,13,38,012,釧路根室,04,十勝・釧路川,要現行資料照合,未確認,2010-02-01,https://www.e-stat.go.jp/SG1/estat/Pdfdl.do?sinfid=000012449985,2010-02-01,https://www.e-stat.go.jp/SG1/estat/Pdfdl.do?sinfid=000012449985,false
01663,北海道,釧路総合振興局,厚岸郡,浜中町,,13,135,012,釧路根室,04,十勝・釧路川,要現行資料照合,未確認,2010-02-01,https://www.e-stat.go.jp/SG1/estat/Pdfdl.do?sinfid=000012449985,2010-02-01,https://www.e-stat.go.jp/SG1/estat/Pdfdl.do?sinfid=000012449985,false
01664,北海道,釧路総合振興局,川上郡,標茶町,,13,1,012,釧路根室,04,十勝・釧路川,要現行資料照合,未確認,2010-02-01,https://www.e-stat.go.jp/SG1/estat/Pdfdl.do?sinfid=000012449985,2010-02-01,https://www.e-stat.go.jp/SG1/estat/Pdfdl.do?sinfid=000012449985,false
01665,北海道,釧路総合振興局,川上郡,弟子屈町,,13,1,012,釧路根室,04,十勝・釧路川,要現行資料照合,未確認,2010-02-01,https://www.e-stat.go.jp/SG1/estat/Pdfdl.do?sinfid=000012449985,2010-02-01,https://www.e-stat.go.jp/SG1/estat/Pdfdl.do?sinfid=000012449985,false
01667,北海道,釧路総合振興局,阿寒郡,鶴居村,,13,1,012,釧路根室,04,十勝・釧路川,要現行資料照合,未確認,2010-02-01,https://www.e-stat.go.jp/SG1/estat/Pdfdl.do?sinfid=000012449985,2010-02-01,https://www.e-stat.go.jp/SG1/estat/Pdfdl.do?sinfid=000012449985,false
01668,北海道,釧路総合振興局,白糠郡,白糠町,,13,4,012,釧路根室,04,十勝・釧路川,要現行資料照合,未確認,2010-02-01,https://www.e-stat.go.jp/SG1/estat/Pdfdl.do?sinfid=000012449985,2010-02-01,https://www.e-stat.go.jp/SG1/estat/Pdfdl.do?sinfid=000012449985,false
01691,北海道,根室振興局,野付郡,別海町,,13,19,012,釧路根室,04,十勝・釧路川,要現行資料照合,未確認,2010-02-01,https://www.e-stat.go.jp/SG1/estat/Pdfdl.do?sinfid=000012449985,2010-02-01,https://www.e-stat.go.jp/SG1/estat/Pdfdl.do?sinfid=000012449985,false
01692,北海道,根室振興局,標津郡,中標津町,,13,1,012,釧路根室,04,十勝・釧路川,要現行資料照合,未確認,2010-02-01,https://www.e-stat.go.jp/SG1/estat/Pdfdl.do?sinfid=000012449985,2010-02-01,https://www.e-stat.go.jp/SG1/estat/Pdfdl.do?sinfid=000012449985,false
01693,北海道,根室振興局,標津郡,標津町,,13,1,012,釧路根室,04,十勝・釧路川,要現行資料照合,未確認,2010-02-01,https://www.e-stat.go.jp/SG1/estat/Pdfdl.do?sinfid=000012449985,2010-02-01,https://www.e-stat.go.jp/SG1/estat/Pdfdl.do?sinfid=000012449985,false
01694,北海道,根室振興局,目梨郡,羅臼町,,13,192,012,釧路根室,04,十勝・釧路川,要現行資料照合,未確認,2010-02-01,https://www.e-stat.go.jp/SG1/estat/Pdfdl.do?sinfid=000012449985,2010-02-01,https://www.e-stat.go.jp/SG1/estat/Pdfdl.do?sinfid=000012449985,false
01695,北海道,根室振興局,色丹郡,色丹村,,13,64,012,釧路根室,04,十勝・釧路川,要現行資料照合,未確認,2010-02-01,https://www.e-stat.go.jp/SG1/estat/Pdfdl.do?sinfid=000012449985,2010-02-01,https://www.e-stat.go.jp/SG1/estat/Pdfdl.do?sinfid=000012449985,false
01696,北海道,根室振興局,国後郡,泊村,,13,74,012,釧路根室,04,十勝・釧路川,要現行資料照合,未確認,2010-02-01,https://www.e-stat.go.jp/SG1/estat/Pdfdl.do?sinfid=000012449985,2010-02-01,https://www.e-stat.go.jp/SG1/estat/Pdfdl.do?sinfid=000012449985,false
01697,北海道,根室振興局,国後郡,留夜別村,,13,56,012,釧路根室,04,十勝・釧路川,要現行資料照合,未確認,2010-02-01,https://www.e-stat.go.jp/SG1/estat/Pdfdl.do?sinfid=000012449985,2010-02-01,https://www.e-stat.go.jp/SG1/estat/Pdfdl.do?sinfid=000012449985,false
01698,北海道,根室振興局,択捉郡,留別村,,13,89,012,釧路根室,04,十勝・釧路川,要現行資料照合,未確認,2010-02-01,https://www.e-stat.go.jp/SG1/estat/Pdfdl.do?sinfid=000012449985,2010-02-01,https://www.e-stat.go.jp/SG1/estat/Pdfdl.do?sinfid=000012449985,false
01699,北海道,根室振興局,紗那郡,紗那村,,13,121,,,,,未対応・要調査,未確認,2010-02-01,https://www.e-stat.go.jp/SG1/estat/Pdfdl.do?sinfid=000012449985,2010-02-01,https://www.e-stat.go.jp/SG1/estat/Pdfdl.do?sinfid=000012449985,false
01700,北海道,根室振興局,蘂取郡,蘂取村,,13,322,012,釧路根室,04,十勝・釧路川,要現行資料照合,未確認,2010-02-01,https://www.e-stat.go.jp/SG1/estat/Pdfdl.do?sinfid=000012449985,2010-02-01,https://www.e-stat.go.jp/SG1/estat/Pdfdl.do?sinfid=000012449985,false
02201,青森県,,,青森市,,10,13,015,東青,07,岩木川,要現行資料照合,未確認,2010-02-01,https://www.e-stat.go.jp/SG1/estat/Pdfdl.do?sinfid=000012449985,2010-02-01,https://www.e-stat.go.jp/SG1/estat/Pdfdl.do?sinfid=000012449985,false
02202,青森県,,,弘前市,,10,1,014,津軽,07,岩木川,要現行資料照合,未確認,2010-02-01,https://www.e-stat.go.jp/SG1/estat/Pdfdl.do?sinfid=000012449985,2010-02-01,https://www.e-stat.go.jp/SG1/estat/Pdfdl.do?sinfid=000012449985,false
02203,青森県,,,八戸市,,10,263,017,三八上北,08,馬淵川,要現行資料照合,未確認,2010-02-01,https://www.e-stat.go.jp/SG1/estat/Pdfdl.do?sinfid=000012449985,2010-02-01,https://www.e-stat.go.jp/SG1/estat/Pdfdl.do?sinfid=000012449985,false
02204,青森県,,,黒石市,,10,1,014,津軽,07,岩木川,要現行資料照合,未確認,2010-02-01,https://www.e-stat.go.jp/SG1/estat/Pdfdl.do?sinfid=000012449985,2010-02-01,https://www.e-stat.go.jp/SG1/estat/Pdfdl.do?sinfid=000012449985,false
02205,青森県,,,五所川原市,,10,34,014,津軽,07,岩木川,要現行資料照合,未確認,2010-02-01,https://www.e-stat.go.jp/SG1/estat/Pdfdl.do?sinfid=000012449985,2010-02-01,https://www.e-stat.go.jp/SG1/estat/Pdfdl.do?sinfid=000012449985,false
02206,青森県,,,十和田市,,10,1,017,三八上北,08,馬淵川,要現行資料照合,未確認,2010-02-01,https://www.e-stat.go.jp/SG1/estat/Pdfdl.do?sinfid=000012449985,2010-02-01,https://www.e-stat.go.jp/SG1/estat/Pdfdl.do?sinfid=000012449985,false
02207,青森県,,,三沢市,,10,2,017,三八上北,08,馬淵川,要現行資料照合,未確認,2010-02-01,https://www.e-stat.go.jp/SG1/estat/Pdfdl.do?sinfid=000012449985,2010-02-01,https://www.e-stat.go.jp/SG1/estat/Pdfdl.do?sinfid=000012449985,false
02208,青森県,,,むつ市,,10,107,016,下北,08,馬淵川,要現行資料照合,未確認,2010-02-01,https://www.e-stat.go.jp/SG1/estat/Pdfdl.do?sinfid=000012449985,2010-02-01,https://www.e-stat.go.jp/SG1/estat/Pdfdl.do?sinfid=000012449985,false
02209,青森県,,,つがる市,,10,2,014,津軽,07,岩木川,要現行資料照合,未確認,2010-02-01,https://www.e-stat.go.jp/SG1/estat/Pdfdl.do?sinfid=000012449985,2010-02-01,https://www.e-stat.go.jp/SG1/estat/Pdfdl.do?sinfid=000012449985,false
02210,青森県,,,平川市,,10,1,014,津軽,07,岩木川,要現行資料照合,未確認,2010-02-01,https://www.e-stat.go.jp/SG1/estat/Pdfdl.do?sinfid=000012449985,2010-02-01,https://www.e-stat.go.jp/SG1/estat/Pdfdl.do?sinfid=000012449985,false
02301,青森県,,東津軽郡,平内町,,10,16,015,東青,07,岩木川,要現行資料照合,未確認,2010-02-01,https://www.e-stat.go.jp/SG1/estat/Pdfdl.do?sinfid=000012449985,2010-02-01,https://www.e-stat.go.jp/SG1/estat/Pdfdl.do?sinfid=000012449985,false
02303,青森県,,東津軽郡,今別町,,10,31,015,東青,07,岩木川,要現行資料照合,未確認,2010-02-01,https://www.e-stat.go.jp/SG1/estat/Pdfdl.do?sinfid=000012449985,2010-02-01,https://www.e-stat.go.jp/SG1/estat/Pdfdl.do?sinfid=000012449985,false
02304,青森県,,東津軽郡,蓬田村,,10,1,015,東青,07,岩木川,要現行資料照合,未確認,2010-02-01,https://www.e-stat.go.jp/SG1/estat/Pdfdl.do?sinfid=000012449985,2010-02-01,https://www.e-stat.go.jp/SG1/estat/Pdfdl.do?sinfid=000012449985,false
02307,青森県,,東津軽郡,外ヶ浜町,,10,213,015,東青,07,岩木川,要現行資料照合,未確認,2010-02-01,https://www.e-stat.go.jp/SG1/estat/Pdfdl.do?sinfid=000012449985,2010-02-01,https://www.e-stat.go.jp/SG1/estat/Pdfdl.do?sinfid=000012449985,false
02321,青森県,,西津軽郡,鰺ヶ沢町,,10,1,014,津軽,07,岩木川,要現行資料照合,未確認,2010-02-01,https://www.e-stat.go.jp/SG1/estat/Pdfdl.do?sinfid=000012449985,2010-02-01,https://www.e-stat.go.jp/SG1/estat/Pdfdl.do?sinfid=000012449985,false
02323,青森県,,西津軽郡,深浦町,,10,741,014,津軽,07,岩木川,要現行資料照合,未確認,2010-02-01,https://www.e-stat.go.jp/SG1/estat/Pdfdl.do?sinfid=000012449985,2010-02-01,https://www.e-stat.go.jp/SG1/estat/Pdfdl.do?sinfid=000012449985,false
02343,青森県,,中津軽郡,西目屋村,,10,1,014,津軽,07,岩木川,要現行資料照合,未確認,2010-02-01,https://www.e-stat.go.jp/SG1/estat/Pdfdl.do?sinfid=000012449985,2010-02-01,https://www.e-stat.go.jp/SG1/estat/Pdfdl.do?sinfid=000012449985,false
02361,青森県,,南津軽郡,藤崎町,,10,1,014,津軽,07,岩木川,要現行資料照合,未確認,2010-02-01,https://www.e-stat.go.jp/SG1/estat/Pdfdl.do?sinfid=000012449985,2010-02-01,https://www.e-stat.go.jp/SG1/estat/Pdfdl.do?sinfid=000012449985,false
02362,青森県,,南津軽郡,大鰐町,,10,1,014,津軽,07,岩木川,要現行資料照合,未確認,2010-02-01,https://www.e-stat.go.jp/SG1/estat/Pdfdl.do?sinfid=000012449985,2010-02-01,https://www.e-stat.go.jp/SG1/estat/Pdfdl.do?sinfid=000012449985,false
02367,青森県,,南津軽郡,田舎館村,,10,1,014,津軽,07,岩木川,要現行資料照合,未確認,2010-02-01,https://www.e-stat.go.jp/SG1/estat/Pdfdl.do?sinfid=000012449985,2010-02-01,https://www.e-stat.go.jp/SG1/estat/Pdfdl.do?sinfid=000012449985,false
02381,青森県,,北津軽郡,板柳町,,10,1,014,津軽,07,岩木川,要現行資料照合,未確認,2010-02-01,https://www.e-stat.go.jp/SG1/estat/Pdfdl.do?sinfid=000012449985,2010-02-01,https://www.e-stat.go.jp/SG1/estat/Pdfdl.do?sinfid=000012449985,false
02384,青森県,,北津軽郡,鶴田町,,10,1,014,津軽,07,岩木川,要現行資料照合,未確認,2010-02-01,https://www.e-stat.go.jp/SG1/estat/Pdfdl.do?sinfid=000012449985,2010-02-01,https://www.e-stat.go.jp/SG1/estat/Pdfdl.do?sinfid=000012449985,false
02387,青森県,,北津軽郡,中泊町,,10,168,014,津軽,07,岩木川,要現行資料照合,未確認,2010-02-01,https://www.e-stat.go.jp/SG1/estat/Pdfdl.do?sinfid=000012449985,2010-02-01,https://www.e-stat.go.jp/SG1/estat/Pdfdl.do?sinfid=000012449985,false
02401,青森県,,上北郡,野辺地町,,10,2,017,三八上北,08,馬淵川,要現行資料照合,未確認,2010-02-01,https://www.e-stat.go.jp/SG1/estat/Pdfdl.do?sinfid=000012449985,2010-02-01,https://www.e-stat.go.jp/SG1/estat/Pdfdl.do?sinfid=000012449985,false
02402,青森県,,上北郡,七戸町,,10,1,017,三八上北,08,馬淵川,要現行資料照合,未確認,2010-02-01,https://www.e-stat.go.jp/SG1/estat/Pdfdl.do?sinfid=000012449985,2010-02-01,https://www.e-stat.go.jp/SG1/estat/Pdfdl.do?sinfid=000012449985,false
02405,青森県,,上北郡,六戸町,,10,1,017,三八上北,08,馬淵川,要現行資料照合,未確認,2010-02-01,https://www.e-stat.go.jp/SG1/estat/Pdfdl.do?sinfid=000012449985,2010-02-01,https://www.e-stat.go.jp/SG1/estat/Pdfdl.do?sinfid=000012449985,false
02406,青森県,,上北郡,横浜町,,10,2,017,三八上北,08,馬淵川,要現行資料照合,未確認,2010-02-01,https://www.e-stat.go.jp/SG1/estat/Pdfdl.do?sinfid=000012449985,2010-02-01,https://www.e-stat.go.jp/SG1/estat/Pdfdl.do?sinfid=000012449985,false
02408,青森県,,上北郡,東北町,,10,2,017,三八上北,08,馬淵川,要現行資料照合,未確認,2010-02-01,https://www.e-stat.go.jp/SG1/estat/Pdfdl.do?sinfid=000012449985,2010-02-01,https://www.e-stat.go.jp/SG1/estat/Pdfdl.do?sinfid=000012449985,false
02411,青森県,,上北郡,六ヶ所村,,10,17,017,三八上北,08,馬淵川,要現行資料照合,未確認,2010-02-01,https://www.e-stat.go.jp/SG1/estat/Pdfdl.do?sinfid=000012449985,2010-02-01,https://www.e-stat.go.jp/SG1/estat/Pdfdl.do?sinfid=000012449985,false
02412,青森県,,上北郡,おいらせ町,,10,1,017,三八上北,08,馬淵川,要現行資料照合,未確認,2010-02-01,https://www.e-stat.go.jp/SG1/estat/Pdfdl.do?sinfid=000012449985,2010-02-01,https://www.e-stat.go.jp/SG1/estat/Pdfdl.do?sinfid=000012449985,false
02423,青森県,,下北郡,大間町,,10,25,016,下北,08,馬淵川,要現行資料照合,未確認,2010-02-01,https://www.e-stat.go.jp/SG1/estat/Pdfdl.do?sinfid=000012449985,2010-02-01,https://www.e-stat.go.jp/SG1/estat/Pdfdl.do?sinfid=000012449985,false
02424,青森県,,下北郡,東通村,,10,180,016,下北,08,馬淵川,要現行資料照合,未確認,2010-02-01,https://www.e-stat.go.jp/SG1/estat/Pdfdl.do?sinfid=000012449985,2010-02-01,https://www.e-stat.go.jp/SG1/estat/Pdfdl.do?sinfid=000012449985,false
02425,青森県,,下北郡,風間浦村,,10,128,016,下北,08,馬淵川,要現行資料照合,未確認,2010-02-01,https://www.e-stat.go.jp/SG1/estat/Pdfdl.do?sinfid=000012449985,2010-02-01,https://www.e-stat.go.jp/SG1/estat/Pdfdl.do?sinfid=000012449985,false
02426,青森県,,下北郡,佐井村,,10,278,016,下北,08,馬淵川,要現行資料照合,未確認,2010-02-01,https://www.e-stat.go.jp/SG1/estat/Pdfdl.do?sinfid=000012449985,2010-02-01,https://www.e-stat.go.jp/SG1/estat/Pdfdl.do?sinfid=000012449985,false
02441,青森県,,三戸郡,三戸町,,10,1,017,三八上北,08,馬淵川,要現行資料照合,未確認,2010-02-01,https://www.e-stat.go.jp/SG1/estat/Pdfdl.do?sinfid=000012449985,2010-02-01,https://www.e-stat.go.jp/SG1/estat/Pdfdl.do?sinfid=000012449985,false
02442,青森県,,三戸郡,五戸町,,10,1,017,三八上北,08,馬淵川,要現行資料照合,未確認,2010-02-01,https://www.e-stat.go.jp/SG1/estat/Pdfdl.do?sinfid=000012449985,2010-02-01,https://www.e-stat.go.jp/SG1/estat/Pdfdl.do?sinfid=000012449985,false
02443,青森県,,三戸郡,田子町,,10,1,017,三八上北,08,馬淵川,要現行資料照合,未確認,2010-02-01,https://www.e-stat.go.jp/SG1/estat/Pdfdl.do?sinfid=000012449985,2010-02-01,https://www.e-stat.go.jp/SG1/estat/Pdfdl.do?sinfid=000012449985,false
02445,青森県,,三戸郡,南部町,,10,1,017,三八上北,08,馬淵川,要現行資料照合,未確認,2010-02-01,https://www.e-stat.go.jp/SG1/estat/Pdfdl.do?sinfid=000012449985,2010-02-01,https://www.e-stat.go.jp/SG1/estat/Pdfdl.do?sinfid=000012449985,false
02446,青森県,,三戸郡,階上町,,10,59,017,三八上北,08,馬淵川,要現行資料照合,未確認,2010-02-01,https://www.e-stat.go.jp/SG1/estat/Pdfdl.do?sinfid=000012449985,2010-02-01,https://www.e-stat.go.jp/SG1/estat/Pdfdl.do?sinfid=000012449985,false
02450,青森県,,三戸郡,新郷村,,10,1,017,三八上北,08,馬淵川,要現行資料照合,未確認,2010-02-01,https://www.e-stat.go.jp/SG1/estat/Pdfdl.do?sinfid=000012449985,2010-02-01,https://www.e-stat.go.jp/SG1/estat/Pdfdl.do?sinfid=000012449985,false
03201,岩手県,,,盛岡市,,10,1,021,北上川上流,10,北上川,要現行資料照合,未確認,2010-02-01,https://www.e-stat.go.jp/SG1/estat/Pdfdl.do?sinfid=000012449985,2010-02-01,https://www.e-stat.go.jp/SG1/estat/Pdfdl.do?sinfid=000012449985,false
03202,岩手県,,,宮古市,,10,1823,019,久慈・閉伊川,09,閉伊川,要現行資料照合,未確認,2010-02-01,https://www.e-stat.go.jp/SG1/estat/Pdfdl.do?sinfid=000012449985,2010-02-01,https://www.e-stat.go.jp/SG1/estat/Pdfdl.do?sinfid=000012449985,false
03203,岩手県,,,大船渡市,,10,1773,020,大槌・気仙川,09,閉伊川,要現行資料照合,未確認,2010-02-01,https://www.e-stat.go.jp/SG1/estat/Pdfdl.do?sinfid=000012449985,2010-02-01,https://www.e-stat.go.jp/SG1/estat/Pdfdl.do?sinfid=000012449985,false
03205,岩手県,,,花巻市,,10,1,022,北上川中流,10,北上川,要現行資料照合,未確認,2010-02-01,https://www.e-stat.go.jp/SG1/estat/Pdfdl.do?sinfid=000012449985,2010-02-01,https://www.e-stat.go.jp/SG1/estat/Pdfdl.do?sinfid=000012449985,false
03206,岩手県,,,北上市,,10,1,022,北上川中流,10,北上川,要現行資料照合,未確認,2010-02-01,https://www.e-stat.go.jp/SG1/estat/Pdfdl.do?sinfid=000012449985,2010-02-01,https://www.e-stat.go.jp/SG1/estat/Pdfdl.do?sinfid=000012449985,false
03207,岩手県,,,久慈市,,10,803,019,久慈・閉伊川,09,閉伊川,要現行資料照合,未確認,2010-02-01,https://www.e-stat.go.jp/SG1/estat/Pdfdl.do?sinfid=000012449985,2010-02-01,https://www.e-stat.go.jp/SG1/estat/Pdfdl.do?sinfid=000012449985,false
03208,岩手県,,,遠野市,,10,1,022,北上川中流,10,北上川,要現行資料照合,未確認,2010-02-01,https://www.e-stat.go.jp/SG1/estat/Pdfdl.do?sinfid=000012449985,2010-02-01,https://www.e-stat.go.jp/SG1/estat/Pdfdl.do?sinfid=000012449985,false
03209,岩手県,,,一関市,,10,1,022,北上川中流,10,北上川,要現行資料照合,未確認,2010-02-01,https://www.e-stat.go.jp/SG1/estat/Pdfdl.do?sinfid=000012449985,2010-02-01,https://www.e-stat.go.jp/SG1/estat/Pdfdl.do?sinfid=000012449985,false
03210,岩手県,,,陸前高田市,,10,353,020,大槌・気仙川,09,閉伊川,要現行資料照合,未確認,2010-02-01,https://www.e-stat.go.jp/SG1/estat/Pdfdl.do?sinfid=000012449985,2010-02-01,https://www.e-stat.go.jp/SG1/estat/Pdfdl.do?sinfid=000012449985,false
03211,岩手県,,,釜石市,,10,1229,020,大槌・気仙川,09,閉伊川,要現行資料照合,未確認,2010-02-01,https://www.e-stat.go.jp/SG1/estat/Pdfdl.do?sinfid=000012449985,2010-02-01,https://www.e-stat.go.jp/SG1/estat/Pdfdl.do?sinfid=000012449985,false
03213,岩手県,,,二戸市,,10,1,018,馬淵川上流,08,馬淵川,要現行資料照合,未確認,2010-02-01,https://www.e-stat.go.jp/SG1/estat/Pdfdl.do?sinfid=000012449985,2010-02-01,https://www.e-stat.go.jp/SG1/estat/Pdfdl.do?sinfid=000012449985,false
03214,岩手県,,,八幡平市,,10,1,018,馬淵川上流,08,馬淵川,要現行資料照合,未確認,2010-02-01,https://www.e-stat.go.jp/SG1/estat/Pdfdl.do?sinfid=000012449985,2010-02-01,https://www.e-stat.go.jp/SG1/estat/Pdfdl.do?sinfid=000012449985,false
03215,岩手県,,,奥州市,,10,1,022,北上川中流,10,北上川,要現行資料照合,未確認,2010-02-01,https://www.e-stat.go.jp/SG1/estat/Pdfdl.do?sinfid=000012449985,2010-02-01,https://www.e-stat.go.jp/SG1/estat/Pdfdl.do?sinfid=000012449985,false
03216,岩手県,,,滝沢市,,10,1,,,,,未対応・要調査,未確認,2010-02-01,https://www.e-stat.go.jp/SG1/estat/Pdfdl.do?sinfid=000012449985,2010-02-01,https://www.e-stat.go.jp/SG1/estat/Pdfdl.do?sinfid=000012449985,false
03301,岩手県,,岩手郡,雫石町,,10,1,021,北上川上流,10,北上川,要現行資料照合,未確認,2010-02-01,https://www.e-stat.go.jp/SG1/estat/Pdfdl.do?sinfid=000012449985,2010-02-01,https://www.e-stat.go.jp/SG1/estat/Pdfdl.do?sinfid=000012449985,false
03302,岩手県,,岩手郡,葛巻町,,10,1,018,馬淵川上流,08,馬淵川,要現行資料照合,未確認,2010-02-01,https://www.e-stat.go.jp/SG1/estat/Pdfdl.do?sinfid=000012449985,2010-02-01,https://www.e-stat.go.jp/SG1/estat/Pdfdl.do?sinfid=000012449985,false
03303,岩手県,,岩手郡,岩手町,,10,1,021,北上川上流,10,北上川,要現行資料照合,未確認,2010-02-01,https://www.e-stat.go.jp/SG1/estat/Pdfdl.do?sinfid=000012449985,2010-02-01,https://www.e-stat.go.jp/SG1/estat/Pdfdl.do?sinfid=000012449985,false
03321,岩手県,,紫波郡,紫波町,,10,1,021,北上川上流,10,北上川,要現行資料照合,未確認,2010-02-01,https://www.e-stat.go.jp/SG1/estat/Pdfdl.do?sinfid=000012449985,2010-02-01,https://www.e-stat.go.jp/SG1/estat/Pdfdl.do?sinfid=000012449985,false
03322,岩手県,,紫波郡,矢巾町,,10,1,021,北上川上流,10,北上川,要現行資料照合,未確認,2010-02-01,https://www.e-stat.go.jp/SG1/estat/Pdfdl.do?sinfid=000012449985,2010-02-01,https://www.e-stat.go.jp/SG1/estat/Pdfdl.do?sinfid=000012449985,false
03366,岩手県,,和賀郡,西和賀町,,10,1,022,北上川中流,10,北上川,要現行資料照合,未確認,2010-02-01,https://www.e-stat.go.jp/SG1/estat/Pdfdl.do?sinfid=000012449985,2010-02-01,https://www.e-stat.go.jp/SG1/estat/Pdfdl.do?sinfid=000012449985,false
03381,岩手県,,胆沢郡,金ケ崎町,,10,1,022,北上川中流,10,北上川,要現行資料照合,未確認,2010-02-01,https://www.e-stat.go.jp/SG1/estat/Pdfdl.do?sinfid=000012449985,2010-02-01,https://www.e-stat.go.jp/SG1/estat/Pdfdl.do?sinfid=000012449985,false
03402,岩手県,,西磐井郡,平泉町,,10,1,022,北上川中流,10,北上川,要現行資料照合,未確認,2010-02-01,https://www.e-stat.go.jp/SG1/estat/Pdfdl.do?sinfid=000012449985,2010-02-01,https://www.e-stat.go.jp/SG1/estat/Pdfdl.do?sinfid=000012449985,false
03441,岩手県,,気仙郡,住田町,,10,1,020,大槌・気仙川,09,閉伊川,要現行資料照合,未確認,2010-02-01,https://www.e-stat.go.jp/SG1/estat/Pdfdl.do?sinfid=000012449985,2010-02-01,https://www.e-stat.go.jp/SG1/estat/Pdfdl.do?sinfid=000012449985,false
03461,岩手県,,上閉伊郡,大槌町,,10,154,020,大槌・気仙川,09,閉伊川,要現行資料照合,未確認,2010-02-01,https://www.e-stat.go.jp/SG1/estat/Pdfdl.do?sinfid=000012449985,2010-02-01,https://www.e-stat.go.jp/SG1/estat/Pdfdl.do?sinfid=000012449985,false
03482,岩手県,,下閉伊郡,山田町,,10,623,019,久慈・閉伊川,09,閉伊川,要現行資料照合,未確認,2010-02-01,https://www.e-stat.go.jp/SG1/estat/Pdfdl.do?sinfid=000012449985,2010-02-01,https://www.e-stat.go.jp/SG1/estat/Pdfdl.do?sinfid=000012449985,false
03483,岩手県,,下閉伊郡,岩泉町,,10,235,019,久慈・閉伊川,09,閉伊川,要現行資料照合,未確認,2010-02-01,https://www.e-stat.go.jp/SG1/estat/Pdfdl.do?sinfid=000012449985,2010-02-01,https://www.e-stat.go.jp/SG1/estat/Pdfdl.do?sinfid=000012449985,false
03484,岩手県,,下閉伊郡,田野畑村,,10,511,019,久慈・閉伊川,09,閉伊川,要現行資料照合,未確認,2010-02-01,https://www.e-stat.go.jp/SG1/estat/Pdfdl.do?sinfid=000012449985,2010-02-01,https://www.e-stat.go.jp/SG1/estat/Pdfdl.do?sinfid=000012449985,false
03485,岩手県,,下閉伊郡,普代村,,10,302,019,久慈・閉伊川,09,閉伊川,要現行資料照合,未確認,2010-02-01,https://www.e-stat.go.jp/SG1/estat/Pdfdl.do?sinfid=000012449985,2010-02-01,https://www.e-stat.go.jp/SG1/estat/Pdfdl.do?sinfid=000012449985,false
03501,岩手県,,九戸郡,軽米町,,10,1,018,馬淵川上流,08,馬淵川,要現行資料照合,未確認,2010-02-01,https://www.e-stat.go.jp/SG1/estat/Pdfdl.do?sinfid=000012449985,2010-02-01,https://www.e-stat.go.jp/SG1/estat/Pdfdl.do?sinfid=000012449985,false
03503,岩手県,,九戸郡,野田村,,10,80,019,久慈・閉伊川,09,閉伊川,要現行資料照合,未確認,2010-02-01,https://www.e-stat.go.jp/SG1/estat/Pdfdl.do?sinfid=000012449985,2010-02-01,https://www.e-stat.go.jp/SG1/estat/Pdfdl.do?sinfid=000012449985,false
03506,岩手県,,九戸郡,九戸村,,10,1,018,馬淵川上流,08,馬淵川,要現行資料照合,未確認,2010-02-01,https://www.e-stat.go.jp/SG1/estat/Pdfdl.do?sinfid=000012449985,2010-02-01,https://www.e-stat.go.jp/SG1/estat/Pdfdl.do?sinfid=000012449985,false
03507,岩手県,,九戸郡,洋野町,,10,317,019,久慈・閉伊川,09,閉伊川,要現行資料照合,未確認,2010-02-01,https://www.e-stat.go.jp/SG1/estat/Pdfdl.do?sinfid=000012449985,2010-02-01,https://www.e-stat.go.jp/SG1/estat/Pdfdl.do?sinfid=000012449985,false
03524,岩手県,,二戸郡,一戸町,,10,1,018,馬淵川上流,08,馬淵川,要現行資料照合,未確認,2010-02-01,https://www.e-stat.go.jp/SG1/estat/Pdfdl.do?sinfid=000012449985,2010-02-01,https://www.e-stat.go.jp/SG1/estat/Pdfdl.do?sinfid=000012449985,false
04101,宮城県,,,仙台市,青葉区,10,1,024,宮城南部,13,阿武隈川,所属計画区を県資料で照合・境界未確認,未確認,2026-04-01,https://www.pref.miyagi.jp/soshiki/ringyo-sk/chiikishinrinkeikaku.html,2010-02-01,https://www.e-stat.go.jp/SG1/estat/Pdfdl.do?sinfid=000012449985,false
04102,宮城県,,,仙台市,宮城野区,10,5,024,宮城南部,13,阿武隈川,所属計画区を県資料で照合・境界未確認,未確認,2026-04-01,https://www.pref.miyagi.jp/soshiki/ringyo-sk/chiikishinrinkeikaku.html,2010-02-01,https://www.e-stat.go.jp/SG1/estat/Pdfdl.do?sinfid=000012449985,false
04103,宮城県,,,仙台市,若林区,10,1,024,宮城南部,13,阿武隈川,所属計画区を県資料で照合・境界未確認,未確認,2026-04-01,https://www.pref.miyagi.jp/soshiki/ringyo-sk/chiikishinrinkeikaku.html,2010-02-01,https://www.e-stat.go.jp/SG1/estat/Pdfdl.do?sinfid=000012449985,false
04104,宮城県,,,仙台市,太白区,10,1,024,宮城南部,13,阿武隈川,所属計画区を県資料で照合・境界未確認,未確認,2026-04-01,https://www.pref.miyagi.jp/soshiki/ringyo-sk/chiikishinrinkeikaku.html,2010-02-01,https://www.e-stat.go.jp/SG1/estat/Pdfdl.do?sinfid=000012449985,false
04105,宮城県,,,仙台市,泉区,10,1,024,宮城南部,13,阿武隈川,所属計画区を県資料で照合・境界未確認,未確認,2026-04-01,https://www.pref.miyagi.jp/soshiki/ringyo-sk/chiikishinrinkeikaku.html,2010-02-01,https://www.e-stat.go.jp/SG1/estat/Pdfdl.do?sinfid=000012449985,false
04202,宮城県,,,石巻市,,10,3293,023,宮城北部,10,北上川,所属計画区を県資料で照合・境界未確認,未確認,2026-04-01,https://www.pref.miyagi.jp/soshiki/ringyo-sk/chiikishinrinkeikaku.html,2010-02-01,https://www.e-stat.go.jp/SG1/estat/Pdfdl.do?sinfid=000012449985,false
04203,宮城県,,,塩竈市,,10,261,024,宮城南部,13,阿武隈川,所属計画区を県資料で照合・境界未確認,未確認,2026-04-01,https://www.pref.miyagi.jp/soshiki/ringyo-sk/chiikishinrinkeikaku.html,2010-02-01,https://www.e-stat.go.jp/SG1/estat/Pdfdl.do?sinfid=000012449985,false
04205,宮城県,,,気仙沼市,,10,1303,023,宮城北部,10,北上川,所属計画区を県資料で照合・境界未確認,未確認,2026-04-01,https://www.pref.miyagi.jp/soshiki/ringyo-sk/chiikishinrinkeikaku.html,2010-02-01,https://www.e-stat.go.jp/SG1/estat/Pdfdl.do?sinfid=000012449985,false
04206,宮城県,,,白石市,,10,1,024,宮城南部,13,阿武隈川,所属計画区を県資料で照合・境界未確認,未確認,2026-04-01,https://www.pref.miyagi.jp/soshiki/ringyo-sk/chiikishinrinkeikaku.html,2010-02-01,https://www.e-stat.go.jp/SG1/estat/Pdfdl.do?sinfid=000012449985,false
04207,宮城県,,,名取市,,10,1,024,宮城南部,13,阿武隈川,所属計画区を県資料で照合・境界未確認,未確認,2026-04-01,https://www.pref.miyagi.jp/soshiki/ringyo-sk/chiikishinrinkeikaku.html,2010-02-01,https://www.e-stat.go.jp/SG1/estat/Pdfdl.do?sinfid=000012449985,false
04208,宮城県,,,角田市,,10,1,024,宮城南部,13,阿武隈川,所属計画区を県資料で照合・境界未確認,未確認,2026-04-01,https://www.pref.miyagi.jp/soshiki/ringyo-sk/chiikishinrinkeikaku.html,2010-02-01,https://www.e-stat.go.jp/SG1/estat/Pdfdl.do?sinfid=000012449985,false
04209,宮城県,,,多賀城市,,10,1,024,宮城南部,13,阿武隈川,所属計画区を県資料で照合・境界未確認,未確認,2026-04-01,https://www.pref.miyagi.jp/soshiki/ringyo-sk/chiikishinrinkeikaku.html,2010-02-01,https://www.e-stat.go.jp/SG1/estat/Pdfdl.do?sinfid=000012449985,false
04211,宮城県,,,岩沼市,,10,1,024,宮城南部,13,阿武隈川,所属計画区を県資料で照合・境界未確認,未確認,2026-04-01,https://www.pref.miyagi.jp/soshiki/ringyo-sk/chiikishinrinkeikaku.html,2010-02-01,https://www.e-stat.go.jp/SG1/estat/Pdfdl.do?sinfid=000012449985,false
04212,宮城県,,,登米市,,10,1,023,宮城北部,10,北上川,所属計画区を県資料で照合・境界未確認,未確認,2026-04-01,https://www.pref.miyagi.jp/soshiki/ringyo-sk/chiikishinrinkeikaku.html,2010-02-01,https://www.e-stat.go.jp/SG1/estat/Pdfdl.do?sinfid=000012449985,false
04213,宮城県,,,栗原市,,10,1,023,宮城北部,10,北上川,所属計画区を県資料で照合・境界未確認,未確認,2026-04-01,https://www.pref.miyagi.jp/soshiki/ringyo-sk/chiikishinrinkeikaku.html,2010-02-01,https://www.e-stat.go.jp/SG1/estat/Pdfdl.do?sinfid=000012449985,false
04214,宮城県,,,東松島市,,10,254,023,宮城北部,10,北上川,所属計画区を県資料で照合・境界未確認,未確認,2026-04-01,https://www.pref.miyagi.jp/soshiki/ringyo-sk/chiikishinrinkeikaku.html,2010-02-01,https://www.e-stat.go.jp/SG1/estat/Pdfdl.do?sinfid=000012449985,false
04215,宮城県,,,大崎市,,10,1,023,宮城北部,10,北上川,所属計画区を県資料で照合・境界未確認,未確認,2026-04-01,https://www.pref.miyagi.jp/soshiki/ringyo-sk/chiikishinrinkeikaku.html,2010-02-01,https://www.e-stat.go.jp/SG1/estat/Pdfdl.do?sinfid=000012449985,false
04216,宮城県,,,富谷市,,10,1,023,宮城北部,10,北上川,所属計画区を県資料で照合・境界未確認,未確認,2026-04-01,https://www.pref.miyagi.jp/soshiki/ringyo-sk/chiikishinrinkeikaku.html,2010-02-01,https://www.e-stat.go.jp/SG1/estat/Pdfdl.do?sinfid=000012449985,false
04301,宮城県,,刈田郡,蔵王町,,10,1,024,宮城南部,13,阿武隈川,所属計画区を県資料で照合・境界未確認,未確認,2026-04-01,https://www.pref.miyagi.jp/soshiki/ringyo-sk/chiikishinrinkeikaku.html,2010-02-01,https://www.e-stat.go.jp/SG1/estat/Pdfdl.do?sinfid=000012449985,false
04302,宮城県,,刈田郡,七ヶ宿町,,10,1,024,宮城南部,13,阿武隈川,所属計画区を県資料で照合・境界未確認,未確認,2026-04-01,https://www.pref.miyagi.jp/soshiki/ringyo-sk/chiikishinrinkeikaku.html,2010-02-01,https://www.e-stat.go.jp/SG1/estat/Pdfdl.do?sinfid=000012449985,false
04321,宮城県,,柴田郡,大河原町,,10,1,024,宮城南部,13,阿武隈川,所属計画区を県資料で照合・境界未確認,未確認,2026-04-01,https://www.pref.miyagi.jp/soshiki/ringyo-sk/chiikishinrinkeikaku.html,2010-02-01,https://www.e-stat.go.jp/SG1/estat/Pdfdl.do?sinfid=000012449985,false
04322,宮城県,,柴田郡,村田町,,10,1,024,宮城南部,13,阿武隈川,所属計画区を県資料で照合・境界未確認,未確認,2026-04-01,https://www.pref.miyagi.jp/soshiki/ringyo-sk/chiikishinrinkeikaku.html,2010-02-01,https://www.e-stat.go.jp/SG1/estat/Pdfdl.do?sinfid=000012449985,false
04323,宮城県,,柴田郡,柴田町,,10,1,024,宮城南部,13,阿武隈川,所属計画区を県資料で照合・境界未確認,未確認,2026-04-01,https://www.pref.miyagi.jp/soshiki/ringyo-sk/chiikishinrinkeikaku.html,2010-02-01,https://www.e-stat.go.jp/SG1/estat/Pdfdl.do?sinfid=000012449985,false
04324,宮城県,,柴田郡,川崎町,,10,1,024,宮城南部,13,阿武隈川,所属計画区を県資料で照合・境界未確認,未確認,2026-04-01,https://www.pref.miyagi.jp/soshiki/ringyo-sk/chiikishinrinkeikaku.html,2010-02-01,https://www.e-stat.go.jp/SG1/estat/Pdfdl.do?sinfid=000012449985,false
04341,宮城県,,伊具郡,丸森町,,10,1,024,宮城南部,13,阿武隈川,所属計画区を県資料で照合・境界未確認,未確認,2026-04-01,https://www.pref.miyagi.jp/soshiki/ringyo-sk/chiikishinrinkeikaku.html,2010-02-01,https://www.e-stat.go.jp/SG1/estat/Pdfdl.do?sinfid=000012449985,false
04361,宮城県,,亘理郡,亘理町,,10,1,024,宮城南部,13,阿武隈川,所属計画区を県資料で照合・境界未確認,未確認,2026-04-01,https://www.pref.miyagi.jp/soshiki/ringyo-sk/chiikishinrinkeikaku.html,2010-02-01,https://www.e-stat.go.jp/SG1/estat/Pdfdl.do?sinfid=000012449985,false
04362,宮城県,,亘理郡,山元町,,10,1,024,宮城南部,13,阿武隈川,所属計画区を県資料で照合・境界未確認,未確認,2026-04-01,https://www.pref.miyagi.jp/soshiki/ringyo-sk/chiikishinrinkeikaku.html,2010-02-01,https://www.e-stat.go.jp/SG1/estat/Pdfdl.do?sinfid=000012449985,false
04401,宮城県,,宮城郡,松島町,,10,126,024,宮城南部,13,阿武隈川,所属計画区を県資料で照合・境界未確認,未確認,2026-04-01,https://www.pref.miyagi.jp/soshiki/ringyo-sk/chiikishinrinkeikaku.html,2010-02-01,https://www.e-stat.go.jp/SG1/estat/Pdfdl.do?sinfid=000012449985,false
04404,宮城県,,宮城郡,七ヶ浜町,,10,84,024,宮城南部,13,阿武隈川,所属計画区を県資料で照合・境界未確認,未確認,2026-04-01,https://www.pref.miyagi.jp/soshiki/ringyo-sk/chiikishinrinkeikaku.html,2010-02-01,https://www.e-stat.go.jp/SG1/estat/Pdfdl.do?sinfid=000012449985,false
04406,宮城県,,宮城郡,利府町,,10,23,024,宮城南部,13,阿武隈川,所属計画区を県資料で照合・境界未確認,未確認,2026-04-01,https://www.pref.miyagi.jp/soshiki/ringyo-sk/chiikishinrinkeikaku.html,2010-02-01,https://www.e-stat.go.jp/SG1/estat/Pdfdl.do?sinfid=000012449985,false
04421,宮城県,,黒川郡,大和町,,10,1,023,宮城北部,10,北上川,所属計画区を県資料で照合・境界未確認,未確認,2026-04-01,https://www.pref.miyagi.jp/soshiki/ringyo-sk/chiikishinrinkeikaku.html,2010-02-01,https://www.e-stat.go.jp/SG1/estat/Pdfdl.do?sinfid=000012449985,false
04422,宮城県,,黒川郡,大郷町,,10,1,023,宮城北部,10,北上川,所属計画区を県資料で照合・境界未確認,未確認,2026-04-01,https://www.pref.miyagi.jp/soshiki/ringyo-sk/chiikishinrinkeikaku.html,2010-02-01,https://www.e-stat.go.jp/SG1/estat/Pdfdl.do?sinfid=000012449985,false
04424,宮城県,,黒川郡,大衡村,,10,1,023,宮城北部,10,北上川,所属計画区を県資料で照合・境界未確認,未確認,2026-04-01,https://www.pref.miyagi.jp/soshiki/ringyo-sk/chiikishinrinkeikaku.html,2010-02-01,https://www.e-stat.go.jp/SG1/estat/Pdfdl.do?sinfid=000012449985,false
04444,宮城県,,加美郡,色麻町,,10,1,023,宮城北部,10,北上川,所属計画区を県資料で照合・境界未確認,未確認,2026-04-01,https://www.pref.miyagi.jp/soshiki/ringyo-sk/chiikishinrinkeikaku.html,2010-02-01,https://www.e-stat.go.jp/SG1/estat/Pdfdl.do?sinfid=000012449985,false
04445,宮城県,,加美郡,加美町,,10,1,023,宮城北部,10,北上川,所属計画区を県資料で照合・境界未確認,未確認,2026-04-01,https://www.pref.miyagi.jp/soshiki/ringyo-sk/chiikishinrinkeikaku.html,2010-02-01,https://www.e-stat.go.jp/SG1/estat/Pdfdl.do?sinfid=000012449985,false
04501,宮城県,,遠田郡,涌谷町,,10,1,023,宮城北部,10,北上川,所属計画区を県資料で照合・境界未確認,未確認,2026-04-01,https://www.pref.miyagi.jp/soshiki/ringyo-sk/chiikishinrinkeikaku.html,2010-02-01,https://www.e-stat.go.jp/SG1/estat/Pdfdl.do?sinfid=000012449985,false
04505,宮城県,,遠田郡,美里町,,10,1,023,宮城北部,10,北上川,所属計画区を県資料で照合・境界未確認,未確認,2026-04-01,https://www.pref.miyagi.jp/soshiki/ringyo-sk/chiikishinrinkeikaku.html,2010-02-01,https://www.e-stat.go.jp/SG1/estat/Pdfdl.do?sinfid=000012449985,false
04581,宮城県,,牡鹿郡,女川町,,10,1086,023,宮城北部,10,北上川,所属計画区を県資料で照合・境界未確認,未確認,2026-04-01,https://www.pref.miyagi.jp/soshiki/ringyo-sk/chiikishinrinkeikaku.html,2010-02-01,https://www.e-stat.go.jp/SG1/estat/Pdfdl.do?sinfid=000012449985,false
04606,宮城県,,本吉郡,南三陸町,,10,1875,023,宮城北部,10,北上川,所属計画区を県資料で照合・境界未確認,未確認,2026-04-01,https://www.pref.miyagi.jp/soshiki/ringyo-sk/chiikishinrinkeikaku.html,2010-02-01,https://www.e-stat.go.jp/SG1/estat/Pdfdl.do?sinfid=000012449985,false
05201,秋田県,,,秋田市,,10,10,026,雄物川,11,米代・雄物川,要現行資料照合,未確認,2010-02-01,https://www.e-stat.go.jp/SG1/estat/Pdfdl.do?sinfid=000012449985,2010-02-01,https://www.e-stat.go.jp/SG1/estat/Pdfdl.do?sinfid=000012449985,false
05202,秋田県,,,能代市,,10,5,025,米代川,11,米代・雄物川,要現行資料照合,未確認,2010-02-01,https://www.e-stat.go.jp/SG1/estat/Pdfdl.do?sinfid=000012449985,2010-02-01,https://www.e-stat.go.jp/SG1/estat/Pdfdl.do?sinfid=000012449985,false
05203,秋田県,,,横手市,,10,1,026,雄物川,11,米代・雄物川,要現行資料照合,未確認,2010-02-01,https://www.e-stat.go.jp/SG1/estat/Pdfdl.do?sinfid=000012449985,2010-02-01,https://www.e-stat.go.jp/SG1/estat/Pdfdl.do?sinfid=000012449985,false
05204,秋田県,,,大館市,,10,1,025,米代川,11,米代・雄物川,要現行資料照合,未確認,2010-02-01,https://www.e-stat.go.jp/SG1/estat/Pdfdl.do?sinfid=000012449985,2010-02-01,https://www.e-stat.go.jp/SG1/estat/Pdfdl.do?sinfid=000012449985,false
05206,秋田県,,,男鹿市,,10,2024,025,米代川,11,米代・雄物川,要現行資料照合,未確認,2010-02-01,https://www.e-stat.go.jp/SG1/estat/Pdfdl.do?sinfid=000012449985,2010-02-01,https://www.e-stat.go.jp/SG1/estat/Pdfdl.do?sinfid=000012449985,false
05207,秋田県,,,湯沢市,,10,1,026,雄物川,11,米代・雄物川,要現行資料照合,未確認,2010-02-01,https://www.e-stat.go.jp/SG1/estat/Pdfdl.do?sinfid=000012449985,2010-02-01,https://www.e-stat.go.jp/SG1/estat/Pdfdl.do?sinfid=000012449985,false
05209,秋田県,,,鹿角市,,10,1,025,米代川,11,米代・雄物川,要現行資料照合,未確認,2010-02-01,https://www.e-stat.go.jp/SG1/estat/Pdfdl.do?sinfid=000012449985,2010-02-01,https://www.e-stat.go.jp/SG1/estat/Pdfdl.do?sinfid=000012449985,false
05210,秋田県,,,由利本荘市,,10,3,027,子吉川,11,米代・雄物川,要現行資料照合,未確認,2010-02-01,https://www.e-stat.go.jp/SG1/estat/Pdfdl.do?sinfid=000012449985,2010-02-01,https://www.e-stat.go.jp/SG1/estat/Pdfdl.do?sinfid=000012449985,false
05211,秋田県,,,潟上市,,10,1,025,米代川,11,米代・雄物川,要現行資料照合,未確認,2010-02-01,https://www.e-stat.go.jp/SG1/estat/Pdfdl.do?sinfid=000012449985,2010-02-01,https://www.e-stat.go.jp/SG1/estat/Pdfdl.do?sinfid=000012449985,false
05212,秋田県,,,大仙市,,10,1,026,雄物川,11,米代・雄物川,要現行資料照合,未確認,2010-02-01,https://www.e-stat.go.jp/SG1/estat/Pdfdl.do?sinfid=000012449985,2010-02-01,https://www.e-stat.go.jp/SG1/estat/Pdfdl.do?sinfid=000012449985,false
05213,秋田県,,,北秋田市,,10,1,025,米代川,11,米代・雄物川,要現行資料照合,未確認,2010-02-01,https://www.e-stat.go.jp/SG1/estat/Pdfdl.do?sinfid=000012449985,2010-02-01,https://www.e-stat.go.jp/SG1/estat/Pdfdl.do?sinfid=000012449985,false
05214,秋田県,,,にかほ市,,10,40,027,子吉川,11,米代・雄物川,要現行資料照合,未確認,2010-02-01,https://www.e-stat.go.jp/SG1/estat/Pdfdl.do?sinfid=000012449985,2010-02-01,https://www.e-stat.go.jp/SG1/estat/Pdfdl.do?sinfid=000012449985,false
05215,秋田県,,,仙北市,,10,1,026,雄物川,11,米代・雄物川,要現行資料照合,未確認,2010-02-01,https://www.e-stat.go.jp/SG1/estat/Pdfdl.do?sinfid=000012449985,2010-02-01,https://www.e-stat.go.jp/SG1/estat/Pdfdl.do?sinfid=000012449985,false
05303,秋田県,,鹿角郡,小坂町,,10,1,025,米代川,11,米代・雄物川,要現行資料照合,未確認,2010-02-01,https://www.e-stat.go.jp/SG1/estat/Pdfdl.do?sinfid=000012449985,2010-02-01,https://www.e-stat.go.jp/SG1/estat/Pdfdl.do?sinfid=000012449985,false
05327,秋田県,,北秋田郡,上小阿仁村,,10,1,025,米代川,11,米代・雄物川,要現行資料照合,未確認,2010-02-01,https://www.e-stat.go.jp/SG1/estat/Pdfdl.do?sinfid=000012449985,2010-02-01,https://www.e-stat.go.jp/SG1/estat/Pdfdl.do?sinfid=000012449985,false
05346,秋田県,,山本郡,藤里町,,10,1,025,米代川,11,米代・雄物川,要現行資料照合,未確認,2010-02-01,https://www.e-stat.go.jp/SG1/estat/Pdfdl.do?sinfid=000012449985,2010-02-01,https://www.e-stat.go.jp/SG1/estat/Pdfdl.do?sinfid=000012449985,false
05348,秋田県,,山本郡,三種町,,10,1,025,米代川,11,米代・雄物川,要現行資料照合,未確認,2010-02-01,https://www.e-stat.go.jp/SG1/estat/Pdfdl.do?sinfid=000012449985,2010-02-01,https://www.e-stat.go.jp/SG1/estat/Pdfdl.do?sinfid=000012449985,false
05349,秋田県,,山本郡,八峰町,,10,357,025,米代川,11,米代・雄物川,要現行資料照合,未確認,2010-02-01,https://www.e-stat.go.jp/SG1/estat/Pdfdl.do?sinfid=000012449985,2010-02-01,https://www.e-stat.go.jp/SG1/estat/Pdfdl.do?sinfid=000012449985,false
05361,秋田県,,南秋田郡,五城目町,,10,2,025,米代川,11,米代・雄物川,要現行資料照合,未確認,2010-02-01,https://www.e-stat.go.jp/SG1/estat/Pdfdl.do?sinfid=000012449985,2010-02-01,https://www.e-stat.go.jp/SG1/estat/Pdfdl.do?sinfid=000012449985,false
05363,秋田県,,南秋田郡,八郎潟町,,10,1,025,米代川,11,米代・雄物川,要現行資料照合,未確認,2010-02-01,https://www.e-stat.go.jp/SG1/estat/Pdfdl.do?sinfid=000012449985,2010-02-01,https://www.e-stat.go.jp/SG1/estat/Pdfdl.do?sinfid=000012449985,false
05366,秋田県,,南秋田郡,井川町,,10,1,025,米代川,11,米代・雄物川,要現行資料照合,未確認,2010-02-01,https://www.e-stat.go.jp/SG1/estat/Pdfdl.do?sinfid=000012449985,2010-02-01,https://www.e-stat.go.jp/SG1/estat/Pdfdl.do?sinfid=000012449985,false
05368,秋田県,,南秋田郡,大潟村,,10,1,025,米代川,11,米代・雄物川,要現行資料照合,未確認,2010-02-01,https://www.e-stat.go.jp/SG1/estat/Pdfdl.do?sinfid=000012449985,2010-02-01,https://www.e-stat.go.jp/SG1/estat/Pdfdl.do?sinfid=000012449985,false
05434,秋田県,,仙北郡,美郷町,,10,1,026,雄物川,11,米代・雄物川,要現行資料照合,未確認,2010-02-01,https://www.e-stat.go.jp/SG1/estat/Pdfdl.do?sinfid=000012449985,2010-02-01,https://www.e-stat.go.jp/SG1/estat/Pdfdl.do?sinfid=000012449985,false
05463,秋田県,,雄勝郡,羽後町,,10,1,026,雄物川,11,米代・雄物川,要現行資料照合,未確認,2010-02-01,https://www.e-stat.go.jp/SG1/estat/Pdfdl.do?sinfid=000012449985,2010-02-01,https://www.e-stat.go.jp/SG1/estat/Pdfdl.do?sinfid=000012449985,false
05464,秋田県,,雄勝郡,東成瀬村,,10,1,026,雄物川,11,米代・雄物川,要現行資料照合,未確認,2010-02-01,https://www.e-stat.go.jp/SG1/estat/Pdfdl.do?sinfid=000012449985,2010-02-01,https://www.e-stat.go.jp/SG1/estat/Pdfdl.do?sinfid=000012449985,false
06201,山形県,,,山形市,,10,1,029,最上村山,12,最上川,要現行資料照合,未確認,2010-02-01,https://www.e-stat.go.jp/SG1/estat/Pdfdl.do?sinfid=000012449985,2010-02-01,https://www.e-stat.go.jp/SG1/estat/Pdfdl.do?sinfid=000012449985,false
06202,山形県,,,米沢市,,10,4,030,置賜,12,最上川,要現行資料照合,未確認,2010-02-01,https://www.e-stat.go.jp/SG1/estat/Pdfdl.do?sinfid=000012449985,2010-02-01,https://www.e-stat.go.jp/SG1/estat/Pdfdl.do?sinfid=000012449985,false
06203,山形県,,,鶴岡市,,10,572,028,庄内,12,最上川,要現行資料照合,未確認,2010-02-01,https://www.e-stat.go.jp/SG1/estat/Pdfdl.do?sinfid=000012449985,2010-02-01,https://www.e-stat.go.jp/SG1/estat/Pdfdl.do?sinfid=000012449985,false
06204,山形県,,,酒田市,,10,70,028,庄内,12,最上川,要現行資料照合,未確認,2010-02-01,https://www.e-stat.go.jp/SG1/estat/Pdfdl.do?sinfid=000012449985,2010-02-01,https://www.e-stat.go.jp/SG1/estat/Pdfdl.do?sinfid=000012449985,false
06205,山形県,,,新庄市,,10,4,029,最上村山,12,最上川,要現行資料照合,未確認,2010-02-01,https://www.e-stat.go.jp/SG1/estat/Pdfdl.do?sinfid=000012449985,2010-02-01,https://www.e-stat.go.jp/SG1/estat/Pdfdl.do?sinfid=000012449985,false
06206,山形県,,,寒河江市,,10,2,029,最上村山,12,最上川,要現行資料照合,未確認,2010-02-01,https://www.e-stat.go.jp/SG1/estat/Pdfdl.do?sinfid=000012449985,2010-02-01,https://www.e-stat.go.jp/SG1/estat/Pdfdl.do?sinfid=000012449985,false
06207,山形県,,,上山市,,10,1,029,最上村山,12,最上川,要現行資料照合,未確認,2010-02-01,https://www.e-stat.go.jp/SG1/estat/Pdfdl.do?sinfid=000012449985,2010-02-01,https://www.e-stat.go.jp/SG1/estat/Pdfdl.do?sinfid=000012449985,false
06208,山形県,,,村山市,,10,1,029,最上村山,12,最上川,要現行資料照合,未確認,2010-02-01,https://www.e-stat.go.jp/SG1/estat/Pdfdl.do?sinfid=000012449985,2010-02-01,https://www.e-stat.go.jp/SG1/estat/Pdfdl.do?sinfid=000012449985,false
06209,山形県,,,長井市,,10,1,030,置賜,12,最上川,要現行資料照合,未確認,2010-02-01,https://www.e-stat.go.jp/SG1/estat/Pdfdl.do?sinfid=000012449985,2010-02-01,https://www.e-stat.go.jp/SG1/estat/Pdfdl.do?sinfid=000012449985,false
06210,山形県,,,天童市,,10,3,029,最上村山,12,最上川,要現行資料照合,未確認,2010-02-01,https://www.e-stat.go.jp/SG1/estat/Pdfdl.do?sinfid=000012449985,2010-02-01,https://www.e-stat.go.jp/SG1/estat/Pdfdl.do?sinfid=000012449985,false
06211,山形県,,,東根市,,10,1,029,最上村山,12,最上川,要現行資料照合,未確認,2010-02-01,https://www.e-stat.go.jp/SG1/estat/Pdfdl.do?sinfid=000012449985,2010-02-01,https://www.e-stat.go.jp/SG1/estat/Pdfdl.do?sinfid=000012449985,false
06212,山形県,,,尾花沢市,,10,1,029,最上村山,12,最上川,要現行資料照合,未確認,2010-02-01,https://www.e-stat.go.jp/SG1/estat/Pdfdl.do?sinfid=000012449985,2010-02-01,https://www.e-stat.go.jp/SG1/estat/Pdfdl.do?sinfid=000012449985,false
06213,山形県,,,南陽市,,10,1,030,置賜,12,最上川,要現行資料照合,未確認,2010-02-01,https://www.e-stat.go.jp/SG1/estat/Pdfdl.do?sinfid=000012449985,2010-02-01,https://www.e-stat.go.jp/SG1/estat/Pdfdl.do?sinfid=000012449985,false
06301,山形県,,東村山郡,山辺町,,10,1,029,最上村山,12,最上川,要現行資料照合,未確認,2010-02-01,https://www.e-stat.go.jp/SG1/estat/Pdfdl.do?sinfid=000012449985,2010-02-01,https://www.e-stat.go.jp/SG1/estat/Pdfdl.do?sinfid=000012449985,false
06302,山形県,,東村山郡,中山町,,10,2,029,最上村山,12,最上川,要現行資料照合,未確認,2010-02-01,https://www.e-stat.go.jp/SG1/estat/Pdfdl.do?sinfid=000012449985,2010-02-01,https://www.e-stat.go.jp/SG1/estat/Pdfdl.do?sinfid=000012449985,false
06321,山形県,,西村山郡,河北町,,10,1,029,最上村山,12,最上川,要現行資料照合,未確認,2010-02-01,https://www.e-stat.go.jp/SG1/estat/Pdfdl.do?sinfid=000012449985,2010-02-01,https://www.e-stat.go.jp/SG1/estat/Pdfdl.do?sinfid=000012449985,false
06322,山形県,,西村山郡,西川町,,10,1,029,最上村山,12,最上川,要現行資料照合,未確認,2010-02-01,https://www.e-stat.go.jp/SG1/estat/Pdfdl.do?sinfid=000012449985,2010-02-01,https://www.e-stat.go.jp/SG1/estat/Pdfdl.do?sinfid=000012449985,false
06323,山形県,,西村山郡,朝日町,,10,1,029,最上村山,12,最上川,要現行資料照合,未確認,2010-02-01,https://www.e-stat.go.jp/SG1/estat/Pdfdl.do?sinfid=000012449985,2010-02-01,https://www.e-stat.go.jp/SG1/estat/Pdfdl.do?sinfid=000012449985,false
06324,山形県,,西村山郡,大江町,,10,11,029,最上村山,12,最上川,要現行資料照合,未確認,2010-02-01,https://www.e-stat.go.jp/SG1/estat/Pdfdl.do?sinfid=000012449985,2010-02-01,https://www.e-stat.go.jp/SG1/estat/Pdfdl.do?sinfid=000012449985,false
06341,山形県,,北村山郡,大石田町,,10,1,029,最上村山,12,最上川,要現行資料照合,未確認,2010-02-01,https://www.e-stat.go.jp/SG1/estat/Pdfdl.do?sinfid=000012449985,2010-02-01,https://www.e-stat.go.jp/SG1/estat/Pdfdl.do?sinfid=000012449985,false
06361,山形県,,最上郡,金山町,,10,2,029,最上村山,12,最上川,要現行資料照合,未確認,2010-02-01,https://www.e-stat.go.jp/SG1/estat/Pdfdl.do?sinfid=000012449985,2010-02-01,https://www.e-stat.go.jp/SG1/estat/Pdfdl.do?sinfid=000012449985,false
06362,山形県,,最上郡,最上町,,10,1,029,最上村山,12,最上川,要現行資料照合,未確認,2010-02-01,https://www.e-stat.go.jp/SG1/estat/Pdfdl.do?sinfid=000012449985,2010-02-01,https://www.e-stat.go.jp/SG1/estat/Pdfdl.do?sinfid=000012449985,false
06363,山形県,,最上郡,舟形町,,10,5,029,最上村山,12,最上川,要現行資料照合,未確認,2010-02-01,https://www.e-stat.go.jp/SG1/estat/Pdfdl.do?sinfid=000012449985,2010-02-01,https://www.e-stat.go.jp/SG1/estat/Pdfdl.do?sinfid=000012449985,false
06364,山形県,,最上郡,真室川町,,10,4,029,最上村山,12,最上川,要現行資料照合,未確認,2010-02-01,https://www.e-stat.go.jp/SG1/estat/Pdfdl.do?sinfid=000012449985,2010-02-01,https://www.e-stat.go.jp/SG1/estat/Pdfdl.do?sinfid=000012449985,false
06365,山形県,,最上郡,大蔵村,,10,10,029,最上村山,12,最上川,要現行資料照合,未確認,2010-02-01,https://www.e-stat.go.jp/SG1/estat/Pdfdl.do?sinfid=000012449985,2010-02-01,https://www.e-stat.go.jp/SG1/estat/Pdfdl.do?sinfid=000012449985,false
06366,山形県,,最上郡,鮭川村,,10,1,029,最上村山,12,最上川,要現行資料照合,未確認,2010-02-01,https://www.e-stat.go.jp/SG1/estat/Pdfdl.do?sinfid=000012449985,2010-02-01,https://www.e-stat.go.jp/SG1/estat/Pdfdl.do?sinfid=000012449985,false
06367,山形県,,最上郡,戸沢村,,10,1,029,最上村山,12,最上川,要現行資料照合,未確認,2010-02-01,https://www.e-stat.go.jp/SG1/estat/Pdfdl.do?sinfid=000012449985,2010-02-01,https://www.e-stat.go.jp/SG1/estat/Pdfdl.do?sinfid=000012449985,false
06381,山形県,,東置賜郡,高畠町,,10,3,030,置賜,12,最上川,要現行資料照合,未確認,2010-02-01,https://www.e-stat.go.jp/SG1/estat/Pdfdl.do?sinfid=000012449985,2010-02-01,https://www.e-stat.go.jp/SG1/estat/Pdfdl.do?sinfid=000012449985,false
06382,山形県,,東置賜郡,川西町,,10,3,030,置賜,12,最上川,要現行資料照合,未確認,2010-02-01,https://www.e-stat.go.jp/SG1/estat/Pdfdl.do?sinfid=000012449985,2010-02-01,https://www.e-stat.go.jp/SG1/estat/Pdfdl.do?sinfid=000012449985,false
06401,山形県,,西置賜郡,小国町,,10,1,030,置賜,12,最上川,要現行資料照合,未確認,2010-02-01,https://www.e-stat.go.jp/SG1/estat/Pdfdl.do?sinfid=000012449985,2010-02-01,https://www.e-stat.go.jp/SG1/estat/Pdfdl.do?sinfid=000012449985,false
06402,山形県,,西置賜郡,白鷹町,,10,1,030,置賜,12,最上川,要現行資料照合,未確認,2010-02-01,https://www.e-stat.go.jp/SG1/estat/Pdfdl.do?sinfid=000012449985,2010-02-01,https://www.e-stat.go.jp/SG1/estat/Pdfdl.do?sinfid=000012449985,false
06403,山形県,,西置賜郡,飯豊町,,10,1,030,置賜,12,最上川,要現行資料照合,未確認,2010-02-01,https://www.e-stat.go.jp/SG1/estat/Pdfdl.do?sinfid=000012449985,2010-02-01,https://www.e-stat.go.jp/SG1/estat/Pdfdl.do?sinfid=000012449985,false
06426,山形県,,東田川郡,三川町,,10,1,028,庄内,12,最上川,要現行資料照合,未確認,2010-02-01,https://www.e-stat.go.jp/SG1/estat/Pdfdl.do?sinfid=000012449985,2010-02-01,https://www.e-stat.go.jp/SG1/estat/Pdfdl.do?sinfid=000012449985,false
06428,山形県,,東田川郡,庄内町,,10,1,028,庄内,12,最上川,要現行資料照合,未確認,2010-02-01,https://www.e-stat.go.jp/SG1/estat/Pdfdl.do?sinfid=000012449985,2010-02-01,https://www.e-stat.go.jp/SG1/estat/Pdfdl.do?sinfid=000012449985,false
06461,山形県,,飽海郡,遊佐町,,10,6,028,庄内,12,最上川,要現行資料照合,未確認,2010-02-01,https://www.e-stat.go.jp/SG1/estat/Pdfdl.do?sinfid=000012449985,2010-02-01,https://www.e-stat.go.jp/SG1/estat/Pdfdl.do?sinfid=000012449985,false
07201,福島県,,,福島市,,9,1,032,阿武隈川,13,阿武隈川,要現行資料照合,未確認,2010-02-01,https://www.e-stat.go.jp/SG1/estat/Pdfdl.do?sinfid=000012449985,2010-02-01,https://www.e-stat.go.jp/SG1/estat/Pdfdl.do?sinfid=000012449985,false
07202,福島県,,,会津若松市,,9,1,033,会津,14,阿賀野川,要現行資料照合,未確認,2010-02-01,https://www.e-stat.go.jp/SG1/estat/Pdfdl.do?sinfid=000012449985,2010-02-01,https://www.e-stat.go.jp/SG1/estat/Pdfdl.do?sinfid=000012449985,false
07203,福島県,,,郡山市,,9,1,032,阿武隈川,13,阿武隈川,要現行資料照合,未確認,2010-02-01,https://www.e-stat.go.jp/SG1/estat/Pdfdl.do?sinfid=000012449985,2010-02-01,https://www.e-stat.go.jp/SG1/estat/Pdfdl.do?sinfid=000012449985,false
07204,福島県,,,いわき市,,9,127,031,磐城,13,阿武隈川,要現行資料照合,未確認,2010-02-01,https://www.e-stat.go.jp/SG1/estat/Pdfdl.do?sinfid=000012449985,2010-02-01,https://www.e-stat.go.jp/SG1/estat/Pdfdl.do?sinfid=000012449985,false
07205,福島県,,,白河市,,9,1,032,阿武隈川,13,阿武隈川,要現行資料照合,未確認,2010-02-01,https://www.e-stat.go.jp/SG1/estat/Pdfdl.do?sinfid=000012449985,2010-02-01,https://www.e-stat.go.jp/SG1/estat/Pdfdl.do?sinfid=000012449985,false
07207,福島県,,,須賀川市,,9,1,032,阿武隈川,13,阿武隈川,要現行資料照合,未確認,2010-02-01,https://www.e-stat.go.jp/SG1/estat/Pdfdl.do?sinfid=000012449985,2010-02-01,https://www.e-stat.go.jp/SG1/estat/Pdfdl.do?sinfid=000012449985,false
07208,福島県,,,喜多方市,,9,2,033,会津,14,阿賀野川,要現行資料照合,未確認,2010-02-01,https://www.e-stat.go.jp/SG1/estat/Pdfdl.do?sinfid=000012449985,2010-02-01,https://www.e-stat.go.jp/SG1/estat/Pdfdl.do?sinfid=000012449985,false
07209,福島県,,,相馬市,,9,3,031,磐城,13,阿武隈川,要現行資料照合,未確認,2010-02-01,https://www.e-stat.go.jp/SG1/estat/Pdfdl.do?sinfid=000012449985,2010-02-01,https://www.e-stat.go.jp/SG1/estat/Pdfdl.do?sinfid=000012449985,false
07210,福島県,,,二本松市,,9,1,032,阿武隈川,13,阿武隈川,要現行資料照合,未確認,2010-02-01,https://www.e-stat.go.jp/SG1/estat/Pdfdl.do?sinfid=000012449985,2010-02-01,https://www.e-stat.go.jp/SG1/estat/Pdfdl.do?sinfid=000012449985,false
07211,福島県,,,田村市,,9,1,032,阿武隈川,13,阿武隈川,要現行資料照合,未確認,2010-02-01,https://www.e-stat.go.jp/SG1/estat/Pdfdl.do?sinfid=000012449985,2010-02-01,https://www.e-stat.go.jp/SG1/estat/Pdfdl.do?sinfid=000012449985,false
07212,福島県,,,南相馬市,,9,9,031,磐城,13,阿武隈川,要現行資料照合,未確認,2010-02-01,https://www.e-stat.go.jp/SG1/estat/Pdfdl.do?sinfid=000012449985,2010-02-01,https://www.e-stat.go.jp/SG1/estat/Pdfdl.do?sinfid=000012449985,false
07213,福島県,,,伊達市,,9,1,032,阿武隈川,13,阿武隈川,要現行資料照合,未確認,2010-02-01,https://www.e-stat.go.jp/SG1/estat/Pdfdl.do?sinfid=000012449985,2010-02-01,https://www.e-stat.go.jp/SG1/estat/Pdfdl.do?sinfid=000012449985,false
07214,福島県,,,本宮市,,9,1,032,阿武隈川,13,阿武隈川,要現行資料照合,未確認,2010-02-01,https://www.e-stat.go.jp/SG1/estat/Pdfdl.do?sinfid=000012449985,2010-02-01,https://www.e-stat.go.jp/SG1/estat/Pdfdl.do?sinfid=000012449985,false
07301,福島県,,伊達郡,桑折町,,9,1,032,阿武隈川,13,阿武隈川,要現行資料照合,未確認,2010-02-01,https://www.e-stat.go.jp/SG1/estat/Pdfdl.do?sinfid=000012449985,2010-02-01,https://www.e-stat.go.jp/SG1/estat/Pdfdl.do?sinfid=000012449985,false
07303,福島県,,伊達郡,国見町,,9,1,032,阿武隈川,13,阿武隈川,要現行資料照合,未確認,2010-02-01,https://www.e-stat.go.jp/SG1/estat/Pdfdl.do?sinfid=000012449985,2010-02-01,https://www.e-stat.go.jp/SG1/estat/Pdfdl.do?sinfid=000012449985,false
07308,福島県,,伊達郡,川俣町,,9,1,032,阿武隈川,13,阿武隈川,要現行資料照合,未確認,2010-02-01,https://www.e-stat.go.jp/SG1/estat/Pdfdl.do?sinfid=000012449985,2010-02-01,https://www.e-stat.go.jp/SG1/estat/Pdfdl.do?sinfid=000012449985,false
07322,福島県,,安達郡,大玉村,,9,2,032,阿武隈川,13,阿武隈川,要現行資料照合,未確認,2010-02-01,https://www.e-stat.go.jp/SG1/estat/Pdfdl.do?sinfid=000012449985,2010-02-01,https://www.e-stat.go.jp/SG1/estat/Pdfdl.do?sinfid=000012449985,false
07342,福島県,,岩瀬郡,鏡石町,,9,1,032,阿武隈川,13,阿武隈川,要現行資料照合,未確認,2010-02-01,https://www.e-stat.go.jp/SG1/estat/Pdfdl.do?sinfid=000012449985,2010-02-01,https://www.e-stat.go.jp/SG1/estat/Pdfdl.do?sinfid=000012449985,false
07344,福島県,,岩瀬郡,天栄村,,9,4,032,阿武隈川,13,阿武隈川,要現行資料照合,未確認,2010-02-01,https://www.e-stat.go.jp/SG1/estat/Pdfdl.do?sinfid=000012449985,2010-02-01,https://www.e-stat.go.jp/SG1/estat/Pdfdl.do?sinfid=000012449985,false
07362,福島県,,南会津郡,下郷町,,9,1,033,会津,14,阿賀野川,要現行資料照合,未確認,2010-02-01,https://www.e-stat.go.jp/SG1/estat/Pdfdl.do?sinfid=000012449985,2010-02-01,https://www.e-stat.go.jp/SG1/estat/Pdfdl.do?sinfid=000012449985,false
07364,福島県,,南会津郡,檜枝岐村,,9,1,033,会津,14,阿賀野川,要現行資料照合,未確認,2010-02-01,https://www.e-stat.go.jp/SG1/estat/Pdfdl.do?sinfid=000012449985,2010-02-01,https://www.e-stat.go.jp/SG1/estat/Pdfdl.do?sinfid=000012449985,false
07367,福島県,,南会津郡,只見町,,9,1,033,会津,14,阿賀野川,要現行資料照合,未確認,2010-02-01,https://www.e-stat.go.jp/SG1/estat/Pdfdl.do?sinfid=000012449985,2010-02-01,https://www.e-stat.go.jp/SG1/estat/Pdfdl.do?sinfid=000012449985,false
07368,福島県,,南会津郡,南会津町,,9,1,033,会津,14,阿賀野川,要現行資料照合,未確認,2010-02-01,https://www.e-stat.go.jp/SG1/estat/Pdfdl.do?sinfid=000012449985,2010-02-01,https://www.e-stat.go.jp/SG1/estat/Pdfdl.do?sinfid=000012449985,false
07402,福島県,,耶麻郡,北塩原村,,9,1,033,会津,14,阿賀野川,要現行資料照合,未確認,2010-02-01,https://www.e-stat.go.jp/SG1/estat/Pdfdl.do?sinfid=000012449985,2010-02-01,https://www.e-stat.go.jp/SG1/estat/Pdfdl.do?sinfid=000012449985,false
07405,福島県,,耶麻郡,西会津町,,9,1,033,会津,14,阿賀野川,要現行資料照合,未確認,2010-02-01,https://www.e-stat.go.jp/SG1/estat/Pdfdl.do?sinfid=000012449985,2010-02-01,https://www.e-stat.go.jp/SG1/estat/Pdfdl.do?sinfid=000012449985,false
07407,福島県,,耶麻郡,磐梯町,,9,1,033,会津,14,阿賀野川,要現行資料照合,未確認,2010-02-01,https://www.e-stat.go.jp/SG1/estat/Pdfdl.do?sinfid=000012449985,2010-02-01,https://www.e-stat.go.jp/SG1/estat/Pdfdl.do?sinfid=000012449985,false
07408,福島県,,耶麻郡,猪苗代町,,9,1,033,会津,14,阿賀野川,要現行資料照合,未確認,2010-02-01,https://www.e-stat.go.jp/SG1/estat/Pdfdl.do?sinfid=000012449985,2010-02-01,https://www.e-stat.go.jp/SG1/estat/Pdfdl.do?sinfid=000012449985,false
07421,福島県,,河沼郡,会津坂下町,,9,1,033,会津,14,阿賀野川,要現行資料照合,未確認,2010-02-01,https://www.e-stat.go.jp/SG1/estat/Pdfdl.do?sinfid=000012449985,2010-02-01,https://www.e-stat.go.jp/SG1/estat/Pdfdl.do?sinfid=000012449985,false
07422,福島県,,河沼郡,湯川村,,9,1,033,会津,14,阿賀野川,要現行資料照合,未確認,2010-02-01,https://www.e-stat.go.jp/SG1/estat/Pdfdl.do?sinfid=000012449985,2010-02-01,https://www.e-stat.go.jp/SG1/estat/Pdfdl.do?sinfid=000012449985,false
07423,福島県,,河沼郡,柳津町,,9,1,033,会津,14,阿賀野川,要現行資料照合,未確認,2010-02-01,https://www.e-stat.go.jp/SG1/estat/Pdfdl.do?sinfid=000012449985,2010-02-01,https://www.e-stat.go.jp/SG1/estat/Pdfdl.do?sinfid=000012449985,false
07444,福島県,,大沼郡,三島町,,9,1,033,会津,14,阿賀野川,要現行資料照合,未確認,2010-02-01,https://www.e-stat.go.jp/SG1/estat/Pdfdl.do?sinfid=000012449985,2010-02-01,https://www.e-stat.go.jp/SG1/estat/Pdfdl.do?sinfid=000012449985,false
07445,福島県,,大沼郡,金山町,,9,1,033,会津,14,阿賀野川,要現行資料照合,未確認,2010-02-01,https://www.e-stat.go.jp/SG1/estat/Pdfdl.do?sinfid=000012449985,2010-02-01,https://www.e-stat.go.jp/SG1/estat/Pdfdl.do?sinfid=000012449985,false
07446,福島県,,大沼郡,昭和村,,9,1,033,会津,14,阿賀野川,要現行資料照合,未確認,2010-02-01,https://www.e-stat.go.jp/SG1/estat/Pdfdl.do?sinfid=000012449985,2010-02-01,https://www.e-stat.go.jp/SG1/estat/Pdfdl.do?sinfid=000012449985,false
07447,福島県,,大沼郡,会津美里町,,9,1,033,会津,14,阿賀野川,要現行資料照合,未確認,2010-02-01,https://www.e-stat.go.jp/SG1/estat/Pdfdl.do?sinfid=000012449985,2010-02-01,https://www.e-stat.go.jp/SG1/estat/Pdfdl.do?sinfid=000012449985,false
07461,福島県,,西白河郡,西郷村,,9,1,032,阿武隈川,13,阿武隈川,要現行資料照合,未確認,2010-02-01,https://www.e-stat.go.jp/SG1/estat/Pdfdl.do?sinfid=000012449985,2010-02-01,https://www.e-stat.go.jp/SG1/estat/Pdfdl.do?sinfid=000012449985,false
07464,福島県,,西白河郡,泉崎村,,9,1,032,阿武隈川,13,阿武隈川,要現行資料照合,未確認,2010-02-01,https://www.e-stat.go.jp/SG1/estat/Pdfdl.do?sinfid=000012449985,2010-02-01,https://www.e-stat.go.jp/SG1/estat/Pdfdl.do?sinfid=000012449985,false
07465,福島県,,西白河郡,中島村,,9,1,032,阿武隈川,13,阿武隈川,要現行資料照合,未確認,2010-02-01,https://www.e-stat.go.jp/SG1/estat/Pdfdl.do?sinfid=000012449985,2010-02-01,https://www.e-stat.go.jp/SG1/estat/Pdfdl.do?sinfid=000012449985,false
07466,福島県,,西白河郡,矢吹町,,9,4,032,阿武隈川,13,阿武隈川,要現行資料照合,未確認,2010-02-01,https://www.e-stat.go.jp/SG1/estat/Pdfdl.do?sinfid=000012449985,2010-02-01,https://www.e-stat.go.jp/SG1/estat/Pdfdl.do?sinfid=000012449985,false
07481,福島県,,東白川郡,棚倉町,,9,1,034,奥久慈,16,那珂川,要現行資料照合,未確認,2010-02-01,https://www.e-stat.go.jp/SG1/estat/Pdfdl.do?sinfid=000012449985,2010-02-01,https://www.e-stat.go.jp/SG1/estat/Pdfdl.do?sinfid=000012449985,false
07482,福島県,,東白川郡,矢祭町,,9,1,034,奥久慈,16,那珂川,要現行資料照合,未確認,2010-02-01,https://www.e-stat.go.jp/SG1/estat/Pdfdl.do?sinfid=000012449985,2010-02-01,https://www.e-stat.go.jp/SG1/estat/Pdfdl.do?sinfid=000012449985,false
07483,福島県,,東白川郡,塙町,,9,1,034,奥久慈,16,那珂川,要現行資料照合,未確認,2010-02-01,https://www.e-stat.go.jp/SG1/estat/Pdfdl.do?sinfid=000012449985,2010-02-01,https://www.e-stat.go.jp/SG1/estat/Pdfdl.do?sinfid=000012449985,false
07484,福島県,,東白川郡,鮫川村,,9,1,034,奥久慈,16,那珂川,要現行資料照合,未確認,2010-02-01,https://www.e-stat.go.jp/SG1/estat/Pdfdl.do?sinfid=000012449985,2010-02-01,https://www.e-stat.go.jp/SG1/estat/Pdfdl.do?sinfid=000012449985,false
07501,福島県,,石川郡,石川町,,9,1,032,阿武隈川,13,阿武隈川,要現行資料照合,未確認,2010-02-01,https://www.e-stat.go.jp/SG1/estat/Pdfdl.do?sinfid=000012449985,2010-02-01,https://www.e-stat.go.jp/SG1/estat/Pdfdl.do?sinfid=000012449985,false
07502,福島県,,石川郡,玉川村,,9,1,032,阿武隈川,13,阿武隈川,要現行資料照合,未確認,2010-02-01,https://www.e-stat.go.jp/SG1/estat/Pdfdl.do?sinfid=000012449985,2010-02-01,https://www.e-stat.go.jp/SG1/estat/Pdfdl.do?sinfid=000012449985,false
07503,福島県,,石川郡,平田村,,9,1,032,阿武隈川,13,阿武隈川,要現行資料照合,未確認,2010-02-01,https://www.e-stat.go.jp/SG1/estat/Pdfdl.do?sinfid=000012449985,2010-02-01,https://www.e-stat.go.jp/SG1/estat/Pdfdl.do?sinfid=000012449985,false
07504,福島県,,石川郡,浅川町,,9,1,032,阿武隈川,13,阿武隈川,要現行資料照合,未確認,2010-02-01,https://www.e-stat.go.jp/SG1/estat/Pdfdl.do?sinfid=000012449985,2010-02-01,https://www.e-stat.go.jp/SG1/estat/Pdfdl.do?sinfid=000012449985,false
07505,福島県,,石川郡,古殿町,,9,1,032,阿武隈川,13,阿武隈川,要現行資料照合,未確認,2010-02-01,https://www.e-stat.go.jp/SG1/estat/Pdfdl.do?sinfid=000012449985,2010-02-01,https://www.e-stat.go.jp/SG1/estat/Pdfdl.do?sinfid=000012449985,false
07521,福島県,,田村郡,三春町,,9,1,032,阿武隈川,13,阿武隈川,要現行資料照合,未確認,2010-02-01,https://www.e-stat.go.jp/SG1/estat/Pdfdl.do?sinfid=000012449985,2010-02-01,https://www.e-stat.go.jp/SG1/estat/Pdfdl.do?sinfid=000012449985,false
07522,福島県,,田村郡,小野町,,9,1,032,阿武隈川,13,阿武隈川,要現行資料照合,未確認,2010-02-01,https://www.e-stat.go.jp/SG1/estat/Pdfdl.do?sinfid=000012449985,2010-02-01,https://www.e-stat.go.jp/SG1/estat/Pdfdl.do?sinfid=000012449985,false
07541,福島県,,双葉郡,広野町,,9,3,031,磐城,13,阿武隈川,要現行資料照合,未確認,2010-02-01,https://www.e-stat.go.jp/SG1/estat/Pdfdl.do?sinfid=000012449985,2010-02-01,https://www.e-stat.go.jp/SG1/estat/Pdfdl.do?sinfid=000012449985,false
07542,福島県,,双葉郡,楢葉町,,9,2,031,磐城,13,阿武隈川,要現行資料照合,未確認,2010-02-01,https://www.e-stat.go.jp/SG1/estat/Pdfdl.do?sinfid=000012449985,2010-02-01,https://www.e-stat.go.jp/SG1/estat/Pdfdl.do?sinfid=000012449985,false
07543,福島県,,双葉郡,富岡町,,9,7,031,磐城,13,阿武隈川,要現行資料照合,未確認,2010-02-01,https://www.e-stat.go.jp/SG1/estat/Pdfdl.do?sinfid=000012449985,2010-02-01,https://www.e-stat.go.jp/SG1/estat/Pdfdl.do?sinfid=000012449985,false
07544,福島県,,双葉郡,川内村,,9,1,031,磐城,13,阿武隈川,要現行資料照合,未確認,2010-02-01,https://www.e-stat.go.jp/SG1/estat/Pdfdl.do?sinfid=000012449985,2010-02-01,https://www.e-stat.go.jp/SG1/estat/Pdfdl.do?sinfid=000012449985,false
07545,福島県,,双葉郡,大熊町,,9,4,031,磐城,13,阿武隈川,要現行資料照合,未確認,2010-02-01,https://www.e-stat.go.jp/SG1/estat/Pdfdl.do?sinfid=000012449985,2010-02-01,https://www.e-stat.go.jp/SG1/estat/Pdfdl.do?sinfid=000012449985,false
07546,福島県,,双葉郡,双葉町,,9,1,031,磐城,13,阿武隈川,要現行資料照合,未確認,2010-02-01,https://www.e-stat.go.jp/SG1/estat/Pdfdl.do?sinfid=000012449985,2010-02-01,https://www.e-stat.go.jp/SG1/estat/Pdfdl.do?sinfid=000012449985,false
07547,福島県,,双葉郡,浪江町,,9,8,031,磐城,13,阿武隈川,要現行資料照合,未確認,2010-02-01,https://www.e-stat.go.jp/SG1/estat/Pdfdl.do?sinfid=000012449985,2010-02-01,https://www.e-stat.go.jp/SG1/estat/Pdfdl.do?sinfid=000012449985,false
07548,福島県,,双葉郡,葛尾村,,9,1,031,磐城,13,阿武隈川,要現行資料照合,未確認,2010-02-01,https://www.e-stat.go.jp/SG1/estat/Pdfdl.do?sinfid=000012449985,2010-02-01,https://www.e-stat.go.jp/SG1/estat/Pdfdl.do?sinfid=000012449985,false
07561,福島県,,相馬郡,新地町,,9,8,031,磐城,13,阿武隈川,要現行資料照合,未確認,2010-02-01,https://www.e-stat.go.jp/SG1/estat/Pdfdl.do?sinfid=000012449985,2010-02-01,https://www.e-stat.go.jp/SG1/estat/Pdfdl.do?sinfid=000012449985,false
07564,福島県,,相馬郡,飯舘村,,9,1,031,磐城,13,阿武隈川,要現行資料照合,未確認,2010-02-01,https://www.e-stat.go.jp/SG1/estat/Pdfdl.do?sinfid=000012449985,2010-02-01,https://www.e-stat.go.jp/SG1/estat/Pdfdl.do?sinfid=000012449985,false
08201,茨城県,,,水戸市,,9,1,036,水戸那珂,16,那珂川,要現行資料照合,未確認,2010-02-01,https://www.e-stat.go.jp/SG1/estat/Pdfdl.do?sinfid=000012449985,2010-02-01,https://www.e-stat.go.jp/SG1/estat/Pdfdl.do?sinfid=000012449985,false
08202,茨城県,,,日立市,,9,32,035,八溝多賀,16,那珂川,要現行資料照合,未確認,2010-02-01,https://www.e-stat.go.jp/SG1/estat/Pdfdl.do?sinfid=000012449985,2010-02-01,https://www.e-stat.go.jp/SG1/estat/Pdfdl.do?sinfid=000012449985,false
08203,茨城県,,,土浦市,,9,1,037,霞ヶ浦,17,利根川,要現行資料照合,未確認,2010-02-01,https://www.e-stat.go.jp/SG1/estat/Pdfdl.do?sinfid=000012449985,2010-02-01,https://www.e-stat.go.jp/SG1/estat/Pdfdl.do?sinfid=000012449985,false
08204,茨城県,,,古河市,,9,1,037,霞ヶ浦,17,利根川,要現行資料照合,未確認,2010-02-01,https://www.e-stat.go.jp/SG1/estat/Pdfdl.do?sinfid=000012449985,2010-02-01,https://www.e-stat.go.jp/SG1/estat/Pdfdl.do?sinfid=000012449985,false
08205,茨城県,,,石岡市,,9,1,037,霞ヶ浦,17,利根川,要現行資料照合,未確認,2010-02-01,https://www.e-stat.go.jp/SG1/estat/Pdfdl.do?sinfid=000012449985,2010-02-01,https://www.e-stat.go.jp/SG1/estat/Pdfdl.do?sinfid=000012449985,false
08207,茨城県,,,結城市,,9,1,037,霞ヶ浦,17,利根川,要現行資料照合,未確認,2010-02-01,https://www.e-stat.go.jp/SG1/estat/Pdfdl.do?sinfid=000012449985,2010-02-01,https://www.e-stat.go.jp/SG1/estat/Pdfdl.do?sinfid=000012449985,false
08208,茨城県,,,龍ケ崎市,,9,2,037,霞ヶ浦,17,利根川,要現行資料照合,未確認,2010-02-01,https://www.e-stat.go.jp/SG1/estat/Pdfdl.do?sinfid=000012449985,2010-02-01,https://www.e-stat.go.jp/SG1/estat/Pdfdl.do?sinfid=000012449985,false
08210,茨城県,,,下妻市,,9,2,037,霞ヶ浦,17,利根川,要現行資料照合,未確認,2010-02-01,https://www.e-stat.go.jp/SG1/estat/Pdfdl.do?sinfid=000012449985,2010-02-01,https://www.e-stat.go.jp/SG1/estat/Pdfdl.do?sinfid=000012449985,false
08211,茨城県,,,常総市,,9,1,037,霞ヶ浦,17,利根川,要現行資料照合,未確認,2010-02-01,https://www.e-stat.go.jp/SG1/estat/Pdfdl.do?sinfid=000012449985,2010-02-01,https://www.e-stat.go.jp/SG1/estat/Pdfdl.do?sinfid=000012449985,false
08212,茨城県,,,常陸太田市,,9,1,035,八溝多賀,16,那珂川,要現行資料照合,未確認,2010-02-01,https://www.e-stat.go.jp/SG1/estat/Pdfdl.do?sinfid=000012449985,2010-02-01,https://www.e-stat.go.jp/SG1/estat/Pdfdl.do?sinfid=000012449985,false
08214,茨城県,,,高萩市,,9,7,035,八溝多賀,16,那珂川,要現行資料照合,未確認,2010-02-01,https://www.e-stat.go.jp/SG1/estat/Pdfdl.do?sinfid=000012449985,2010-02-01,https://www.e-stat.go.jp/SG1/estat/Pdfdl.do?sinfid=000012449985,false
08215,茨城県,,,北茨城市,,9,25,035,八溝多賀,16,那珂川,要現行資料照合,未確認,2010-02-01,https://www.e-stat.go.jp/SG1/estat/Pdfdl.do?sinfid=000012449985,2010-02-01,https://www.e-stat.go.jp/SG1/estat/Pdfdl.do?sinfid=000012449985,false
08216,茨城県,,,笠間市,,9,1,036,水戸那珂,16,那珂川,要現行資料照合,未確認,2010-02-01,https://www.e-stat.go.jp/SG1/estat/Pdfdl.do?sinfid=000012449985,2010-02-01,https://www.e-stat.go.jp/SG1/estat/Pdfdl.do?sinfid=000012449985,false
08217,茨城県,,,取手市,,9,1,037,霞ヶ浦,17,利根川,要現行資料照合,未確認,2010-02-01,https://www.e-stat.go.jp/SG1/estat/Pdfdl.do?sinfid=000012449985,2010-02-01,https://www.e-stat.go.jp/SG1/estat/Pdfdl.do?sinfid=000012449985,false
08219,茨城県,,,牛久市,,9,1,037,霞ヶ浦,17,利根川,要現行資料照合,未確認,2010-02-01,https://www.e-stat.go.jp/SG1/estat/Pdfdl.do?sinfid=000012449985,2010-02-01,https://www.e-stat.go.jp/SG1/estat/Pdfdl.do?sinfid=000012449985,false
08220,茨城県,,,つくば市,,9,1,037,霞ヶ浦,17,利根川,要現行資料照合,未確認,2010-02-01,https://www.e-stat.go.jp/SG1/estat/Pdfdl.do?sinfid=000012449985,2010-02-01,https://www.e-stat.go.jp/SG1/estat/Pdfdl.do?sinfid=000012449985,false
08221,茨城県,,,ひたちなか市,,9,4,036,水戸那珂,16,那珂川,要現行資料照合,未確認,2010-02-01,https://www.e-stat.go.jp/SG1/estat/Pdfdl.do?sinfid=000012449985,2010-02-01,https://www.e-stat.go.jp/SG1/estat/Pdfdl.do?sinfid=000012449985,false
08222,茨城県,,,鹿嶋市,,9,3,037,霞ヶ浦,17,利根川,要現行資料照合,未確認,2010-02-01,https://www.e-stat.go.jp/SG1/estat/Pdfdl.do?sinfid=000012449985,2010-02-01,https://www.e-stat.go.jp/SG1/estat/Pdfdl.do?sinfid=000012449985,false
08223,茨城県,,,潮来市,,9,1,037,霞ヶ浦,17,利根川,要現行資料照合,未確認,2010-02-01,https://www.e-stat.go.jp/SG1/estat/Pdfdl.do?sinfid=000012449985,2010-02-01,https://www.e-stat.go.jp/SG1/estat/Pdfdl.do?sinfid=000012449985,false
08224,茨城県,,,守谷市,,9,1,037,霞ヶ浦,17,利根川,要現行資料照合,未確認,2010-02-01,https://www.e-stat.go.jp/SG1/estat/Pdfdl.do?sinfid=000012449985,2010-02-01,https://www.e-stat.go.jp/SG1/estat/Pdfdl.do?sinfid=000012449985,false
08225,茨城県,,,常陸大宮市,,9,1,035,八溝多賀,16,那珂川,要現行資料照合,未確認,2010-02-01,https://www.e-stat.go.jp/SG1/estat/Pdfdl.do?sinfid=000012449985,2010-02-01,https://www.e-stat.go.jp/SG1/estat/Pdfdl.do?sinfid=000012449985,false
08226,茨城県,,,那珂市,,9,1,036,水戸那珂,16,那珂川,要現行資料照合,未確認,2010-02-01,https://www.e-stat.go.jp/SG1/estat/Pdfdl.do?sinfid=000012449985,2010-02-01,https://www.e-stat.go.jp/SG1/estat/Pdfdl.do?sinfid=000012449985,false
08227,茨城県,,,筑西市,,9,1,037,霞ヶ浦,17,利根川,要現行資料照合,未確認,2010-02-01,https://www.e-stat.go.jp/SG1/estat/Pdfdl.do?sinfid=000012449985,2010-02-01,https://www.e-stat.go.jp/SG1/estat/Pdfdl.do?sinfid=000012449985,false
08228,茨城県,,,坂東市,,9,3,037,霞ヶ浦,17,利根川,要現行資料照合,未確認,2010-02-01,https://www.e-stat.go.jp/SG1/estat/Pdfdl.do?sinfid=000012449985,2010-02-01,https://www.e-stat.go.jp/SG1/estat/Pdfdl.do?sinfid=000012449985,false
08229,茨城県,,,稲敷市,,9,1,037,霞ヶ浦,17,利根川,要現行資料照合,未確認,2010-02-01,https://www.e-stat.go.jp/SG1/estat/Pdfdl.do?sinfid=000012449985,2010-02-01,https://www.e-stat.go.jp/SG1/estat/Pdfdl.do?sinfid=000012449985,false
08230,茨城県,,,かすみがうら市,,9,1,037,霞ヶ浦,17,利根川,要現行資料照合,未確認,2010-02-01,https://www.e-stat.go.jp/SG1/estat/Pdfdl.do?sinfid=000012449985,2010-02-01,https://www.e-stat.go.jp/SG1/estat/Pdfdl.do?sinfid=000012449985,false
08231,茨城県,,,桜川市,,9,1,037,霞ヶ浦,17,利根川,要現行資料照合,未確認,2010-02-01,https://www.e-stat.go.jp/SG1/estat/Pdfdl.do?sinfid=000012449985,2010-02-01,https://www.e-stat.go.jp/SG1/estat/Pdfdl.do?sinfid=000012449985,false
08232,茨城県,,,神栖市,,9,5,037,霞ヶ浦,17,利根川,要現行資料照合,未確認,2010-02-01,https://www.e-stat.go.jp/SG1/estat/Pdfdl.do?sinfid=000012449985,2010-02-01,https://www.e-stat.go.jp/SG1/estat/Pdfdl.do?sinfid=000012449985,false
08233,茨城県,,,行方市,,9,1,037,霞ヶ浦,17,利根川,要現行資料照合,未確認,2010-02-01,https://www.e-stat.go.jp/SG1/estat/Pdfdl.do?sinfid=000012449985,2010-02-01,https://www.e-stat.go.jp/SG1/estat/Pdfdl.do?sinfid=000012449985,false
08234,茨城県,,,鉾田市,,9,1,037,霞ヶ浦,17,利根川,要現行資料照合,未確認,2010-02-01,https://www.e-stat.go.jp/SG1/estat/Pdfdl.do?sinfid=000012449985,2010-02-01,https://www.e-stat.go.jp/SG1/estat/Pdfdl.do?sinfid=000012449985,false
08235,茨城県,,,つくばみらい市,,9,1,037,霞ヶ浦,17,利根川,要現行資料照合,未確認,2010-02-01,https://www.e-stat.go.jp/SG1/estat/Pdfdl.do?sinfid=000012449985,2010-02-01,https://www.e-stat.go.jp/SG1/estat/Pdfdl.do?sinfid=000012449985,false
08236,茨城県,,,小美玉市,,9,1,037,霞ヶ浦,17,利根川,要現行資料照合,未確認,2010-02-01,https://www.e-stat.go.jp/SG1/estat/Pdfdl.do?sinfid=000012449985,2010-02-01,https://www.e-stat.go.jp/SG1/estat/Pdfdl.do?sinfid=000012449985,false
08302,茨城県,,東茨城郡,茨城町,,9,1,036,水戸那珂,16,那珂川,要現行資料照合,未確認,2010-02-01,https://www.e-stat.go.jp/SG1/estat/Pdfdl.do?sinfid=000012449985,2010-02-01,https://www.e-stat.go.jp/SG1/estat/Pdfdl.do?sinfid=000012449985,false
08309,茨城県,,東茨城郡,大洗町,,9,99,036,水戸那珂,16,那珂川,要現行資料照合,未確認,2010-02-01,https://www.e-stat.go.jp/SG1/estat/Pdfdl.do?sinfid=000012449985,2010-02-01,https://www.e-stat.go.jp/SG1/estat/Pdfdl.do?sinfid=000012449985,false
08310,茨城県,,東茨城郡,城里町,,9,1,036,水戸那珂,16,那珂川,要現行資料照合,未確認,2010-02-01,https://www.e-stat.go.jp/SG1/estat/Pdfdl.do?sinfid=000012449985,2010-02-01,https://www.e-stat.go.jp/SG1/estat/Pdfdl.do?sinfid=000012449985,false
08341,茨城県,,那珂郡,東海村,,9,3,036,水戸那珂,16,那珂川,要現行資料照合,未確認,2010-02-01,https://www.e-stat.go.jp/SG1/estat/Pdfdl.do?sinfid=000012449985,2010-02-01,https://www.e-stat.go.jp/SG1/estat/Pdfdl.do?sinfid=000012449985,false
08364,茨城県,,久慈郡,大子町,,9,1,035,八溝多賀,16,那珂川,要現行資料照合,未確認,2010-02-01,https://www.e-stat.go.jp/SG1/estat/Pdfdl.do?sinfid=000012449985,2010-02-01,https://www.e-stat.go.jp/SG1/estat/Pdfdl.do?sinfid=000012449985,false
08442,茨城県,,稲敷郡,美浦村,,9,1,037,霞ヶ浦,17,利根川,要現行資料照合,未確認,2010-02-01,https://www.e-stat.go.jp/SG1/estat/Pdfdl.do?sinfid=000012449985,2010-02-01,https://www.e-stat.go.jp/SG1/estat/Pdfdl.do?sinfid=000012449985,false
08443,茨城県,,稲敷郡,阿見町,,9,1,037,霞ヶ浦,17,利根川,要現行資料照合,未確認,2010-02-01,https://www.e-stat.go.jp/SG1/estat/Pdfdl.do?sinfid=000012449985,2010-02-01,https://www.e-stat.go.jp/SG1/estat/Pdfdl.do?sinfid=000012449985,false
08447,茨城県,,稲敷郡,河内町,,9,1,037,霞ヶ浦,17,利根川,要現行資料照合,未確認,2010-02-01,https://www.e-stat.go.jp/SG1/estat/Pdfdl.do?sinfid=000012449985,2010-02-01,https://www.e-stat.go.jp/SG1/estat/Pdfdl.do?sinfid=000012449985,false
08521,茨城県,,結城郡,八千代町,,9,1,037,霞ヶ浦,17,利根川,要現行資料照合,未確認,2010-02-01,https://www.e-stat.go.jp/SG1/estat/Pdfdl.do?sinfid=000012449985,2010-02-01,https://www.e-stat.go.jp/SG1/estat/Pdfdl.do?sinfid=000012449985,false
08542,茨城県,,猿島郡,五霞町,,9,1,037,霞ヶ浦,17,利根川,要現行資料照合,未確認,2010-02-01,https://www.e-stat.go.jp/SG1/estat/Pdfdl.do?sinfid=000012449985,2010-02-01,https://www.e-stat.go.jp/SG1/estat/Pdfdl.do?sinfid=000012449985,false
08546,茨城県,,猿島郡,境町,,9,3,037,霞ヶ浦,17,利根川,要現行資料照合,未確認,2010-02-01,https://www.e-stat.go.jp/SG1/estat/Pdfdl.do?sinfid=000012449985,2010-02-01,https://www.e-stat.go.jp/SG1/estat/Pdfdl.do?sinfid=000012449985,false
08564,茨城県,,北相馬郡,利根町,,9,1,037,霞ヶ浦,17,利根川,要現行資料照合,未確認,2010-02-01,https://www.e-stat.go.jp/SG1/estat/Pdfdl.do?sinfid=000012449985,2010-02-01,https://www.e-stat.go.jp/SG1/estat/Pdfdl.do?sinfid=000012449985,false
09201,栃木県,,,宇都宮市,,9,1,039,鬼怒川,17,利根川,要現行資料照合,未確認,2010-02-01,https://www.e-stat.go.jp/SG1/estat/Pdfdl.do?sinfid=000012449985,2010-02-01,https://www.e-stat.go.jp/SG1/estat/Pdfdl.do?sinfid=000012449985,false
09202,栃木県,,,足利市,,9,1,040,渡良瀬川,17,利根川,要現行資料照合,未確認,2010-02-01,https://www.e-stat.go.jp/SG1/estat/Pdfdl.do?sinfid=000012449985,2010-02-01,https://www.e-stat.go.jp/SG1/estat/Pdfdl.do?sinfid=000012449985,false
09203,栃木県,,,栃木市,,9,1,040,渡良瀬川,17,利根川,要現行資料照合,未確認,2010-02-01,https://www.e-stat.go.jp/SG1/estat/Pdfdl.do?sinfid=000012449985,2010-02-01,https://www.e-stat.go.jp/SG1/estat/Pdfdl.do?sinfid=000012449985,false
09204,栃木県,,,佐野市,,9,2,040,渡良瀬川,17,利根川,要現行資料照合,未確認,2010-02-01,https://www.e-stat.go.jp/SG1/estat/Pdfdl.do?sinfid=000012449985,2010-02-01,https://www.e-stat.go.jp/SG1/estat/Pdfdl.do?sinfid=000012449985,false
09205,栃木県,,,鹿沼市,,9,1,040,渡良瀬川,17,利根川,要現行資料照合,未確認,2010-02-01,https://www.e-stat.go.jp/SG1/estat/Pdfdl.do?sinfid=000012449985,2010-02-01,https://www.e-stat.go.jp/SG1/estat/Pdfdl.do?sinfid=000012449985,false
09206,栃木県,,,日光市,,9,1,039,鬼怒川,17,利根川,要現行資料照合,未確認,2010-02-01,https://www.e-stat.go.jp/SG1/estat/Pdfdl.do?sinfid=000012449985,2010-02-01,https://www.e-stat.go.jp/SG1/estat/Pdfdl.do?sinfid=000012449985,false
09208,栃木県,,,小山市,,9,1,040,渡良瀬川,17,利根川,要現行資料照合,未確認,2010-02-01,https://www.e-stat.go.jp/SG1/estat/Pdfdl.do?sinfid=000012449985,2010-02-01,https://www.e-stat.go.jp/SG1/estat/Pdfdl.do?sinfid=000012449985,false
09209,栃木県,,,真岡市,,9,1,039,鬼怒川,17,利根川,要現行資料照合,未確認,2010-02-01,https://www.e-stat.go.jp/SG1/estat/Pdfdl.do?sinfid=000012449985,2010-02-01,https://www.e-stat.go.jp/SG1/estat/Pdfdl.do?sinfid=000012449985,false
09210,栃木県,,,大田原市,,9,1,038,那珂川,16,那珂川,要現行資料照合,未確認,2010-02-01,https://www.e-stat.go.jp/SG1/estat/Pdfdl.do?sinfid=000012449985,2010-02-01,https://www.e-stat.go.jp/SG1/estat/Pdfdl.do?sinfid=000012449985,false
09211,栃木県,,,矢板市,,9,1,038,那珂川,16,那珂川,要現行資料照合,未確認,2010-02-01,https://www.e-stat.go.jp/SG1/estat/Pdfdl.do?sinfid=000012449985,2010-02-01,https://www.e-stat.go.jp/SG1/estat/Pdfdl.do?sinfid=000012449985,false
09213,栃木県,,,那須塩原市,,9,2,038,那珂川,16,那珂川,要現行資料照合,未確認,2010-02-01,https://www.e-stat.go.jp/SG1/estat/Pdfdl.do?sinfid=000012449985,2010-02-01,https://www.e-stat.go.jp/SG1/estat/Pdfdl.do?sinfid=000012449985,false
09214,栃木県,,,さくら市,,9,1,038,那珂川,16,那珂川,要現行資料照合,未確認,2010-02-01,https://www.e-stat.go.jp/SG1/estat/Pdfdl.do?sinfid=000012449985,2010-02-01,https://www.e-stat.go.jp/SG1/estat/Pdfdl.do?sinfid=000012449985,false
09215,栃木県,,,那須烏山市,,9,1,038,那珂川,16,那珂川,要現行資料照合,未確認,2010-02-01,https://www.e-stat.go.jp/SG1/estat/Pdfdl.do?sinfid=000012449985,2010-02-01,https://www.e-stat.go.jp/SG1/estat/Pdfdl.do?sinfid=000012449985,false
09216,栃木県,,,下野市,,9,1,040,渡良瀬川,17,利根川,要現行資料照合,未確認,2010-02-01,https://www.e-stat.go.jp/SG1/estat/Pdfdl.do?sinfid=000012449985,2010-02-01,https://www.e-stat.go.jp/SG1/estat/Pdfdl.do?sinfid=000012449985,false
09301,栃木県,,河内郡,上三川町,,9,2,039,鬼怒川,17,利根川,要現行資料照合,未確認,2010-02-01,https://www.e-stat.go.jp/SG1/estat/Pdfdl.do?sinfid=000012449985,2010-02-01,https://www.e-stat.go.jp/SG1/estat/Pdfdl.do?sinfid=000012449985,false
09342,栃木県,,芳賀郡,益子町,,9,1,039,鬼怒川,17,利根川,要現行資料照合,未確認,2010-02-01,https://www.e-stat.go.jp/SG1/estat/Pdfdl.do?sinfid=000012449985,2010-02-01,https://www.e-stat.go.jp/SG1/estat/Pdfdl.do?sinfid=000012449985,false
09343,栃木県,,芳賀郡,茂木町,,9,1,038,那珂川,16,那珂川,要現行資料照合,未確認,2010-02-01,https://www.e-stat.go.jp/SG1/estat/Pdfdl.do?sinfid=000012449985,2010-02-01,https://www.e-stat.go.jp/SG1/estat/Pdfdl.do?sinfid=000012449985,false
09344,栃木県,,芳賀郡,市貝町,,9,1,039,鬼怒川,17,利根川,要現行資料照合,未確認,2010-02-01,https://www.e-stat.go.jp/SG1/estat/Pdfdl.do?sinfid=000012449985,2010-02-01,https://www.e-stat.go.jp/SG1/estat/Pdfdl.do?sinfid=000012449985,false
09345,栃木県,,芳賀郡,芳賀町,,9,1,039,鬼怒川,17,利根川,要現行資料照合,未確認,2010-02-01,https://www.e-stat.go.jp/SG1/estat/Pdfdl.do?sinfid=000012449985,2010-02-01,https://www.e-stat.go.jp/SG1/estat/Pdfdl.do?sinfid=000012449985,false
09361,栃木県,,下都賀郡,壬生町,,9,1,040,渡良瀬川,17,利根川,要現行資料照合,未確認,2010-02-01,https://www.e-stat.go.jp/SG1/estat/Pdfdl.do?sinfid=000012449985,2010-02-01,https://www.e-stat.go.jp/SG1/estat/Pdfdl.do?sinfid=000012449985,false
09364,栃木県,,下都賀郡,野木町,,9,1,040,渡良瀬川,17,利根川,要現行資料照合,未確認,2010-02-01,https://www.e-stat.go.jp/SG1/estat/Pdfdl.do?sinfid=000012449985,2010-02-01,https://www.e-stat.go.jp/SG1/estat/Pdfdl.do?sinfid=000012449985,false
09384,栃木県,,塩谷郡,塩谷町,,9,1,038,那珂川,16,那珂川,要現行資料照合,未確認,2010-02-01,https://www.e-stat.go.jp/SG1/estat/Pdfdl.do?sinfid=000012449985,2010-02-01,https://www.e-stat.go.jp/SG1/estat/Pdfdl.do?sinfid=000012449985,false
09386,栃木県,,塩谷郡,高根沢町,,9,1,039,鬼怒川,17,利根川,要現行資料照合,未確認,2010-02-01,https://www.e-stat.go.jp/SG1/estat/Pdfdl.do?sinfid=000012449985,2010-02-01,https://www.e-stat.go.jp/SG1/estat/Pdfdl.do?sinfid=000012449985,false
09407,栃木県,,那須郡,那須町,,9,1,038,那珂川,16,那珂川,要現行資料照合,未確認,2010-02-01,https://www.e-stat.go.jp/SG1/estat/Pdfdl.do?sinfid=000012449985,2010-02-01,https://www.e-stat.go.jp/SG1/estat/Pdfdl.do?sinfid=000012449985,false
09411,栃木県,,那須郡,那珂川町,,9,1,038,那珂川,16,那珂川,要現行資料照合,未確認,2010-02-01,https://www.e-stat.go.jp/SG1/estat/Pdfdl.do?sinfid=000012449985,2010-02-01,https://www.e-stat.go.jp/SG1/estat/Pdfdl.do?sinfid=000012449985,false
10201,群馬県,,,前橋市,,9,1,043,利根下流,17,利根川,要現行資料照合,未確認,2010-02-01,https://www.e-stat.go.jp/SG1/estat/Pdfdl.do?sinfid=000012449985,2010-02-01,https://www.e-stat.go.jp/SG1/estat/Pdfdl.do?sinfid=000012449985,false
10202,群馬県,,,高崎市,,9,2,044,西毛,17,利根川,要現行資料照合,未確認,2010-02-01,https://www.e-stat.go.jp/SG1/estat/Pdfdl.do?sinfid=000012449985,2010-02-01,https://www.e-stat.go.jp/SG1/estat/Pdfdl.do?sinfid=000012449985,false
10203,群馬県,,,桐生市,,9,2,043,利根下流,17,利根川,要現行資料照合,未確認,2010-02-01,https://www.e-stat.go.jp/SG1/estat/Pdfdl.do?sinfid=000012449985,2010-02-01,https://www.e-stat.go.jp/SG1/estat/Pdfdl.do?sinfid=000012449985,false
10204,群馬県,,,伊勢崎市,,9,1,043,利根下流,17,利根川,要現行資料照合,未確認,2010-02-01,https://www.e-stat.go.jp/SG1/estat/Pdfdl.do?sinfid=000012449985,2010-02-01,https://www.e-stat.go.jp/SG1/estat/Pdfdl.do?sinfid=000012449985,false
10205,群馬県,,,太田市,,9,1,043,利根下流,17,利根川,要現行資料照合,未確認,2010-02-01,https://www.e-stat.go.jp/SG1/estat/Pdfdl.do?sinfid=000012449985,2010-02-01,https://www.e-stat.go.jp/SG1/estat/Pdfdl.do?sinfid=000012449985,false
10206,群馬県,,,沼田市,,9,1,041,利根上流,17,利根川,要現行資料照合,未確認,2010-02-01,https://www.e-stat.go.jp/SG1/estat/Pdfdl.do?sinfid=000012449985,2010-02-01,https://www.e-stat.go.jp/SG1/estat/Pdfdl.do?sinfid=000012449985,false
10207,群馬県,,,館林市,,9,1,043,利根下流,17,利根川,要現行資料照合,未確認,2010-02-01,https://www.e-stat.go.jp/SG1/estat/Pdfdl.do?sinfid=000012449985,2010-02-01,https://www.e-stat.go.jp/SG1/estat/Pdfdl.do?sinfid=000012449985,false
10208,群馬県,,,渋川市,,9,1,043,利根下流,17,利根川,要現行資料照合,未確認,2010-02-01,https://www.e-stat.go.jp/SG1/estat/Pdfdl.do?sinfid=000012449985,2010-02-01,https://www.e-stat.go.jp/SG1/estat/Pdfdl.do?sinfid=000012449985,false
10209,群馬県,,,藤岡市,,9,1,044,西毛,17,利根川,要現行資料照合,未確認,2010-02-01,https://www.e-stat.go.jp/SG1/estat/Pdfdl.do?sinfid=000012449985,2010-02-01,https://www.e-stat.go.jp/SG1/estat/Pdfdl.do?sinfid=000012449985,false
10210,群馬県,,,富岡市,,9,1,044,西毛,17,利根川,要現行資料照合,未確認,2010-02-01,https://www.e-stat.go.jp/SG1/estat/Pdfdl.do?sinfid=000012449985,2010-02-01,https://www.e-stat.go.jp/SG1/estat/Pdfdl.do?sinfid=000012449985,false
10211,群馬県,,,安中市,,9,1,044,西毛,17,利根川,要現行資料照合,未確認,2010-02-01,https://www.e-stat.go.jp/SG1/estat/Pdfdl.do?sinfid=000012449985,2010-02-01,https://www.e-stat.go.jp/SG1/estat/Pdfdl.do?sinfid=000012449985,false
10212,群馬県,,,みどり市,,9,1,043,利根下流,17,利根川,要現行資料照合,未確認,2010-02-01,https://www.e-stat.go.jp/SG1/estat/Pdfdl.do?sinfid=000012449985,2010-02-01,https://www.e-stat.go.jp/SG1/estat/Pdfdl.do?sinfid=000012449985,false
10344,群馬県,,北群馬郡,榛東村,,9,1,043,利根下流,17,利根川,要現行資料照合,未確認,2010-02-01,https://www.e-stat.go.jp/SG1/estat/Pdfdl.do?sinfid=000012449985,2010-02-01,https://www.e-stat.go.jp/SG1/estat/Pdfdl.do?sinfid=000012449985,false
10345,群馬県,,北群馬郡,吉岡町,,9,1,043,利根下流,17,利根川,要現行資料照合,未確認,2010-02-01,https://www.e-stat.go.jp/SG1/estat/Pdfdl.do?sinfid=000012449985,2010-02-01,https://www.e-stat.go.jp/SG1/estat/Pdfdl.do?sinfid=000012449985,false
10366,群馬県,,多野郡,上野村,,9,1,044,西毛,17,利根川,要現行資料照合,未確認,2010-02-01,https://www.e-stat.go.jp/SG1/estat/Pdfdl.do?sinfid=000012449985,2010-02-01,https://www.e-stat.go.jp/SG1/estat/Pdfdl.do?sinfid=000012449985,false
10367,群馬県,,多野郡,神流町,,9,1,044,西毛,17,利根川,要現行資料照合,未確認,2010-02-01,https://www.e-stat.go.jp/SG1/estat/Pdfdl.do?sinfid=000012449985,2010-02-01,https://www.e-stat.go.jp/SG1/estat/Pdfdl.do?sinfid=000012449985,false
10382,群馬県,,甘楽郡,下仁田町,,9,1,044,西毛,17,利根川,要現行資料照合,未確認,2010-02-01,https://www.e-stat.go.jp/SG1/estat/Pdfdl.do?sinfid=000012449985,2010-02-01,https://www.e-stat.go.jp/SG1/estat/Pdfdl.do?sinfid=000012449985,false
10383,群馬県,,甘楽郡,南牧村,,9,1,044,西毛,17,利根川,要現行資料照合,未確認,2010-02-01,https://www.e-stat.go.jp/SG1/estat/Pdfdl.do?sinfid=000012449985,2010-02-01,https://www.e-stat.go.jp/SG1/estat/Pdfdl.do?sinfid=000012449985,false
10384,群馬県,,甘楽郡,甘楽町,,9,1,044,西毛,17,利根川,要現行資料照合,未確認,2010-02-01,https://www.e-stat.go.jp/SG1/estat/Pdfdl.do?sinfid=000012449985,2010-02-01,https://www.e-stat.go.jp/SG1/estat/Pdfdl.do?sinfid=000012449985,false
10421,群馬県,,吾妻郡,中之条町,,9,1,042,吾妻,17,利根川,要現行資料照合,未確認,2010-02-01,https://www.e-stat.go.jp/SG1/estat/Pdfdl.do?sinfid=000012449985,2010-02-01,https://www.e-stat.go.jp/SG1/estat/Pdfdl.do?sinfid=000012449985,false
10424,群馬県,,吾妻郡,長野原町,,9,1,042,吾妻,17,利根川,要現行資料照合,未確認,2010-02-01,https://www.e-stat.go.jp/SG1/estat/Pdfdl.do?sinfid=000012449985,2010-02-01,https://www.e-stat.go.jp/SG1/estat/Pdfdl.do?sinfid=000012449985,false
10425,群馬県,,吾妻郡,嬬恋村,,9,1,042,吾妻,17,利根川,要現行資料照合,未確認,2010-02-01,https://www.e-stat.go.jp/SG1/estat/Pdfdl.do?sinfid=000012449985,2010-02-01,https://www.e-stat.go.jp/SG1/estat/Pdfdl.do?sinfid=000012449985,false
10426,群馬県,,吾妻郡,草津町,,9,1,042,吾妻,17,利根川,要現行資料照合,未確認,2010-02-01,https://www.e-stat.go.jp/SG1/estat/Pdfdl.do?sinfid=000012449985,2010-02-01,https://www.e-stat.go.jp/SG1/estat/Pdfdl.do?sinfid=000012449985,false
10428,群馬県,,吾妻郡,高山村,,9,1,042,吾妻,17,利根川,要現行資料照合,未確認,2010-02-01,https://www.e-stat.go.jp/SG1/estat/Pdfdl.do?sinfid=000012449985,2010-02-01,https://www.e-stat.go.jp/SG1/estat/Pdfdl.do?sinfid=000012449985,false
10429,群馬県,,吾妻郡,東吾妻町,,9,1,042,吾妻,17,利根川,要現行資料照合,未確認,2010-02-01,https://www.e-stat.go.jp/SG1/estat/Pdfdl.do?sinfid=000012449985,2010-02-01,https://www.e-stat.go.jp/SG1/estat/Pdfdl.do?sinfid=000012449985,false
10443,群馬県,,利根郡,片品村,,9,1,041,利根上流,17,利根川,要現行資料照合,未確認,2010-02-01,https://www.e-stat.go.jp/SG1/estat/Pdfdl.do?sinfid=000012449985,2010-02-01,https://www.e-stat.go.jp/SG1/estat/Pdfdl.do?sinfid=000012449985,false
10444,群馬県,,利根郡,川場村,,9,1,041,利根上流,17,利根川,要現行資料照合,未確認,2010-02-01,https://www.e-stat.go.jp/SG1/estat/Pdfdl.do?sinfid=000012449985,2010-02-01,https://www.e-stat.go.jp/SG1/estat/Pdfdl.do?sinfid=000012449985,false
10448,群馬県,,利根郡,昭和村,,9,1,041,利根上流,17,利根川,要現行資料照合,未確認,2010-02-01,https://www.e-stat.go.jp/SG1/estat/Pdfdl.do?sinfid=000012449985,2010-02-01,https://www.e-stat.go.jp/SG1/estat/Pdfdl.do?sinfid=000012449985,false
10449,群馬県,,利根郡,みなかみ町,,9,1,041,利根上流,17,利根川,要現行資料照合,未確認,2010-02-01,https://www.e-stat.go.jp/SG1/estat/Pdfdl.do?sinfid=000012449985,2010-02-01,https://www.e-stat.go.jp/SG1/estat/Pdfdl.do?sinfid=000012449985,false
10464,群馬県,,佐波郡,玉村町,,9,1,043,利根下流,17,利根川,要現行資料照合,未確認,2010-02-01,https://www.e-stat.go.jp/SG1/estat/Pdfdl.do?sinfid=000012449985,2010-02-01,https://www.e-stat.go.jp/SG1/estat/Pdfdl.do?sinfid=000012449985,false
10521,群馬県,,邑楽郡,板倉町,,9,1,043,利根下流,17,利根川,要現行資料照合,未確認,2010-02-01,https://www.e-stat.go.jp/SG1/estat/Pdfdl.do?sinfid=000012449985,2010-02-01,https://www.e-stat.go.jp/SG1/estat/Pdfdl.do?sinfid=000012449985,false
10522,群馬県,,邑楽郡,明和町,,9,1,043,利根下流,17,利根川,要現行資料照合,未確認,2010-02-01,https://www.e-stat.go.jp/SG1/estat/Pdfdl.do?sinfid=000012449985,2010-02-01,https://www.e-stat.go.jp/SG1/estat/Pdfdl.do?sinfid=000012449985,false
10523,群馬県,,邑楽郡,千代田町,,9,1,043,利根下流,17,利根川,要現行資料照合,未確認,2010-02-01,https://www.e-stat.go.jp/SG1/estat/Pdfdl.do?sinfid=000012449985,2010-02-01,https://www.e-stat.go.jp/SG1/estat/Pdfdl.do?sinfid=000012449985,false
10524,群馬県,,邑楽郡,大泉町,,9,1,043,利根下流,17,利根川,要現行資料照合,未確認,2010-02-01,https://www.e-stat.go.jp/SG1/estat/Pdfdl.do?sinfid=000012449985,2010-02-01,https://www.e-stat.go.jp/SG1/estat/Pdfdl.do?sinfid=000012449985,false
10525,群馬県,,邑楽郡,邑楽町,,9,1,043,利根下流,17,利根川,要現行資料照合,未確認,2010-02-01,https://www.e-stat.go.jp/SG1/estat/Pdfdl.do?sinfid=000012449985,2010-02-01,https://www.e-stat.go.jp/SG1/estat/Pdfdl.do?sinfid=000012449985,false
11101,埼玉県,,,さいたま市,西区,9,2,045,埼玉,17,利根川,要現行資料照合,未確認,2010-02-01,https://www.e-stat.go.jp/SG1/estat/Pdfdl.do?sinfid=000012449985,2010-02-01,https://www.e-stat.go.jp/SG1/estat/Pdfdl.do?sinfid=000012449985,false
11102,埼玉県,,,さいたま市,北区,9,1,045,埼玉,17,利根川,要現行資料照合,未確認,2010-02-01,https://www.e-stat.go.jp/SG1/estat/Pdfdl.do?sinfid=000012449985,2010-02-01,https://www.e-stat.go.jp/SG1/estat/Pdfdl.do?sinfid=000012449985,false
11103,埼玉県,,,さいたま市,大宮区,9,1,045,埼玉,17,利根川,要現行資料照合,未確認,2010-02-01,https://www.e-stat.go.jp/SG1/estat/Pdfdl.do?sinfid=000012449985,2010-02-01,https://www.e-stat.go.jp/SG1/estat/Pdfdl.do?sinfid=000012449985,false
11104,埼玉県,,,さいたま市,見沼区,9,1,045,埼玉,17,利根川,要現行資料照合,未確認,2010-02-01,https://www.e-stat.go.jp/SG1/estat/Pdfdl.do?sinfid=000012449985,2010-02-01,https://www.e-stat.go.jp/SG1/estat/Pdfdl.do?sinfid=000012449985,false
11105,埼玉県,,,さいたま市,中央区,9,1,045,埼玉,17,利根川,要現行資料照合,未確認,2010-02-01,https://www.e-stat.go.jp/SG1/estat/Pdfdl.do?sinfid=000012449985,2010-02-01,https://www.e-stat.go.jp/SG1/estat/Pdfdl.do?sinfid=000012449985,false
11106,埼玉県,,,さいたま市,桜区,9,1,045,埼玉,17,利根川,要現行資料照合,未確認,2010-02-01,https://www.e-stat.go.jp/SG1/estat/Pdfdl.do?sinfid=000012449985,2010-02-01,https://www.e-stat.go.jp/SG1/estat/Pdfdl.do?sinfid=000012449985,false
11107,埼玉県,,,さいたま市,浦和区,9,1,045,埼玉,17,利根川,要現行資料照合,未確認,2010-02-01,https://www.e-stat.go.jp/SG1/estat/Pdfdl.do?sinfid=000012449985,2010-02-01,https://www.e-stat.go.jp/SG1/estat/Pdfdl.do?sinfid=000012449985,false
11108,埼玉県,,,さいたま市,南区,9,1,045,埼玉,17,利根川,要現行資料照合,未確認,2010-02-01,https://www.e-stat.go.jp/SG1/estat/Pdfdl.do?sinfid=000012449985,2010-02-01,https://www.e-stat.go.jp/SG1/estat/Pdfdl.do?sinfid=000012449985,false
11109,埼玉県,,,さいたま市,緑区,9,1,045,埼玉,17,利根川,要現行資料照合,未確認,2010-02-01,https://www.e-stat.go.jp/SG1/estat/Pdfdl.do?sinfid=000012449985,2010-02-01,https://www.e-stat.go.jp/SG1/estat/Pdfdl.do?sinfid=000012449985,false
11110,埼玉県,,,さいたま市,岩槻区,9,1,045,埼玉,17,利根川,要現行資料照合,未確認,2010-02-01,https://www.e-stat.go.jp/SG1/estat/Pdfdl.do?sinfid=000012449985,2010-02-01,https://www.e-stat.go.jp/SG1/estat/Pdfdl.do?sinfid=000012449985,false
11201,埼玉県,,,川越市,,9,1,045,埼玉,17,利根川,要現行資料照合,未確認,2010-02-01,https://www.e-stat.go.jp/SG1/estat/Pdfdl.do?sinfid=000012449985,2010-02-01,https://www.e-stat.go.jp/SG1/estat/Pdfdl.do?sinfid=000012449985,false
11202,埼玉県,,,熊谷市,,9,1,045,埼玉,17,利根川,要現行資料照合,未確認,2010-02-01,https://www.e-stat.go.jp/SG1/estat/Pdfdl.do?sinfid=000012449985,2010-02-01,https://www.e-stat.go.jp/SG1/estat/Pdfdl.do?sinfid=000012449985,false
11203,埼玉県,,,川口市,,9,1,045,埼玉,17,利根川,要現行資料照合,未確認,2010-02-01,https://www.e-stat.go.jp/SG1/estat/Pdfdl.do?sinfid=000012449985,2010-02-01,https://www.e-stat.go.jp/SG1/estat/Pdfdl.do?sinfid=000012449985,false
11206,埼玉県,,,行田市,,9,5,045,埼玉,17,利根川,要現行資料照合,未確認,2010-02-01,https://www.e-stat.go.jp/SG1/estat/Pdfdl.do?sinfid=000012449985,2010-02-01,https://www.e-stat.go.jp/SG1/estat/Pdfdl.do?sinfid=000012449985,false
11207,埼玉県,,,秩父市,,9,1,045,埼玉,17,利根川,要現行資料照合,未確認,2010-02-01,https://www.e-stat.go.jp/SG1/estat/Pdfdl.do?sinfid=000012449985,2010-02-01,https://www.e-stat.go.jp/SG1/estat/Pdfdl.do?sinfid=000012449985,false
11208,埼玉県,,,所沢市,,9,1,045,埼玉,17,利根川,要現行資料照合,未確認,2010-02-01,https://www.e-stat.go.jp/SG1/estat/Pdfdl.do?sinfid=000012449985,2010-02-01,https://www.e-stat.go.jp/SG1/estat/Pdfdl.do?sinfid=000012449985,false
11209,埼玉県,,,飯能市,,9,1,045,埼玉,17,利根川,要現行資料照合,未確認,2010-02-01,https://www.e-stat.go.jp/SG1/estat/Pdfdl.do?sinfid=000012449985,2010-02-01,https://www.e-stat.go.jp/SG1/estat/Pdfdl.do?sinfid=000012449985,false
11210,埼玉県,,,加須市,,9,1,045,埼玉,17,利根川,要現行資料照合,未確認,2010-02-01,https://www.e-stat.go.jp/SG1/estat/Pdfdl.do?sinfid=000012449985,2010-02-01,https://www.e-stat.go.jp/SG1/estat/Pdfdl.do?sinfid=000012449985,false
11211,埼玉県,,,本庄市,,9,1,045,埼玉,17,利根川,要現行資料照合,未確認,2010-02-01,https://www.e-stat.go.jp/SG1/estat/Pdfdl.do?sinfid=000012449985,2010-02-01,https://www.e-stat.go.jp/SG1/estat/Pdfdl.do?sinfid=000012449985,false
11212,埼玉県,,,東松山市,,9,1,045,埼玉,17,利根川,要現行資料照合,未確認,2010-02-01,https://www.e-stat.go.jp/SG1/estat/Pdfdl.do?sinfid=000012449985,2010-02-01,https://www.e-stat.go.jp/SG1/estat/Pdfdl.do?sinfid=000012449985,false
11214,埼玉県,,,春日部市,,9,1,045,埼玉,17,利根川,要現行資料照合,未確認,2010-02-01,https://www.e-stat.go.jp/SG1/estat/Pdfdl.do?sinfid=000012449985,2010-02-01,https://www.e-stat.go.jp/SG1/estat/Pdfdl.do?sinfid=000012449985,false
11215,埼玉県,,,狭山市,,9,1,045,埼玉,17,利根川,要現行資料照合,未確認,2010-02-01,https://www.e-stat.go.jp/SG1/estat/Pdfdl.do?sinfid=000012449985,2010-02-01,https://www.e-stat.go.jp/SG1/estat/Pdfdl.do?sinfid=000012449985,false
11216,埼玉県,,,羽生市,,9,1,045,埼玉,17,利根川,要現行資料照合,未確認,2010-02-01,https://www.e-stat.go.jp/SG1/estat/Pdfdl.do?sinfid=000012449985,2010-02-01,https://www.e-stat.go.jp/SG1/estat/Pdfdl.do?sinfid=000012449985,false
11217,埼玉県,,,鴻巣市,,9,1,045,埼玉,17,利根川,要現行資料照合,未確認,2010-02-01,https://www.e-stat.go.jp/SG1/estat/Pdfdl.do?sinfid=000012449985,2010-02-01,https://www.e-stat.go.jp/SG1/estat/Pdfdl.do?sinfid=000012449985,false
11218,埼玉県,,,深谷市,,9,2,045,埼玉,17,利根川,要現行資料照合,未確認,2010-02-01,https://www.e-stat.go.jp/SG1/estat/Pdfdl.do?sinfid=000012449985,2010-02-01,https://www.e-stat.go.jp/SG1/estat/Pdfdl.do?sinfid=000012449985,false
11219,埼玉県,,,上尾市,,9,2,045,埼玉,17,利根川,要現行資料照合,未確認,2010-02-01,https://www.e-stat.go.jp/SG1/estat/Pdfdl.do?sinfid=000012449985,2010-02-01,https://www.e-stat.go.jp/SG1/estat/Pdfdl.do?sinfid=000012449985,false
11221,埼玉県,,,草加市,,9,1,045,埼玉,17,利根川,要現行資料照合,未確認,2010-02-01,https://www.e-stat.go.jp/SG1/estat/Pdfdl.do?sinfid=000012449985,2010-02-01,https://www.e-stat.go.jp/SG1/estat/Pdfdl.do?sinfid=000012449985,false
11222,埼玉県,,,越谷市,,9,1,045,埼玉,17,利根川,要現行資料照合,未確認,2010-02-01,https://www.e-stat.go.jp/SG1/estat/Pdfdl.do?sinfid=000012449985,2010-02-01,https://www.e-stat.go.jp/SG1/estat/Pdfdl.do?sinfid=000012449985,false
11223,埼玉県,,,蕨市,,9,1,045,埼玉,17,利根川,要現行資料照合,未確認,2010-02-01,https://www.e-stat.go.jp/SG1/estat/Pdfdl.do?sinfid=000012449985,2010-02-01,https://www.e-stat.go.jp/SG1/estat/Pdfdl.do?sinfid=000012449985,false
11224,埼玉県,,,戸田市,,9,1,045,埼玉,17,利根川,要現行資料照合,未確認,2010-02-01,https://www.e-stat.go.jp/SG1/estat/Pdfdl.do?sinfid=000012449985,2010-02-01,https://www.e-stat.go.jp/SG1/estat/Pdfdl.do?sinfid=000012449985,false
11225,埼玉県,,,入間市,,9,1,045,埼玉,17,利根川,要現行資料照合,未確認,2010-02-01,https://www.e-stat.go.jp/SG1/estat/Pdfdl.do?sinfid=000012449985,2010-02-01,https://www.e-stat.go.jp/SG1/estat/Pdfdl.do?sinfid=000012449985,false
11227,埼玉県,,,朝霞市,,9,1,045,埼玉,17,利根川,要現行資料照合,未確認,2010-02-01,https://www.e-stat.go.jp/SG1/estat/Pdfdl.do?sinfid=000012449985,2010-02-01,https://www.e-stat.go.jp/SG1/estat/Pdfdl.do?sinfid=000012449985,false
11228,埼玉県,,,志木市,,9,1,045,埼玉,17,利根川,要現行資料照合,未確認,2010-02-01,https://www.e-stat.go.jp/SG1/estat/Pdfdl.do?sinfid=000012449985,2010-02-01,https://www.e-stat.go.jp/SG1/estat/Pdfdl.do?sinfid=000012449985,false
11229,埼玉県,,,和光市,,9,1,045,埼玉,17,利根川,要現行資料照合,未確認,2010-02-01,https://www.e-stat.go.jp/SG1/estat/Pdfdl.do?sinfid=000012449985,2010-02-01,https://www.e-stat.go.jp/SG1/estat/Pdfdl.do?sinfid=000012449985,false
11230,埼玉県,,,新座市,,9,1,045,埼玉,17,利根川,要現行資料照合,未確認,2010-02-01,https://www.e-stat.go.jp/SG1/estat/Pdfdl.do?sinfid=000012449985,2010-02-01,https://www.e-stat.go.jp/SG1/estat/Pdfdl.do?sinfid=000012449985,false
11231,埼玉県,,,桶川市,,9,1,045,埼玉,17,利根川,要現行資料照合,未確認,2010-02-01,https://www.e-stat.go.jp/SG1/estat/Pdfdl.do?sinfid=000012449985,2010-02-01,https://www.e-stat.go.jp/SG1/estat/Pdfdl.do?sinfid=000012449985,false
11232,埼玉県,,,久喜市,,9,2,045,埼玉,17,利根川,要現行資料照合,未確認,2010-02-01,https://www.e-stat.go.jp/SG1/estat/Pdfdl.do?sinfid=000012449985,2010-02-01,https://www.e-stat.go.jp/SG1/estat/Pdfdl.do?sinfid=000012449985,false
11233,埼玉県,,,北本市,,9,1,045,埼玉,17,利根川,要現行資料照合,未確認,2010-02-01,https://www.e-stat.go.jp/SG1/estat/Pdfdl.do?sinfid=000012449985,2010-02-01,https://www.e-stat.go.jp/SG1/estat/Pdfdl.do?sinfid=000012449985,false
11234,埼玉県,,,八潮市,,9,1,045,埼玉,17,利根川,要現行資料照合,未確認,2010-02-01,https://www.e-stat.go.jp/SG1/estat/Pdfdl.do?sinfid=000012449985,2010-02-01,https://www.e-stat.go.jp/SG1/estat/Pdfdl.do?sinfid=000012449985,false
11235,埼玉県,,,富士見市,,9,1,045,埼玉,17,利根川,要現行資料照合,未確認,2010-02-01,https://www.e-stat.go.jp/SG1/estat/Pdfdl.do?sinfid=000012449985,2010-02-01,https://www.e-stat.go.jp/SG1/estat/Pdfdl.do?sinfid=000012449985,false
11237,埼玉県,,,三郷市,,9,1,045,埼玉,17,利根川,要現行資料照合,未確認,2010-02-01,https://www.e-stat.go.jp/SG1/estat/Pdfdl.do?sinfid=000012449985,2010-02-01,https://www.e-stat.go.jp/SG1/estat/Pdfdl.do?sinfid=000012449985,false
11238,埼玉県,,,蓮田市,,9,1,045,埼玉,17,利根川,要現行資料照合,未確認,2010-02-01,https://www.e-stat.go.jp/SG1/estat/Pdfdl.do?sinfid=000012449985,2010-02-01,https://www.e-stat.go.jp/SG1/estat/Pdfdl.do?sinfid=000012449985,false
11239,埼玉県,,,坂戸市,,9,1,045,埼玉,17,利根川,要現行資料照合,未確認,2010-02-01,https://www.e-stat.go.jp/SG1/estat/Pdfdl.do?sinfid=000012449985,2010-02-01,https://www.e-stat.go.jp/SG1/estat/Pdfdl.do?sinfid=000012449985,false
11240,埼玉県,,,幸手市,,9,1,045,埼玉,17,利根川,要現行資料照合,未確認,2010-02-01,https://www.e-stat.go.jp/SG1/estat/Pdfdl.do?sinfid=000012449985,2010-02-01,https://www.e-stat.go.jp/SG1/estat/Pdfdl.do?sinfid=000012449985,false
11241,埼玉県,,,鶴ヶ島市,,9,1,045,埼玉,17,利根川,要現行資料照合,未確認,2010-02-01,https://www.e-stat.go.jp/SG1/estat/Pdfdl.do?sinfid=000012449985,2010-02-01,https://www.e-stat.go.jp/SG1/estat/Pdfdl.do?sinfid=000012449985,false
11242,埼玉県,,,日高市,,9,1,045,埼玉,17,利根川,要現行資料照合,未確認,2010-02-01,https://www.e-stat.go.jp/SG1/estat/Pdfdl.do?sinfid=000012449985,2010-02-01,https://www.e-stat.go.jp/SG1/estat/Pdfdl.do?sinfid=000012449985,false
11243,埼玉県,,,吉川市,,9,1,045,埼玉,17,利根川,要現行資料照合,未確認,2010-02-01,https://www.e-stat.go.jp/SG1/estat/Pdfdl.do?sinfid=000012449985,2010-02-01,https://www.e-stat.go.jp/SG1/estat/Pdfdl.do?sinfid=000012449985,false
11245,埼玉県,,,ふじみ野市,,9,1,045,埼玉,17,利根川,要現行資料照合,未確認,2010-02-01,https://www.e-stat.go.jp/SG1/estat/Pdfdl.do?sinfid=000012449985,2010-02-01,https://www.e-stat.go.jp/SG1/estat/Pdfdl.do?sinfid=000012449985,false
11246,埼玉県,,,白岡市,,9,1,045,埼玉,17,利根川,要現行資料照合,未確認,2010-02-01,https://www.e-stat.go.jp/SG1/estat/Pdfdl.do?sinfid=000012449985,2010-02-01,https://www.e-stat.go.jp/SG1/estat/Pdfdl.do?sinfid=000012449985,false
11301,埼玉県,,北足立郡,伊奈町,,9,1,045,埼玉,17,利根川,要現行資料照合,未確認,2010-02-01,https://www.e-stat.go.jp/SG1/estat/Pdfdl.do?sinfid=000012449985,2010-02-01,https://www.e-stat.go.jp/SG1/estat/Pdfdl.do?sinfid=000012449985,false
11324,埼玉県,,入間郡,三芳町,,9,1,045,埼玉,17,利根川,要現行資料照合,未確認,2010-02-01,https://www.e-stat.go.jp/SG1/estat/Pdfdl.do?sinfid=000012449985,2010-02-01,https://www.e-stat.go.jp/SG1/estat/Pdfdl.do?sinfid=000012449985,false
11326,埼玉県,,入間郡,毛呂山町,,9,1,045,埼玉,17,利根川,要現行資料照合,未確認,2010-02-01,https://www.e-stat.go.jp/SG1/estat/Pdfdl.do?sinfid=000012449985,2010-02-01,https://www.e-stat.go.jp/SG1/estat/Pdfdl.do?sinfid=000012449985,false
11327,埼玉県,,入間郡,越生町,,9,1,045,埼玉,17,利根川,要現行資料照合,未確認,2010-02-01,https://www.e-stat.go.jp/SG1/estat/Pdfdl.do?sinfid=000012449985,2010-02-01,https://www.e-stat.go.jp/SG1/estat/Pdfdl.do?sinfid=000012449985,false
11341,埼玉県,,比企郡,滑川町,,9,1,045,埼玉,17,利根川,要現行資料照合,未確認,2010-02-01,https://www.e-stat.go.jp/SG1/estat/Pdfdl.do?sinfid=000012449985,2010-02-01,https://www.e-stat.go.jp/SG1/estat/Pdfdl.do?sinfid=000012449985,false
11342,埼玉県,,比企郡,嵐山町,,9,1,045,埼玉,17,利根川,要現行資料照合,未確認,2010-02-01,https://www.e-stat.go.jp/SG1/estat/Pdfdl.do?sinfid=000012449985,2010-02-01,https://www.e-stat.go.jp/SG1/estat/Pdfdl.do?sinfid=000012449985,false
11343,埼玉県,,比企郡,小川町,,9,1,045,埼玉,17,利根川,要現行資料照合,未確認,2010-02-01,https://www.e-stat.go.jp/SG1/estat/Pdfdl.do?sinfid=000012449985,2010-02-01,https://www.e-stat.go.jp/SG1/estat/Pdfdl.do?sinfid=000012449985,false
11346,埼玉県,,比企郡,川島町,,9,1,045,埼玉,17,利根川,要現行資料照合,未確認,2010-02-01,https://www.e-stat.go.jp/SG1/estat/Pdfdl.do?sinfid=000012449985,2010-02-01,https://www.e-stat.go.jp/SG1/estat/Pdfdl.do?sinfid=000012449985,false
11347,埼玉県,,比企郡,吉見町,,9,2,045,埼玉,17,利根川,要現行資料照合,未確認,2010-02-01,https://www.e-stat.go.jp/SG1/estat/Pdfdl.do?sinfid=000012449985,2010-02-01,https://www.e-stat.go.jp/SG1/estat/Pdfdl.do?sinfid=000012449985,false
11348,埼玉県,,比企郡,鳩山町,,9,1,045,埼玉,17,利根川,要現行資料照合,未確認,2010-02-01,https://www.e-stat.go.jp/SG1/estat/Pdfdl.do?sinfid=000012449985,2010-02-01,https://www.e-stat.go.jp/SG1/estat/Pdfdl.do?sinfid=000012449985,false
11349,埼玉県,,比企郡,ときがわ町,,9,1,045,埼玉,17,利根川,要現行資料照合,未確認,2010-02-01,https://www.e-stat.go.jp/SG1/estat/Pdfdl.do?sinfid=000012449985,2010-02-01,https://www.e-stat.go.jp/SG1/estat/Pdfdl.do?sinfid=000012449985,false
11361,埼玉県,,秩父郡,横瀬町,,9,1,045,埼玉,17,利根川,要現行資料照合,未確認,2010-02-01,https://www.e-stat.go.jp/SG1/estat/Pdfdl.do?sinfid=000012449985,2010-02-01,https://www.e-stat.go.jp/SG1/estat/Pdfdl.do?sinfid=000012449985,false
11362,埼玉県,,秩父郡,皆野町,,9,1,045,埼玉,17,利根川,要現行資料照合,未確認,2010-02-01,https://www.e-stat.go.jp/SG1/estat/Pdfdl.do?sinfid=000012449985,2010-02-01,https://www.e-stat.go.jp/SG1/estat/Pdfdl.do?sinfid=000012449985,false
11363,埼玉県,,秩父郡,長瀞町,,9,1,045,埼玉,17,利根川,要現行資料照合,未確認,2010-02-01,https://www.e-stat.go.jp/SG1/estat/Pdfdl.do?sinfid=000012449985,2010-02-01,https://www.e-stat.go.jp/SG1/estat/Pdfdl.do?sinfid=000012449985,false
11365,埼玉県,,秩父郡,小鹿野町,,9,1,045,埼玉,17,利根川,要現行資料照合,未確認,2010-02-01,https://www.e-stat.go.jp/SG1/estat/Pdfdl.do?sinfid=000012449985,2010-02-01,https://www.e-stat.go.jp/SG1/estat/Pdfdl.do?sinfid=000012449985,false
11369,埼玉県,,秩父郡,東秩父村,,9,1,045,埼玉,17,利根川,要現行資料照合,未確認,2010-02-01,https://www.e-stat.go.jp/SG1/estat/Pdfdl.do?sinfid=000012449985,2010-02-01,https://www.e-stat.go.jp/SG1/estat/Pdfdl.do?sinfid=000012449985,false
11381,埼玉県,,児玉郡,美里町,,9,4,045,埼玉,17,利根川,要現行資料照合,未確認,2010-02-01,https://www.e-stat.go.jp/SG1/estat/Pdfdl.do?sinfid=000012449985,2010-02-01,https://www.e-stat.go.jp/SG1/estat/Pdfdl.do?sinfid=000012449985,false
11383,埼玉県,,児玉郡,神川町,,9,1,045,埼玉,17,利根川,要現行資料照合,未確認,2010-02-01,https://www.e-stat.go.jp/SG1/estat/Pdfdl.do?sinfid=000012449985,2010-02-01,https://www.e-stat.go.jp/SG1/estat/Pdfdl.do?sinfid=000012449985,false
11385,埼玉県,,児玉郡,上里町,,9,1,045,埼玉,17,利根川,要現行資料照合,未確認,2010-02-01,https://www.e-stat.go.jp/SG1/estat/Pdfdl.do?sinfid=000012449985,2010-02-01,https://www.e-stat.go.jp/SG1/estat/Pdfdl.do?sinfid=000012449985,false
11408,埼玉県,,大里郡,寄居町,,9,1,045,埼玉,17,利根川,要現行資料照合,未確認,2010-02-01,https://www.e-stat.go.jp/SG1/estat/Pdfdl.do?sinfid=000012449985,2010-02-01,https://www.e-stat.go.jp/SG1/estat/Pdfdl.do?sinfid=000012449985,false
11442,埼玉県,,南埼玉郡,宮代町,,9,1,045,埼玉,17,利根川,要現行資料照合,未確認,2010-02-01,https://www.e-stat.go.jp/SG1/estat/Pdfdl.do?sinfid=000012449985,2010-02-01,https://www.e-stat.go.jp/SG1/estat/Pdfdl.do?sinfid=000012449985,false
11464,埼玉県,,北葛飾郡,杉戸町,,9,1,045,埼玉,17,利根川,要現行資料照合,未確認,2010-02-01,https://www.e-stat.go.jp/SG1/estat/Pdfdl.do?sinfid=000012449985,2010-02-01,https://www.e-stat.go.jp/SG1/estat/Pdfdl.do?sinfid=000012449985,false
11465,埼玉県,,北葛飾郡,松伏町,,9,1,045,埼玉,17,利根川,要現行資料照合,未確認,2010-02-01,https://www.e-stat.go.jp/SG1/estat/Pdfdl.do?sinfid=000012449985,2010-02-01,https://www.e-stat.go.jp/SG1/estat/Pdfdl.do?sinfid=000012449985,false
12000,千葉県,,,所属未定地,,9,1,,,,,未対応・要調査,未確認,2010-02-01,https://www.e-stat.go.jp/SG1/estat/Pdfdl.do?sinfid=000012449985,2010-02-01,https://www.e-stat.go.jp/SG1/estat/Pdfdl.do?sinfid=000012449985,false
12101,千葉県,,,千葉市,中央区,9,2,046,千葉北部,17,利根川,要現行資料照合,未確認,2010-02-01,https://www.e-stat.go.jp/SG1/estat/Pdfdl.do?sinfid=000012449985,2010-02-01,https://www.e-stat.go.jp/SG1/estat/Pdfdl.do?sinfid=000012449985,false
12102,千葉県,,,千葉市,花見川区,9,1,046,千葉北部,17,利根川,要現行資料照合,未確認,2010-02-01,https://www.e-stat.go.jp/SG1/estat/Pdfdl.do?sinfid=000012449985,2010-02-01,https://www.e-stat.go.jp/SG1/estat/Pdfdl.do?sinfid=000012449985,false
12103,千葉県,,,千葉市,稲毛区,9,1,046,千葉北部,17,利根川,要現行資料照合,未確認,2010-02-01,https://www.e-stat.go.jp/SG1/estat/Pdfdl.do?sinfid=000012449985,2010-02-01,https://www.e-stat.go.jp/SG1/estat/Pdfdl.do?sinfid=000012449985,false
12104,千葉県,,,千葉市,若葉区,9,1,046,千葉北部,17,利根川,要現行資料照合,未確認,2010-02-01,https://www.e-stat.go.jp/SG1/estat/Pdfdl.do?sinfid=000012449985,2010-02-01,https://www.e-stat.go.jp/SG1/estat/Pdfdl.do?sinfid=000012449985,false
12105,千葉県,,,千葉市,緑区,9,2,046,千葉北部,17,利根川,要現行資料照合,未確認,2010-02-01,https://www.e-stat.go.jp/SG1/estat/Pdfdl.do?sinfid=000012449985,2010-02-01,https://www.e-stat.go.jp/SG1/estat/Pdfdl.do?sinfid=000012449985,false
12106,千葉県,,,千葉市,美浜区,9,2,046,千葉北部,17,利根川,要現行資料照合,未確認,2010-02-01,https://www.e-stat.go.jp/SG1/estat/Pdfdl.do?sinfid=000012449985,2010-02-01,https://www.e-stat.go.jp/SG1/estat/Pdfdl.do?sinfid=000012449985,false
12202,千葉県,,,銚子市,,9,241,046,千葉北部,17,利根川,要現行資料照合,未確認,2010-02-01,https://www.e-stat.go.jp/SG1/estat/Pdfdl.do?sinfid=000012449985,2010-02-01,https://www.e-stat.go.jp/SG1/estat/Pdfdl.do?sinfid=000012449985,false
12203,千葉県,,,市川市,,9,3,046,千葉北部,17,利根川,要現行資料照合,未確認,2010-02-01,https://www.e-stat.go.jp/SG1/estat/Pdfdl.do?sinfid=000012449985,2010-02-01,https://www.e-stat.go.jp/SG1/estat/Pdfdl.do?sinfid=000012449985,false
12204,千葉県,,,船橋市,,9,6,046,千葉北部,17,利根川,要現行資料照合,未確認,2010-02-01,https://www.e-stat.go.jp/SG1/estat/Pdfdl.do?sinfid=000012449985,2010-02-01,https://www.e-stat.go.jp/SG1/estat/Pdfdl.do?sinfid=000012449985,false
12205,千葉県,,,館山市,,9,374,047,千葉南部,17,利根川,要現行資料照合,未確認,2010-02-01,https://www.e-stat.go.jp/SG1/estat/Pdfdl.do?sinfid=000012449985,2010-02-01,https://www.e-stat.go.jp/SG1/estat/Pdfdl.do?sinfid=000012449985,false
12206,千葉県,,,木更津市,,9,27,047,千葉南部,17,利根川,要現行資料照合,未確認,2010-02-01,https://www.e-stat.go.jp/SG1/estat/Pdfdl.do?sinfid=000012449985,2010-02-01,https://www.e-stat.go.jp/SG1/estat/Pdfdl.do?sinfid=000012449985,false
12207,千葉県,,,松戸市,,9,1,046,千葉北部,17,利根川,要現行資料照合,未確認,2010-02-01,https://www.e-stat.go.jp/SG1/estat/Pdfdl.do?sinfid=000012449985,2010-02-01,https://www.e-stat.go.jp/SG1/estat/Pdfdl.do?sinfid=000012449985,false
12208,千葉県,,,野田市,,9,1,046,千葉北部,17,利根川,要現行資料照合,未確認,2010-02-01,https://www.e-stat.go.jp/SG1/estat/Pdfdl.do?sinfid=000012449985,2010-02-01,https://www.e-stat.go.jp/SG1/estat/Pdfdl.do?sinfid=000012449985,false
12210,千葉県,,,茂原市,,9,3,046,千葉北部,17,利根川,要現行資料照合,未確認,2010-02-01,https://www.e-stat.go.jp/SG1/estat/Pdfdl.do?sinfid=000012449985,2010-02-01,https://www.e-stat.go.jp/SG1/estat/Pdfdl.do?sinfid=000012449985,false
12211,千葉県,,,成田市,,9,1,046,千葉北部,17,利根川,要現行資料照合,未確認,2010-02-01,https://www.e-stat.go.jp/SG1/estat/Pdfdl.do?sinfid=000012449985,2010-02-01,https://www.e-stat.go.jp/SG1/estat/Pdfdl.do?sinfid=000012449985,false
12212,千葉県,,,佐倉市,,9,2,046,千葉北部,17,利根川,要現行資料照合,未確認,2010-02-01,https://www.e-stat.go.jp/SG1/estat/Pdfdl.do?sinfid=000012449985,2010-02-01,https://www.e-stat.go.jp/SG1/estat/Pdfdl.do?sinfid=000012449985,false
12213,千葉県,,,東金市,,9,6,046,千葉北部,17,利根川,要現行資料照合,未確認,2010-02-01,https://www.e-stat.go.jp/SG1/estat/Pdfdl.do?sinfid=000012449985,2010-02-01,https://www.e-stat.go.jp/SG1/estat/Pdfdl.do?sinfid=000012449985,false
12215,千葉県,,,旭市,,9,4,046,千葉北部,17,利根川,要現行資料照合,未確認,2010-02-01,https://www.e-stat.go.jp/SG1/estat/Pdfdl.do?sinfid=000012449985,2010-02-01,https://www.e-stat.go.jp/SG1/estat/Pdfdl.do?sinfid=000012449985,false
12216,千葉県,,,習志野市,,9,1,046,千葉北部,17,利根川,要現行資料照合,未確認,2010-02-01,https://www.e-stat.go.jp/SG1/estat/Pdfdl.do?sinfid=000012449985,2010-02-01,https://www.e-stat.go.jp/SG1/estat/Pdfdl.do?sinfid=000012449985,false
12217,千葉県,,,柏市,,9,1,046,千葉北部,17,利根川,要現行資料照合,未確認,2010-02-01,https://www.e-stat.go.jp/SG1/estat/Pdfdl.do?sinfid=000012449985,2010-02-01,https://www.e-stat.go.jp/SG1/estat/Pdfdl.do?sinfid=000012449985,false
12218,千葉県,,,勝浦市,,9,34,047,千葉南部,17,利根川,要現行資料照合,未確認,2010-02-01,https://www.e-stat.go.jp/SG1/estat/Pdfdl.do?sinfid=000012449985,2010-02-01,https://www.e-stat.go.jp/SG1/estat/Pdfdl.do?sinfid=000012449985,false
12219,千葉県,,,市原市,,9,7,046,千葉北部,17,利根川,要現行資料照合,未確認,2010-02-01,https://www.e-stat.go.jp/SG1/estat/Pdfdl.do?sinfid=000012449985,2010-02-01,https://www.e-stat.go.jp/SG1/estat/Pdfdl.do?sinfid=000012449985,false
12220,千葉県,,,流山市,,9,1,046,千葉北部,17,利根川,要現行資料照合,未確認,2010-02-01,https://www.e-stat.go.jp/SG1/estat/Pdfdl.do?sinfid=000012449985,2010-02-01,https://www.e-stat.go.jp/SG1/estat/Pdfdl.do?sinfid=000012449985,false
12221,千葉県,,,八千代市,,9,1,046,千葉北部,17,利根川,要現行資料照合,未確認,2010-02-01,https://www.e-stat.go.jp/SG1/estat/Pdfdl.do?sinfid=000012449985,2010-02-01,https://www.e-stat.go.jp/SG1/estat/Pdfdl.do?sinfid=000012449985,false
12222,千葉県,,,我孫子市,,9,2,046,千葉北部,17,利根川,要現行資料照合,未確認,2010-02-01,https://www.e-stat.go.jp/SG1/estat/Pdfdl.do?sinfid=000012449985,2010-02-01,https://www.e-stat.go.jp/SG1/estat/Pdfdl.do?sinfid=000012449985,false
12223,千葉県,,,鴨川市,,9,303,047,千葉南部,17,利根川,要現行資料照合,未確認,2010-02-01,https://www.e-stat.go.jp/SG1/estat/Pdfdl.do?sinfid=000012449985,2010-02-01,https://www.e-stat.go.jp/SG1/estat/Pdfdl.do?sinfid=000012449985,false
12224,千葉県,,,鎌ケ谷市,,9,1,046,千葉北部,17,利根川,要現行資料照合,未確認,2010-02-01,https://www.e-stat.go.jp/SG1/estat/Pdfdl.do?sinfid=000012449985,2010-02-01,https://www.e-stat.go.jp/SG1/estat/Pdfdl.do?sinfid=000012449985,false
12225,千葉県,,,君津市,,9,8,047,千葉南部,17,利根川,要現行資料照合,未確認,2010-02-01,https://www.e-stat.go.jp/SG1/estat/Pdfdl.do?sinfid=000012449985,2010-02-01,https://www.e-stat.go.jp/SG1/estat/Pdfdl.do?sinfid=000012449985,false
12226,千葉県,,,富津市,,9,22,047,千葉南部,17,利根川,要現行資料照合,未確認,2010-02-01,https://www.e-stat.go.jp/SG1/estat/Pdfdl.do?sinfid=000012449985,2010-02-01,https://www.e-stat.go.jp/SG1/estat/Pdfdl.do?sinfid=000012449985,false
12227,千葉県,,,浦安市,,9,1,046,千葉北部,17,利根川,要現行資料照合,未確認,2010-02-01,https://www.e-stat.go.jp/SG1/estat/Pdfdl.do?sinfid=000012449985,2010-02-01,https://www.e-stat.go.jp/SG1/estat/Pdfdl.do?sinfid=000012449985,false
12228,千葉県,,,四街道市,,9,1,046,千葉北部,17,利根川,要現行資料照合,未確認,2010-02-01,https://www.e-stat.go.jp/SG1/estat/Pdfdl.do?sinfid=000012449985,2010-02-01,https://www.e-stat.go.jp/SG1/estat/Pdfdl.do?sinfid=000012449985,false
12229,千葉県,,,袖ケ浦市,,9,1,047,千葉南部,17,利根川,要現行資料照合,未確認,2010-02-01,https://www.e-stat.go.jp/SG1/estat/Pdfdl.do?sinfid=000012449985,2010-02-01,https://www.e-stat.go.jp/SG1/estat/Pdfdl.do?sinfid=000012449985,false
12230,千葉県,,,八街市,,9,2,046,千葉北部,17,利根川,要現行資料照合,未確認,2010-02-01,https://www.e-stat.go.jp/SG1/estat/Pdfdl.do?sinfid=000012449985,2010-02-01,https://www.e-stat.go.jp/SG1/estat/Pdfdl.do?sinfid=000012449985,false
12231,千葉県,,,印西市,,9,1,046,千葉北部,17,利根川,要現行資料照合,未確認,2010-02-01,https://www.e-stat.go.jp/SG1/estat/Pdfdl.do?sinfid=000012449985,2010-02-01,https://www.e-stat.go.jp/SG1/estat/Pdfdl.do?sinfid=000012449985,false
12232,千葉県,,,白井市,,9,1,046,千葉北部,17,利根川,要現行資料照合,未確認,2010-02-01,https://www.e-stat.go.jp/SG1/estat/Pdfdl.do?sinfid=000012449985,2010-02-01,https://www.e-stat.go.jp/SG1/estat/Pdfdl.do?sinfid=000012449985,false
12233,千葉県,,,富里市,,9,1,046,千葉北部,17,利根川,要現行資料照合,未確認,2010-02-01,https://www.e-stat.go.jp/SG1/estat/Pdfdl.do?sinfid=000012449985,2010-02-01,https://www.e-stat.go.jp/SG1/estat/Pdfdl.do?sinfid=000012449985,false
12234,千葉県,,,南房総市,,9,1137,047,千葉南部,17,利根川,要現行資料照合,未確認,2010-02-01,https://www.e-stat.go.jp/SG1/estat/Pdfdl.do?sinfid=000012449985,2010-02-01,https://www.e-stat.go.jp/SG1/estat/Pdfdl.do?sinfid=000012449985,false
12235,千葉県,,,匝瑳市,,9,2,046,千葉北部,17,利根川,要現行資料照合,未確認,2010-02-01,https://www.e-stat.go.jp/SG1/estat/Pdfdl.do?sinfid=000012449985,2010-02-01,https://www.e-stat.go.jp/SG1/estat/Pdfdl.do?sinfid=000012449985,false
12236,千葉県,,,香取市,,9,1,046,千葉北部,17,利根川,要現行資料照合,未確認,2010-02-01,https://www.e-stat.go.jp/SG1/estat/Pdfdl.do?sinfid=000012449985,2010-02-01,https://www.e-stat.go.jp/SG1/estat/Pdfdl.do?sinfid=000012449985,false
12237,千葉県,,,山武市,,9,5,046,千葉北部,17,利根川,要現行資料照合,未確認,2010-02-01,https://www.e-stat.go.jp/SG1/estat/Pdfdl.do?sinfid=000012449985,2010-02-01,https://www.e-stat.go.jp/SG1/estat/Pdfdl.do?sinfid=000012449985,false
12238,千葉県,,,いすみ市,,9,17,047,千葉南部,17,利根川,要現行資料照合,未確認,2010-02-01,https://www.e-stat.go.jp/SG1/estat/Pdfdl.do?sinfid=000012449985,2010-02-01,https://www.e-stat.go.jp/SG1/estat/Pdfdl.do?sinfid=000012449985,false
12239,千葉県,,,大網白里市,,9,1,,,,,未対応・要調査,未確認,2010-02-01,https://www.e-stat.go.jp/SG1/estat/Pdfdl.do?sinfid=000012449985,2010-02-01,https://www.e-stat.go.jp/SG1/estat/Pdfdl.do?sinfid=000012449985,false
12322,千葉県,,印旛郡,酒々井町,,9,1,046,千葉北部,17,利根川,要現行資料照合,未確認,2010-02-01,https://www.e-stat.go.jp/SG1/estat/Pdfdl.do?sinfid=000012449985,2010-02-01,https://www.e-stat.go.jp/SG1/estat/Pdfdl.do?sinfid=000012449985,false
12329,千葉県,,印旛郡,栄町,,9,2,046,千葉北部,17,利根川,要現行資料照合,未確認,2010-02-01,https://www.e-stat.go.jp/SG1/estat/Pdfdl.do?sinfid=000012449985,2010-02-01,https://www.e-stat.go.jp/SG1/estat/Pdfdl.do?sinfid=000012449985,false
12342,千葉県,,香取郡,神崎町,,9,1,046,千葉北部,17,利根川,要現行資料照合,未確認,2010-02-01,https://www.e-stat.go.jp/SG1/estat/Pdfdl.do?sinfid=000012449985,2010-02-01,https://www.e-stat.go.jp/SG1/estat/Pdfdl.do?sinfid=000012449985,false
12347,千葉県,,香取郡,多古町,,9,1,046,千葉北部,17,利根川,要現行資料照合,未確認,2010-02-01,https://www.e-stat.go.jp/SG1/estat/Pdfdl.do?sinfid=000012449985,2010-02-01,https://www.e-stat.go.jp/SG1/estat/Pdfdl.do?sinfid=000012449985,false
12349,千葉県,,香取郡,東庄町,,9,1,046,千葉北部,17,利根川,要現行資料照合,未確認,2010-02-01,https://www.e-stat.go.jp/SG1/estat/Pdfdl.do?sinfid=000012449985,2010-02-01,https://www.e-stat.go.jp/SG1/estat/Pdfdl.do?sinfid=000012449985,false
12403,千葉県,,山武郡,九十九里町,,9,3,046,千葉北部,17,利根川,要現行資料照合,未確認,2010-02-01,https://www.e-stat.go.jp/SG1/estat/Pdfdl.do?sinfid=000012449985,2010-02-01,https://www.e-stat.go.jp/SG1/estat/Pdfdl.do?sinfid=000012449985,false
12409,千葉県,,山武郡,芝山町,,9,1,046,千葉北部,17,利根川,要現行資料照合,未確認,2010-02-01,https://www.e-stat.go.jp/SG1/estat/Pdfdl.do?sinfid=000012449985,2010-02-01,https://www.e-stat.go.jp/SG1/estat/Pdfdl.do?sinfid=000012449985,false
12410,千葉県,,山武郡,横芝光町,,9,1,046,千葉北部,17,利根川,要現行資料照合,未確認,2010-02-01,https://www.e-stat.go.jp/SG1/estat/Pdfdl.do?sinfid=000012449985,2010-02-01,https://www.e-stat.go.jp/SG1/estat/Pdfdl.do?sinfid=000012449985,false
12421,千葉県,,長生郡,一宮町,,9,1,046,千葉北部,17,利根川,要現行資料照合,未確認,2010-02-01,https://www.e-stat.go.jp/SG1/estat/Pdfdl.do?sinfid=000012449985,2010-02-01,https://www.e-stat.go.jp/SG1/estat/Pdfdl.do?sinfid=000012449985,false
12422,千葉県,,長生郡,睦沢町,,9,2,046,千葉北部,17,利根川,要現行資料照合,未確認,2010-02-01,https://www.e-stat.go.jp/SG1/estat/Pdfdl.do?sinfid=000012449985,2010-02-01,https://www.e-stat.go.jp/SG1/estat/Pdfdl.do?sinfid=000012449985,false
12423,千葉県,,長生郡,長生村,,9,1,046,千葉北部,17,利根川,要現行資料照合,未確認,2010-02-01,https://www.e-stat.go.jp/SG1/estat/Pdfdl.do?sinfid=000012449985,2010-02-01,https://www.e-stat.go.jp/SG1/estat/Pdfdl.do?sinfid=000012449985,false
12424,千葉県,,長生郡,白子町,,9,2,046,千葉北部,17,利根川,要現行資料照合,未確認,2010-02-01,https://www.e-stat.go.jp/SG1/estat/Pdfdl.do?sinfid=000012449985,2010-02-01,https://www.e-stat.go.jp/SG1/estat/Pdfdl.do?sinfid=000012449985,false
12426,千葉県,,長生郡,長柄町,,9,1,046,千葉北部,17,利根川,要現行資料照合,未確認,2010-02-01,https://www.e-stat.go.jp/SG1/estat/Pdfdl.do?sinfid=000012449985,2010-02-01,https://www.e-stat.go.jp/SG1/estat/Pdfdl.do?sinfid=000012449985,false
12427,千葉県,,長生郡,長南町,,9,1,046,千葉北部,17,利根川,要現行資料照合,未確認,2010-02-01,https://www.e-stat.go.jp/SG1/estat/Pdfdl.do?sinfid=000012449985,2010-02-01,https://www.e-stat.go.jp/SG1/estat/Pdfdl.do?sinfid=000012449985,false
12441,千葉県,,夷隅郡,大多喜町,,9,3,047,千葉南部,17,利根川,要現行資料照合,未確認,2010-02-01,https://www.e-stat.go.jp/SG1/estat/Pdfdl.do?sinfid=000012449985,2010-02-01,https://www.e-stat.go.jp/SG1/estat/Pdfdl.do?sinfid=000012449985,false
12443,千葉県,,夷隅郡,御宿町,,9,16,047,千葉南部,17,利根川,要現行資料照合,未確認,2010-02-01,https://www.e-stat.go.jp/SG1/estat/Pdfdl.do?sinfid=000012449985,2010-02-01,https://www.e-stat.go.jp/SG1/estat/Pdfdl.do?sinfid=000012449985,false
12463,千葉県,,安房郡,鋸南町,,9,39,047,千葉南部,17,利根川,要現行資料照合,未確認,2010-02-01,https://www.e-stat.go.jp/SG1/estat/Pdfdl.do?sinfid=000012449985,2010-02-01,https://www.e-stat.go.jp/SG1/estat/Pdfdl.do?sinfid=000012449985,false
13000,東京都,,,所属未定地,,9,123,,,,,未対応・要調査,未確認,2010-02-01,https://www.e-stat.go.jp/SG1/estat/Pdfdl.do?sinfid=000012449985,2010-02-01,https://www.e-stat.go.jp/SG1/estat/Pdfdl.do?sinfid=000012449985,false
13101,東京都,,,千代田区,,9,1,048,多摩,17,利根川,要現行資料照合,未確認,2010-02-01,https://www.e-stat.go.jp/SG1/estat/Pdfdl.do?sinfid=000012449985,2010-02-01,https://www.e-stat.go.jp/SG1/estat/Pdfdl.do?sinfid=000012449985,false
13102,東京都,,,中央区,,9,1,048,多摩,17,利根川,要現行資料照合,未確認,2010-02-01,https://www.e-stat.go.jp/SG1/estat/Pdfdl.do?sinfid=000012449985,2010-02-01,https://www.e-stat.go.jp/SG1/estat/Pdfdl.do?sinfid=000012449985,false
13103,東京都,,,港区,,9,9,048,多摩,17,利根川,要現行資料照合,未確認,2010-02-01,https://www.e-stat.go.jp/SG1/estat/Pdfdl.do?sinfid=000012449985,2010-02-01,https://www.e-stat.go.jp/SG1/estat/Pdfdl.do?sinfid=000012449985,false
13104,東京都,,,新宿区,,9,1,048,多摩,17,利根川,要現行資料照合,未確認,2010-02-01,https://www.e-stat.go.jp/SG1/estat/Pdfdl.do?sinfid=000012449985,2010-02-01,https://www.e-stat.go.jp/SG1/estat/Pdfdl.do?sinfid=000012449985,false
13105,東京都,,,文京区,,9,1,048,多摩,17,利根川,要現行資料照合,未確認,2010-02-01,https://www.e-stat.go.jp/SG1/estat/Pdfdl.do?sinfid=000012449985,2010-02-01,https://www.e-stat.go.jp/SG1/estat/Pdfdl.do?sinfid=000012449985,false
13106,東京都,,,台東区,,9,1,048,多摩,17,利根川,要現行資料照合,未確認,2010-02-01,https://www.e-stat.go.jp/SG1/estat/Pdfdl.do?sinfid=000012449985,2010-02-01,https://www.e-stat.go.jp/SG1/estat/Pdfdl.do?sinfid=000012449985,false
13107,東京都,,,墨田区,,9,1,048,多摩,17,利根川,要現行資料照合,未確認,2010-02-01,https://www.e-stat.go.jp/SG1/estat/Pdfdl.do?sinfid=000012449985,2010-02-01,https://www.e-stat.go.jp/SG1/estat/Pdfdl.do?sinfid=000012449985,false
13108,東京都,,,江東区,,9,75,048,多摩,17,利根川,要現行資料照合,未確認,2010-02-01,https://www.e-stat.go.jp/SG1/estat/Pdfdl.do?sinfid=000012449985,2010-02-01,https://www.e-stat.go.jp/SG1/estat/Pdfdl.do?sinfid=000012449985,false
13109,東京都,,,品川区,,9,6,048,多摩,17,利根川,要現行資料照合,未確認,2010-02-01,https://www.e-stat.go.jp/SG1/estat/Pdfdl.do?sinfid=000012449985,2010-02-01,https://www.e-stat.go.jp/SG1/estat/Pdfdl.do?sinfid=000012449985,false
13110,東京都,,,目黒区,,9,1,048,多摩,17,利根川,要現行資料照合,未確認,2010-02-01,https://www.e-stat.go.jp/SG1/estat/Pdfdl.do?sinfid=000012449985,2010-02-01,https://www.e-stat.go.jp/SG1/estat/Pdfdl.do?sinfid=000012449985,false
13111,東京都,,,大田区,,9,6,048,多摩,17,利根川,要現行資料照合,未確認,2010-02-01,https://www.e-stat.go.jp/SG1/estat/Pdfdl.do?sinfid=000012449985,2010-02-01,https://www.e-stat.go.jp/SG1/estat/Pdfdl.do?sinfid=000012449985,false
13112,東京都,,,世田谷区,,9,1,048,多摩,17,利根川,要現行資料照合,未確認,2010-02-01,https://www.e-stat.go.jp/SG1/estat/Pdfdl.do?sinfid=000012449985,2010-02-01,https://www.e-stat.go.jp/SG1/estat/Pdfdl.do?sinfid=000012449985,false
13113,東京都,,,渋谷区,,9,1,048,多摩,17,利根川,要現行資料照合,未確認,2010-02-01,https://www.e-stat.go.jp/SG1/estat/Pdfdl.do?sinfid=000012449985,2010-02-01,https://www.e-stat.go.jp/SG1/estat/Pdfdl.do?sinfid=000012449985,false
13114,東京都,,,中野区,,9,1,048,多摩,17,利根川,要現行資料照合,未確認,2010-02-01,https://www.e-stat.go.jp/SG1/estat/Pdfdl.do?sinfid=000012449985,2010-02-01,https://www.e-stat.go.jp/SG1/estat/Pdfdl.do?sinfid=000012449985,false
13115,東京都,,,杉並区,,9,1,048,多摩,17,利根川,要現行資料照合,未確認,2010-02-01,https://www.e-stat.go.jp/SG1/estat/Pdfdl.do?sinfid=000012449985,2010-02-01,https://www.e-stat.go.jp/SG1/estat/Pdfdl.do?sinfid=000012449985,false
13116,東京都,,,豊島区,,9,1,048,多摩,17,利根川,要現行資料照合,未確認,2010-02-01,https://www.e-stat.go.jp/SG1/estat/Pdfdl.do?sinfid=000012449985,2010-02-01,https://www.e-stat.go.jp/SG1/estat/Pdfdl.do?sinfid=000012449985,false
13117,東京都,,,北区,,9,1,048,多摩,17,利根川,要現行資料照合,未確認,2010-02-01,https://www.e-stat.go.jp/SG1/estat/Pdfdl.do?sinfid=000012449985,2010-02-01,https://www.e-stat.go.jp/SG1/estat/Pdfdl.do?sinfid=000012449985,false
13118,東京都,,,荒川区,,9,1,048,多摩,17,利根川,要現行資料照合,未確認,2010-02-01,https://www.e-stat.go.jp/SG1/estat/Pdfdl.do?sinfid=000012449985,2010-02-01,https://www.e-stat.go.jp/SG1/estat/Pdfdl.do?sinfid=000012449985,false
13119,東京都,,,板橋区,,9,1,048,多摩,17,利根川,要現行資料照合,未確認,2010-02-01,https://www.e-stat.go.jp/SG1/estat/Pdfdl.do?sinfid=000012449985,2010-02-01,https://www.e-stat.go.jp/SG1/estat/Pdfdl.do?sinfid=000012449985,false
13120,東京都,,,練馬区,,9,1,048,多摩,17,利根川,要現行資料照合,未確認,2010-02-01,https://www.e-stat.go.jp/SG1/estat/Pdfdl.do?sinfid=000012449985,2010-02-01,https://www.e-stat.go.jp/SG1/estat/Pdfdl.do?sinfid=000012449985,false
13121,東京都,,,足立区,,9,1,048,多摩,17,利根川,要現行資料照合,未確認,2010-02-01,https://www.e-stat.go.jp/SG1/estat/Pdfdl.do?sinfid=000012449985,2010-02-01,https://www.e-stat.go.jp/SG1/estat/Pdfdl.do?sinfid=000012449985,false
13122,東京都,,,葛飾区,,9,1,048,多摩,17,利根川,要現行資料照合,未確認,2010-02-01,https://www.e-stat.go.jp/SG1/estat/Pdfdl.do?sinfid=000012449985,2010-02-01,https://www.e-stat.go.jp/SG1/estat/Pdfdl.do?sinfid=000012449985,false
13123,東京都,,,江戸川区,,9,4,048,多摩,17,利根川,要現行資料照合,未確認,2010-02-01,https://www.e-stat.go.jp/SG1/estat/Pdfdl.do?sinfid=000012449985,2010-02-01,https://www.e-stat.go.jp/SG1/estat/Pdfdl.do?sinfid=000012449985,false
13201,東京都,,,八王子市,,9,1,048,多摩,17,利根川,要現行資料照合,未確認,2010-02-01,https://www.e-stat.go.jp/SG1/estat/Pdfdl.do?sinfid=000012449985,2010-02-01,https://www.e-stat.go.jp/SG1/estat/Pdfdl.do?sinfid=000012449985,false
13202,東京都,,,立川市,,9,1,048,多摩,17,利根川,要現行資料照合,未確認,2010-02-01,https://www.e-stat.go.jp/SG1/estat/Pdfdl.do?sinfid=000012449985,2010-02-01,https://www.e-stat.go.jp/SG1/estat/Pdfdl.do?sinfid=000012449985,false
13203,東京都,,,武蔵野市,,9,1,048,多摩,17,利根川,要現行資料照合,未確認,2010-02-01,https://www.e-stat.go.jp/SG1/estat/Pdfdl.do?sinfid=000012449985,2010-02-01,https://www.e-stat.go.jp/SG1/estat/Pdfdl.do?sinfid=000012449985,false
13204,東京都,,,三鷹市,,9,1,048,多摩,17,利根川,要現行資料照合,未確認,2010-02-01,https://www.e-stat.go.jp/SG1/estat/Pdfdl.do?sinfid=000012449985,2010-02-01,https://www.e-stat.go.jp/SG1/estat/Pdfdl.do?sinfid=000012449985,false
13205,東京都,,,青梅市,,9,1,048,多摩,17,利根川,要現行資料照合,未確認,2010-02-01,https://www.e-stat.go.jp/SG1/estat/Pdfdl.do?sinfid=000012449985,2010-02-01,https://www.e-stat.go.jp/SG1/estat/Pdfdl.do?sinfid=000012449985,false
13206,東京都,,,府中市,,9,2,048,多摩,17,利根川,要現行資料照合,未確認,2010-02-01,https://www.e-stat.go.jp/SG1/estat/Pdfdl.do?sinfid=000012449985,2010-02-01,https://www.e-stat.go.jp/SG1/estat/Pdfdl.do?sinfid=000012449985,false
13207,東京都,,,昭島市,,9,1,048,多摩,17,利根川,要現行資料照合,未確認,2010-02-01,https://www.e-stat.go.jp/SG1/estat/Pdfdl.do?sinfid=000012449985,2010-02-01,https://www.e-stat.go.jp/SG1/estat/Pdfdl.do?sinfid=000012449985,false
13208,東京都,,,調布市,,9,1,048,多摩,17,利根川,要現行資料照合,未確認,2010-02-01,https://www.e-stat.go.jp/SG1/estat/Pdfdl.do?sinfid=000012449985,2010-02-01,https://www.e-stat.go.jp/SG1/estat/Pdfdl.do?sinfid=000012449985,false
13209,東京都,,,町田市,,9,1,048,多摩,17,利根川,要現行資料照合,未確認,2010-02-01,https://www.e-stat.go.jp/SG1/estat/Pdfdl.do?sinfid=000012449985,2010-02-01,https://www.e-stat.go.jp/SG1/estat/Pdfdl.do?sinfid=000012449985,false
13210,東京都,,,小金井市,,9,1,048,多摩,17,利根川,要現行資料照合,未確認,2010-02-01,https://www.e-stat.go.jp/SG1/estat/Pdfdl.do?sinfid=000012449985,2010-02-01,https://www.e-stat.go.jp/SG1/estat/Pdfdl.do?sinfid=000012449985,false
13211,東京都,,,小平市,,9,1,048,多摩,17,利根川,要現行資料照合,未確認,2010-02-01,https://www.e-stat.go.jp/SG1/estat/Pdfdl.do?sinfid=000012449985,2010-02-01,https://www.e-stat.go.jp/SG1/estat/Pdfdl.do?sinfid=000012449985,false
13212,東京都,,,日野市,,9,1,048,多摩,17,利根川,要現行資料照合,未確認,2010-02-01,https://www.e-stat.go.jp/SG1/estat/Pdfdl.do?sinfid=000012449985,2010-02-01,https://www.e-stat.go.jp/SG1/estat/Pdfdl.do?sinfid=000012449985,false
13213,東京都,,,東村山市,,9,1,048,多摩,17,利根川,要現行資料照合,未確認,2010-02-01,https://www.e-stat.go.jp/SG1/estat/Pdfdl.do?sinfid=000012449985,2010-02-01,https://www.e-stat.go.jp/SG1/estat/Pdfdl.do?sinfid=000012449985,false
13214,東京都,,,国分寺市,,9,1,048,多摩,17,利根川,要現行資料照合,未確認,2010-02-01,https://www.e-stat.go.jp/SG1/estat/Pdfdl.do?sinfid=000012449985,2010-02-01,https://www.e-stat.go.jp/SG1/estat/Pdfdl.do?sinfid=000012449985,false
13215,東京都,,,国立市,,9,1,048,多摩,17,利根川,要現行資料照合,未確認,2010-02-01,https://www.e-stat.go.jp/SG1/estat/Pdfdl.do?sinfid=000012449985,2010-02-01,https://www.e-stat.go.jp/SG1/estat/Pdfdl.do?sinfid=000012449985,false
13218,東京都,,,福生市,,9,1,048,多摩,17,利根川,要現行資料照合,未確認,2010-02-01,https://www.e-stat.go.jp/SG1/estat/Pdfdl.do?sinfid=000012449985,2010-02-01,https://www.e-stat.go.jp/SG1/estat/Pdfdl.do?sinfid=000012449985,false
13219,東京都,,,狛江市,,9,1,048,多摩,17,利根川,要現行資料照合,未確認,2010-02-01,https://www.e-stat.go.jp/SG1/estat/Pdfdl.do?sinfid=000012449985,2010-02-01,https://www.e-stat.go.jp/SG1/estat/Pdfdl.do?sinfid=000012449985,false
13220,東京都,,,東大和市,,9,1,048,多摩,17,利根川,要現行資料照合,未確認,2010-02-01,https://www.e-stat.go.jp/SG1/estat/Pdfdl.do?sinfid=000012449985,2010-02-01,https://www.e-stat.go.jp/SG1/estat/Pdfdl.do?sinfid=000012449985,false
13221,東京都,,,清瀬市,,9,1,048,多摩,17,利根川,要現行資料照合,未確認,2010-02-01,https://www.e-stat.go.jp/SG1/estat/Pdfdl.do?sinfid=000012449985,2010-02-01,https://www.e-stat.go.jp/SG1/estat/Pdfdl.do?sinfid=000012449985,false
13222,東京都,,,東久留米市,,9,1,048,多摩,17,利根川,要現行資料照合,未確認,2010-02-01,https://www.e-stat.go.jp/SG1/estat/Pdfdl.do?sinfid=000012449985,2010-02-01,https://www.e-stat.go.jp/SG1/estat/Pdfdl.do?sinfid=000012449985,false
13223,東京都,,,武蔵村山市,,9,1,048,多摩,17,利根川,要現行資料照合,未確認,2010-02-01,https://www.e-stat.go.jp/SG1/estat/Pdfdl.do?sinfid=000012449985,2010-02-01,https://www.e-stat.go.jp/SG1/estat/Pdfdl.do?sinfid=000012449985,false
13224,東京都,,,多摩市,,9,1,048,多摩,17,利根川,要現行資料照合,未確認,2010-02-01,https://www.e-stat.go.jp/SG1/estat/Pdfdl.do?sinfid=000012449985,2010-02-01,https://www.e-stat.go.jp/SG1/estat/Pdfdl.do?sinfid=000012449985,false
13225,東京都,,,稲城市,,9,2,048,多摩,17,利根川,要現行資料照合,未確認,2010-02-01,https://www.e-stat.go.jp/SG1/estat/Pdfdl.do?sinfid=000012449985,2010-02-01,https://www.e-stat.go.jp/SG1/estat/Pdfdl.do?sinfid=000012449985,false
13227,東京都,,,羽村市,,9,1,048,多摩,17,利根川,要現行資料照合,未確認,2010-02-01,https://www.e-stat.go.jp/SG1/estat/Pdfdl.do?sinfid=000012449985,2010-02-01,https://www.e-stat.go.jp/SG1/estat/Pdfdl.do?sinfid=000012449985,false
13228,東京都,,,あきる野市,,9,1,048,多摩,17,利根川,要現行資料照合,未確認,2010-02-01,https://www.e-stat.go.jp/SG1/estat/Pdfdl.do?sinfid=000012449985,2010-02-01,https://www.e-stat.go.jp/SG1/estat/Pdfdl.do?sinfid=000012449985,false
13229,東京都,,,西東京市,,9,1,048,多摩,17,利根川,要現行資料照合,未確認,2010-02-01,https://www.e-stat.go.jp/SG1/estat/Pdfdl.do?sinfid=000012449985,2010-02-01,https://www.e-stat.go.jp/SG1/estat/Pdfdl.do?sinfid=000012449985,false
13303,東京都,,西多摩郡,瑞穂町,,9,2,048,多摩,17,利根川,要現行資料照合,未確認,2010-02-01,https://www.e-stat.go.jp/SG1/estat/Pdfdl.do?sinfid=000012449985,2010-02-01,https://www.e-stat.go.jp/SG1/estat/Pdfdl.do?sinfid=000012449985,false
13305,東京都,,西多摩郡,日の出町,,9,1,048,多摩,17,利根川,要現行資料照合,未確認,2010-02-01,https://www.e-stat.go.jp/SG1/estat/Pdfdl.do?sinfid=000012449985,2010-02-01,https://www.e-stat.go.jp/SG1/estat/Pdfdl.do?sinfid=000012449985,false
13307,東京都,,西多摩郡,檜原村,,9,1,048,多摩,17,利根川,要現行資料照合,未確認,2010-02-01,https://www.e-stat.go.jp/SG1/estat/Pdfdl.do?sinfid=000012449985,2010-02-01,https://www.e-stat.go.jp/SG1/estat/Pdfdl.do?sinfid=000012449985,false
13308,東京都,,西多摩郡,奥多摩町,,9,1,048,多摩,17,利根川,要現行資料照合,未確認,2010-02-01,https://www.e-stat.go.jp/SG1/estat/Pdfdl.do?sinfid=000012449985,2010-02-01,https://www.e-stat.go.jp/SG1/estat/Pdfdl.do?sinfid=000012449985,false
13361,東京都,,,大島町,,9,330,049,伊豆諸島,17,利根川,要現行資料照合,未確認,2010-02-01,https://www.e-stat.go.jp/SG1/estat/Pdfdl.do?sinfid=000012449985,2010-02-01,https://www.e-stat.go.jp/SG1/estat/Pdfdl.do?sinfid=000012449985,false
13362,東京都,,,利島村,,9,15,049,伊豆諸島,17,利根川,要現行資料照合,未確認,2010-02-01,https://www.e-stat.go.jp/SG1/estat/Pdfdl.do?sinfid=000012449985,2010-02-01,https://www.e-stat.go.jp/SG1/estat/Pdfdl.do?sinfid=000012449985,false
13363,東京都,,,新島村,,9,714,,,,,未対応・要調査,未確認,2010-02-01,https://www.e-stat.go.jp/SG1/estat/Pdfdl.do?sinfid=000012449985,2010-02-01,https://www.e-stat.go.jp/SG1/estat/Pdfdl.do?sinfid=000012449985,false
13364,東京都,,,神津島村,,9,452,049,伊豆諸島,17,利根川,要現行資料照合,未確認,2010-02-01,https://www.e-stat.go.jp/SG1/estat/Pdfdl.do?sinfid=000012449985,2010-02-01,https://www.e-stat.go.jp/SG1/estat/Pdfdl.do?sinfid=000012449985,false
13381,東京都,,,三宅村,,9,54,049,伊豆諸島,17,利根川,要現行資料照合,未確認,2010-02-01,https://www.e-stat.go.jp/SG1/estat/Pdfdl.do?sinfid=000012449985,2010-02-01,https://www.e-stat.go.jp/SG1/estat/Pdfdl.do?sinfid=000012449985,false
13382,東京都,,,御蔵島村,,9,63,049,伊豆諸島,17,利根川,要現行資料照合,未確認,2010-02-01,https://www.e-stat.go.jp/SG1/estat/Pdfdl.do?sinfid=000012449985,2010-02-01,https://www.e-stat.go.jp/SG1/estat/Pdfdl.do?sinfid=000012449985,false
13401,東京都,,,八丈町,,9,136,049,伊豆諸島,17,利根川,要現行資料照合,未確認,2010-02-01,https://www.e-stat.go.jp/SG1/estat/Pdfdl.do?sinfid=000012449985,2010-02-01,https://www.e-stat.go.jp/SG1/estat/Pdfdl.do?sinfid=000012449985,false
13402,東京都,,,青ヶ島村,,9,54,049,伊豆諸島,17,利根川,要現行資料照合,未確認,2010-02-01,https://www.e-stat.go.jp/SG1/estat/Pdfdl.do?sinfid=000012449985,2010-02-01,https://www.e-stat.go.jp/SG1/estat/Pdfdl.do?sinfid=000012449985,false
13421,東京都,,,小笠原村,,14;18;19,4812,049,伊豆諸島,17,利根川,要現行資料照合,未確認,2010-02-01,https://www.e-stat.go.jp/SG1/estat/Pdfdl.do?sinfid=000012449985,2010-02-01,https://www.e-stat.go.jp/SG1/estat/Pdfdl.do?sinfid=000012449985,false
14101,神奈川県,,,横浜市,鶴見区,9,8,050,神奈川,18,相模川,要現行資料照合,未確認,2010-02-01,https://www.e-stat.go.jp/SG1/estat/Pdfdl.do?sinfid=000012449985,2010-02-01,https://www.e-stat.go.jp/SG1/estat/Pdfdl.do?sinfid=000012449985,false
14102,神奈川県,,,横浜市,神奈川区,9,5,050,神奈川,18,相模川,要現行資料照合,未確認,2010-02-01,https://www.e-stat.go.jp/SG1/estat/Pdfdl.do?sinfid=000012449985,2010-02-01,https://www.e-stat.go.jp/SG1/estat/Pdfdl.do?sinfid=000012449985,false
14103,神奈川県,,,横浜市,西区,9,1,050,神奈川,18,相模川,要現行資料照合,未確認,2010-02-01,https://www.e-stat.go.jp/SG1/estat/Pdfdl.do?sinfid=000012449985,2010-02-01,https://www.e-stat.go.jp/SG1/estat/Pdfdl.do?sinfid=000012449985,false
14104,神奈川県,,,横浜市,中区,9,11,050,神奈川,18,相模川,要現行資料照合,未確認,2010-02-01,https://www.e-stat.go.jp/SG1/estat/Pdfdl.do?sinfid=000012449985,2010-02-01,https://www.e-stat.go.jp/SG1/estat/Pdfdl.do?sinfid=000012449985,false
14105,神奈川県,,,横浜市,南区,9,1,050,神奈川,18,相模川,要現行資料照合,未確認,2010-02-01,https://www.e-stat.go.jp/SG1/estat/Pdfdl.do?sinfid=000012449985,2010-02-01,https://www.e-stat.go.jp/SG1/estat/Pdfdl.do?sinfid=000012449985,false
14106,神奈川県,,,横浜市,保土ケ谷区,9,1,050,神奈川,18,相模川,要現行資料照合,未確認,2010-02-01,https://www.e-stat.go.jp/SG1/estat/Pdfdl.do?sinfid=000012449985,2010-02-01,https://www.e-stat.go.jp/SG1/estat/Pdfdl.do?sinfid=000012449985,false
14107,神奈川県,,,横浜市,磯子区,9,2,050,神奈川,18,相模川,要現行資料照合,未確認,2010-02-01,https://www.e-stat.go.jp/SG1/estat/Pdfdl.do?sinfid=000012449985,2010-02-01,https://www.e-stat.go.jp/SG1/estat/Pdfdl.do?sinfid=000012449985,false
14108,神奈川県,,,横浜市,金沢区,9,14,050,神奈川,18,相模川,要現行資料照合,未確認,2010-02-01,https://www.e-stat.go.jp/SG1/estat/Pdfdl.do?sinfid=000012449985,2010-02-01,https://www.e-stat.go.jp/SG1/estat/Pdfdl.do?sinfid=000012449985,false
14109,神奈川県,,,横浜市,港北区,9,1,050,神奈川,18,相模川,要現行資料照合,未確認,2010-02-01,https://www.e-stat.go.jp/SG1/estat/Pdfdl.do?sinfid=000012449985,2010-02-01,https://www.e-stat.go.jp/SG1/estat/Pdfdl.do?sinfid=000012449985,false
14110,神奈川県,,,横浜市,戸塚区,9,1,050,神奈川,18,相模川,要現行資料照合,未確認,2010-02-01,https://www.e-stat.go.jp/SG1/estat/Pdfdl.do?sinfid=000012449985,2010-02-01,https://www.e-stat.go.jp/SG1/estat/Pdfdl.do?sinfid=000012449985,false
14111,神奈川県,,,横浜市,港南区,9,1,050,神奈川,18,相模川,要現行資料照合,未確認,2010-02-01,https://www.e-stat.go.jp/SG1/estat/Pdfdl.do?sinfid=000012449985,2010-02-01,https://www.e-stat.go.jp/SG1/estat/Pdfdl.do?sinfid=000012449985,false
14112,神奈川県,,,横浜市,旭区,9,1,050,神奈川,18,相模川,要現行資料照合,未確認,2010-02-01,https://www.e-stat.go.jp/SG1/estat/Pdfdl.do?sinfid=000012449985,2010-02-01,https://www.e-stat.go.jp/SG1/estat/Pdfdl.do?sinfid=000012449985,false
14113,神奈川県,,,横浜市,緑区,9,1,050,神奈川,18,相模川,要現行資料照合,未確認,2010-02-01,https://www.e-stat.go.jp/SG1/estat/Pdfdl.do?sinfid=000012449985,2010-02-01,https://www.e-stat.go.jp/SG1/estat/Pdfdl.do?sinfid=000012449985,false
14114,神奈川県,,,横浜市,瀬谷区,9,1,050,神奈川,18,相模川,要現行資料照合,未確認,2010-02-01,https://www.e-stat.go.jp/SG1/estat/Pdfdl.do?sinfid=000012449985,2010-02-01,https://www.e-stat.go.jp/SG1/estat/Pdfdl.do?sinfid=000012449985,false
14115,神奈川県,,,横浜市,栄区,9,1,050,神奈川,18,相模川,要現行資料照合,未確認,2010-02-01,https://www.e-stat.go.jp/SG1/estat/Pdfdl.do?sinfid=000012449985,2010-02-01,https://www.e-stat.go.jp/SG1/estat/Pdfdl.do?sinfid=000012449985,false
14116,神奈川県,,,横浜市,泉区,9,1,050,神奈川,18,相模川,要現行資料照合,未確認,2010-02-01,https://www.e-stat.go.jp/SG1/estat/Pdfdl.do?sinfid=000012449985,2010-02-01,https://www.e-stat.go.jp/SG1/estat/Pdfdl.do?sinfid=000012449985,false
14117,神奈川県,,,横浜市,青葉区,9,1,050,神奈川,18,相模川,要現行資料照合,未確認,2010-02-01,https://www.e-stat.go.jp/SG1/estat/Pdfdl.do?sinfid=000012449985,2010-02-01,https://www.e-stat.go.jp/SG1/estat/Pdfdl.do?sinfid=000012449985,false
14118,神奈川県,,,横浜市,都筑区,9,1,050,神奈川,18,相模川,要現行資料照合,未確認,2010-02-01,https://www.e-stat.go.jp/SG1/estat/Pdfdl.do?sinfid=000012449985,2010-02-01,https://www.e-stat.go.jp/SG1/estat/Pdfdl.do?sinfid=000012449985,false
14131,神奈川県,,,川崎市,川崎区,9,8,050,神奈川,18,相模川,要現行資料照合,未確認,2010-02-01,https://www.e-stat.go.jp/SG1/estat/Pdfdl.do?sinfid=000012449985,2010-02-01,https://www.e-stat.go.jp/SG1/estat/Pdfdl.do?sinfid=000012449985,false
14132,神奈川県,,,川崎市,幸区,9,1,050,神奈川,18,相模川,要現行資料照合,未確認,2010-02-01,https://www.e-stat.go.jp/SG1/estat/Pdfdl.do?sinfid=000012449985,2010-02-01,https://www.e-stat.go.jp/SG1/estat/Pdfdl.do?sinfid=000012449985,false
14133,神奈川県,,,川崎市,中原区,9,1,050,神奈川,18,相模川,要現行資料照合,未確認,2010-02-01,https://www.e-stat.go.jp/SG1/estat/Pdfdl.do?sinfid=000012449985,2010-02-01,https://www.e-stat.go.jp/SG1/estat/Pdfdl.do?sinfid=000012449985,false
14134,神奈川県,,,川崎市,高津区,9,1,050,神奈川,18,相模川,要現行資料照合,未確認,2010-02-01,https://www.e-stat.go.jp/SG1/estat/Pdfdl.do?sinfid=000012449985,2010-02-01,https://www.e-stat.go.jp/SG1/estat/Pdfdl.do?sinfid=000012449985,false
14135,神奈川県,,,川崎市,多摩区,9,1,050,神奈川,18,相模川,要現行資料照合,未確認,2010-02-01,https://www.e-stat.go.jp/SG1/estat/Pdfdl.do?sinfid=000012449985,2010-02-01,https://www.e-stat.go.jp/SG1/estat/Pdfdl.do?sinfid=000012449985,false
14136,神奈川県,,,川崎市,宮前区,9,1,050,神奈川,18,相模川,要現行資料照合,未確認,2010-02-01,https://www.e-stat.go.jp/SG1/estat/Pdfdl.do?sinfid=000012449985,2010-02-01,https://www.e-stat.go.jp/SG1/estat/Pdfdl.do?sinfid=000012449985,false
14137,神奈川県,,,川崎市,麻生区,9,2,050,神奈川,18,相模川,要現行資料照合,未確認,2010-02-01,https://www.e-stat.go.jp/SG1/estat/Pdfdl.do?sinfid=000012449985,2010-02-01,https://www.e-stat.go.jp/SG1/estat/Pdfdl.do?sinfid=000012449985,false
14151,神奈川県,,,相模原市,緑区,9,1,050,神奈川,18,相模川,要現行資料照合,未確認,2010-02-01,https://www.e-stat.go.jp/SG1/estat/Pdfdl.do?sinfid=000012449985,2010-02-01,https://www.e-stat.go.jp/SG1/estat/Pdfdl.do?sinfid=000012449985,false
14152,神奈川県,,,相模原市,中央区,9,2,050,神奈川,18,相模川,要現行資料照合,未確認,2010-02-01,https://www.e-stat.go.jp/SG1/estat/Pdfdl.do?sinfid=000012449985,2010-02-01,https://www.e-stat.go.jp/SG1/estat/Pdfdl.do?sinfid=000012449985,false
14153,神奈川県,,,相模原市,南区,9,1,050,神奈川,18,相模川,要現行資料照合,未確認,2010-02-01,https://www.e-stat.go.jp/SG1/estat/Pdfdl.do?sinfid=000012449985,2010-02-01,https://www.e-stat.go.jp/SG1/estat/Pdfdl.do?sinfid=000012449985,false
14201,神奈川県,,,横須賀市,,9,483,050,神奈川,18,相模川,要現行資料照合,未確認,2010-02-01,https://www.e-stat.go.jp/SG1/estat/Pdfdl.do?sinfid=000012449985,2010-02-01,https://www.e-stat.go.jp/SG1/estat/Pdfdl.do?sinfid=000012449985,false
14203,神奈川県,,,平塚市,,9,2,050,神奈川,18,相模川,要現行資料照合,未確認,2010-02-01,https://www.e-stat.go.jp/SG1/estat/Pdfdl.do?sinfid=000012449985,2010-02-01,https://www.e-stat.go.jp/SG1/estat/Pdfdl.do?sinfid=000012449985,false
14204,神奈川県,,,鎌倉市,,9,2,050,神奈川,18,相模川,要現行資料照合,未確認,2010-02-01,https://www.e-stat.go.jp/SG1/estat/Pdfdl.do?sinfid=000012449985,2010-02-01,https://www.e-stat.go.jp/SG1/estat/Pdfdl.do?sinfid=000012449985,false
14205,神奈川県,,,藤沢市,,9,193,050,神奈川,18,相模川,要現行資料照合,未確認,2010-02-01,https://www.e-stat.go.jp/SG1/estat/Pdfdl.do?sinfid=000012449985,2010-02-01,https://www.e-stat.go.jp/SG1/estat/Pdfdl.do?sinfid=000012449985,false
14206,神奈川県,,,小田原市,,9,24,050,神奈川,18,相模川,要現行資料照合,未確認,2010-02-01,https://www.e-stat.go.jp/SG1/estat/Pdfdl.do?sinfid=000012449985,2010-02-01,https://www.e-stat.go.jp/SG1/estat/Pdfdl.do?sinfid=000012449985,false
14207,神奈川県,,,茅ヶ崎市,,9,68,050,神奈川,18,相模川,要現行資料照合,未確認,2010-02-01,https://www.e-stat.go.jp/SG1/estat/Pdfdl.do?sinfid=000012449985,2010-02-01,https://www.e-stat.go.jp/SG1/estat/Pdfdl.do?sinfid=000012449985,false
14208,神奈川県,,,逗子市,,9,14,050,神奈川,18,相模川,要現行資料照合,未確認,2010-02-01,https://www.e-stat.go.jp/SG1/estat/Pdfdl.do?sinfid=000012449985,2010-02-01,https://www.e-stat.go.jp/SG1/estat/Pdfdl.do?sinfid=000012449985,false
14210,神奈川県,,,三浦市,,9,125,050,神奈川,18,相模川,要現行資料照合,未確認,2010-02-01,https://www.e-stat.go.jp/SG1/estat/Pdfdl.do?sinfid=000012449985,2010-02-01,https://www.e-stat.go.jp/SG1/estat/Pdfdl.do?sinfid=000012449985,false
14211,神奈川県,,,秦野市,,9,1,050,神奈川,18,相模川,要現行資料照合,未確認,2010-02-01,https://www.e-stat.go.jp/SG1/estat/Pdfdl.do?sinfid=000012449985,2010-02-01,https://www.e-stat.go.jp/SG1/estat/Pdfdl.do?sinfid=000012449985,false
14212,神奈川県,,,厚木市,,9,1,050,神奈川,18,相模川,要現行資料照合,未確認,2010-02-01,https://www.e-stat.go.jp/SG1/estat/Pdfdl.do?sinfid=000012449985,2010-02-01,https://www.e-stat.go.jp/SG1/estat/Pdfdl.do?sinfid=000012449985,false
14213,神奈川県,,,大和市,,9,1,050,神奈川,18,相模川,要現行資料照合,未確認,2010-02-01,https://www.e-stat.go.jp/SG1/estat/Pdfdl.do?sinfid=000012449985,2010-02-01,https://www.e-stat.go.jp/SG1/estat/Pdfdl.do?sinfid=000012449985,false
14214,神奈川県,,,伊勢原市,,9,1,050,神奈川,18,相模川,要現行資料照合,未確認,2010-02-01,https://www.e-stat.go.jp/SG1/estat/Pdfdl.do?sinfid=000012449985,2010-02-01,https://www.e-stat.go.jp/SG1/estat/Pdfdl.do?sinfid=000012449985,false
14215,神奈川県,,,海老名市,,9,1,050,神奈川,18,相模川,要現行資料照合,未確認,2010-02-01,https://www.e-stat.go.jp/SG1/estat/Pdfdl.do?sinfid=000012449985,2010-02-01,https://www.e-stat.go.jp/SG1/estat/Pdfdl.do?sinfid=000012449985,false
14216,神奈川県,,,座間市,,9,1,050,神奈川,18,相模川,要現行資料照合,未確認,2010-02-01,https://www.e-stat.go.jp/SG1/estat/Pdfdl.do?sinfid=000012449985,2010-02-01,https://www.e-stat.go.jp/SG1/estat/Pdfdl.do?sinfid=000012449985,false
14217,神奈川県,,,南足柄市,,9,1,050,神奈川,18,相模川,要現行資料照合,未確認,2010-02-01,https://www.e-stat.go.jp/SG1/estat/Pdfdl.do?sinfid=000012449985,2010-02-01,https://www.e-stat.go.jp/SG1/estat/Pdfdl.do?sinfid=000012449985,false
14218,神奈川県,,,綾瀬市,,9,1,050,神奈川,18,相模川,要現行資料照合,未確認,2010-02-01,https://www.e-stat.go.jp/SG1/estat/Pdfdl.do?sinfid=000012449985,2010-02-01,https://www.e-stat.go.jp/SG1/estat/Pdfdl.do?sinfid=000012449985,false
14301,神奈川県,,三浦郡,葉山町,,9,165,050,神奈川,18,相模川,要現行資料照合,未確認,2010-02-01,https://www.e-stat.go.jp/SG1/estat/Pdfdl.do?sinfid=000012449985,2010-02-01,https://www.e-stat.go.jp/SG1/estat/Pdfdl.do?sinfid=000012449985,false
14321,神奈川県,,高座郡,寒川町,,9,1,050,神奈川,18,相模川,要現行資料照合,未確認,2010-02-01,https://www.e-stat.go.jp/SG1/estat/Pdfdl.do?sinfid=000012449985,2010-02-01,https://www.e-stat.go.jp/SG1/estat/Pdfdl.do?sinfid=000012449985,false
14341,神奈川県,,中郡,大磯町,,9,2,050,神奈川,18,相模川,要現行資料照合,未確認,2010-02-01,https://www.e-stat.go.jp/SG1/estat/Pdfdl.do?sinfid=000012449985,2010-02-01,https://www.e-stat.go.jp/SG1/estat/Pdfdl.do?sinfid=000012449985,false
14342,神奈川県,,中郡,二宮町,,9,1,050,神奈川,18,相模川,要現行資料照合,未確認,2010-02-01,https://www.e-stat.go.jp/SG1/estat/Pdfdl.do?sinfid=000012449985,2010-02-01,https://www.e-stat.go.jp/SG1/estat/Pdfdl.do?sinfid=000012449985,false
14361,神奈川県,,足柄上郡,中井町,,9,1,050,神奈川,18,相模川,要現行資料照合,未確認,2010-02-01,https://www.e-stat.go.jp/SG1/estat/Pdfdl.do?sinfid=000012449985,2010-02-01,https://www.e-stat.go.jp/SG1/estat/Pdfdl.do?sinfid=000012449985,false
14362,神奈川県,,足柄上郡,大井町,,9,1,050,神奈川,18,相模川,要現行資料照合,未確認,2010-02-01,https://www.e-stat.go.jp/SG1/estat/Pdfdl.do?sinfid=000012449985,2010-02-01,https://www.e-stat.go.jp/SG1/estat/Pdfdl.do?sinfid=000012449985,false
14363,神奈川県,,足柄上郡,松田町,,9,1,050,神奈川,18,相模川,要現行資料照合,未確認,2010-02-01,https://www.e-stat.go.jp/SG1/estat/Pdfdl.do?sinfid=000012449985,2010-02-01,https://www.e-stat.go.jp/SG1/estat/Pdfdl.do?sinfid=000012449985,false
14364,神奈川県,,足柄上郡,山北町,,9,1,050,神奈川,18,相模川,要現行資料照合,未確認,2010-02-01,https://www.e-stat.go.jp/SG1/estat/Pdfdl.do?sinfid=000012449985,2010-02-01,https://www.e-stat.go.jp/SG1/estat/Pdfdl.do?sinfid=000012449985,false
14366,神奈川県,,足柄上郡,開成町,,9,1,050,神奈川,18,相模川,要現行資料照合,未確認,2010-02-01,https://www.e-stat.go.jp/SG1/estat/Pdfdl.do?sinfid=000012449985,2010-02-01,https://www.e-stat.go.jp/SG1/estat/Pdfdl.do?sinfid=000012449985,false
14382,神奈川県,,足柄下郡,箱根町,,9,1,050,神奈川,18,相模川,要現行資料照合,未確認,2010-02-01,https://www.e-stat.go.jp/SG1/estat/Pdfdl.do?sinfid=000012449985,2010-02-01,https://www.e-stat.go.jp/SG1/estat/Pdfdl.do?sinfid=000012449985,false
14383,神奈川県,,足柄下郡,真鶴町,,9,78,050,神奈川,18,相模川,要現行資料照合,未確認,2010-02-01,https://www.e-stat.go.jp/SG1/estat/Pdfdl.do?sinfid=000012449985,2010-02-01,https://www.e-stat.go.jp/SG1/estat/Pdfdl.do?sinfid=000012449985,false
14384,神奈川県,,足柄下郡,湯河原町,,9,1,050,神奈川,18,相模川,要現行資料照合,未確認,2010-02-01,https://www.e-stat.go.jp/SG1/estat/Pdfdl.do?sinfid=000012449985,2010-02-01,https://www.e-stat.go.jp/SG1/estat/Pdfdl.do?sinfid=000012449985,false
14401,神奈川県,,愛甲郡,愛川町,,9,1,050,神奈川,18,相模川,要現行資料照合,未確認,2010-02-01,https://www.e-stat.go.jp/SG1/estat/Pdfdl.do?sinfid=000012449985,2010-02-01,https://www.e-stat.go.jp/SG1/estat/Pdfdl.do?sinfid=000012449985,false
14402,神奈川県,,愛甲郡,清川村,,9,1,050,神奈川,18,相模川,要現行資料照合,未確認,2010-02-01,https://www.e-stat.go.jp/SG1/estat/Pdfdl.do?sinfid=000012449985,2010-02-01,https://www.e-stat.go.jp/SG1/estat/Pdfdl.do?sinfid=000012449985,false
15101,新潟県,,,新潟市,北区,8,12,052,中越,15,信濃川,要現行資料照合,未確認,2010-02-01,https://www.e-stat.go.jp/SG1/estat/Pdfdl.do?sinfid=000012449985,2010-02-01,https://www.e-stat.go.jp/SG1/estat/Pdfdl.do?sinfid=000012449985,false
15102,新潟県,,,新潟市,東区,8,8,052,中越,15,信濃川,要現行資料照合,未確認,2010-02-01,https://www.e-stat.go.jp/SG1/estat/Pdfdl.do?sinfid=000012449985,2010-02-01,https://www.e-stat.go.jp/SG1/estat/Pdfdl.do?sinfid=000012449985,false
15103,新潟県,,,新潟市,中央区,8,11,052,中越,15,信濃川,要現行資料照合,未確認,2010-02-01,https://www.e-stat.go.jp/SG1/estat/Pdfdl.do?sinfid=000012449985,2010-02-01,https://www.e-stat.go.jp/SG1/estat/Pdfdl.do?sinfid=000012449985,false
15104,新潟県,,,新潟市,江南区,8,1,052,中越,15,信濃川,要現行資料照合,未確認,2010-02-01,https://www.e-stat.go.jp/SG1/estat/Pdfdl.do?sinfid=000012449985,2010-02-01,https://www.e-stat.go.jp/SG1/estat/Pdfdl.do?sinfid=000012449985,false
15105,新潟県,,,新潟市,秋葉区,8,1,052,中越,15,信濃川,要現行資料照合,未確認,2010-02-01,https://www.e-stat.go.jp/SG1/estat/Pdfdl.do?sinfid=000012449985,2010-02-01,https://www.e-stat.go.jp/SG1/estat/Pdfdl.do?sinfid=000012449985,false
15106,新潟県,,,新潟市,南区,8,1,052,中越,15,信濃川,要現行資料照合,未確認,2010-02-01,https://www.e-stat.go.jp/SG1/estat/Pdfdl.do?sinfid=000012449985,2010-02-01,https://www.e-stat.go.jp/SG1/estat/Pdfdl.do?sinfid=000012449985,false
15107,新潟県,,,新潟市,西区,8,3,052,中越,15,信濃川,要現行資料照合,未確認,2010-02-01,https://www.e-stat.go.jp/SG1/estat/Pdfdl.do?sinfid=000012449985,2010-02-01,https://www.e-stat.go.jp/SG1/estat/Pdfdl.do?sinfid=000012449985,false
15108,新潟県,,,新潟市,西蒲区,8,47,052,中越,15,信濃川,要現行資料照合,未確認,2010-02-01,https://www.e-stat.go.jp/SG1/estat/Pdfdl.do?sinfid=000012449985,2010-02-01,https://www.e-stat.go.jp/SG1/estat/Pdfdl.do?sinfid=000012449985,false
15202,新潟県,,,長岡市,,8,18,052,中越,15,信濃川,要現行資料照合,未確認,2010-02-01,https://www.e-stat.go.jp/SG1/estat/Pdfdl.do?sinfid=000012449985,2010-02-01,https://www.e-stat.go.jp/SG1/estat/Pdfdl.do?sinfid=000012449985,false
15204,新潟県,,,三条市,,8,1,052,中越,15,信濃川,要現行資料照合,未確認,2010-02-01,https://www.e-stat.go.jp/SG1/estat/Pdfdl.do?sinfid=000012449985,2010-02-01,https://www.e-stat.go.jp/SG1/estat/Pdfdl.do?sinfid=000012449985,false
15205,新潟県,,,柏崎市,,8,94,052,中越,15,信濃川,要現行資料照合,未確認,2010-02-01,https://www.e-stat.go.jp/SG1/estat/Pdfdl.do?sinfid=000012449985,2010-02-01,https://www.e-stat.go.jp/SG1/estat/Pdfdl.do?sinfid=000012449985,false
15206,新潟県,,,新発田市,,8,1,051,下越,14,阿賀野川,要現行資料照合,未確認,2010-02-01,https://www.e-stat.go.jp/SG1/estat/Pdfdl.do?sinfid=000012449985,2010-02-01,https://www.e-stat.go.jp/SG1/estat/Pdfdl.do?sinfid=000012449985,false
15208,新潟県,,,小千谷市,,8,1,052,中越,15,信濃川,要現行資料照合,未確認,2010-02-01,https://www.e-stat.go.jp/SG1/estat/Pdfdl.do?sinfid=000012449985,2010-02-01,https://www.e-stat.go.jp/SG1/estat/Pdfdl.do?sinfid=000012449985,false
15209,新潟県,,,加茂市,,8,1,052,中越,15,信濃川,要現行資料照合,未確認,2010-02-01,https://www.e-stat.go.jp/SG1/estat/Pdfdl.do?sinfid=000012449985,2010-02-01,https://www.e-stat.go.jp/SG1/estat/Pdfdl.do?sinfid=000012449985,false
15210,新潟県,,,十日町市,,8,1,052,中越,15,信濃川,要現行資料照合,未確認,2010-02-01,https://www.e-stat.go.jp/SG1/estat/Pdfdl.do?sinfid=000012449985,2010-02-01,https://www.e-stat.go.jp/SG1/estat/Pdfdl.do?sinfid=000012449985,false
15211,新潟県,,,見附市,,8,2,052,中越,15,信濃川,要現行資料照合,未確認,2010-02-01,https://www.e-stat.go.jp/SG1/estat/Pdfdl.do?sinfid=000012449985,2010-02-01,https://www.e-stat.go.jp/SG1/estat/Pdfdl.do?sinfid=000012449985,false
15212,新潟県,,,村上市,,8,966,051,下越,14,阿賀野川,要現行資料照合,未確認,2010-02-01,https://www.e-stat.go.jp/SG1/estat/Pdfdl.do?sinfid=000012449985,2010-02-01,https://www.e-stat.go.jp/SG1/estat/Pdfdl.do?sinfid=000012449985,false
15213,新潟県,,,燕市,,8,6,052,中越,15,信濃川,要現行資料照合,未確認,2010-02-01,https://www.e-stat.go.jp/SG1/estat/Pdfdl.do?sinfid=000012449985,2010-02-01,https://www.e-stat.go.jp/SG1/estat/Pdfdl.do?sinfid=000012449985,false
15216,新潟県,,,糸魚川市,,8,53,053,上越,15,信濃川,要現行資料照合,未確認,2010-02-01,https://www.e-stat.go.jp/SG1/estat/Pdfdl.do?sinfid=000012449985,2010-02-01,https://www.e-stat.go.jp/SG1/estat/Pdfdl.do?sinfid=000012449985,false
15217,新潟県,,,妙高市,,8,1,053,上越,15,信濃川,要現行資料照合,未確認,2010-02-01,https://www.e-stat.go.jp/SG1/estat/Pdfdl.do?sinfid=000012449985,2010-02-01,https://www.e-stat.go.jp/SG1/estat/Pdfdl.do?sinfid=000012449985,false
15218,新潟県,,,五泉市,,8,1,051,下越,14,阿賀野川,要現行資料照合,未確認,2010-02-01,https://www.e-stat.go.jp/SG1/estat/Pdfdl.do?sinfid=000012449985,2010-02-01,https://www.e-stat.go.jp/SG1/estat/Pdfdl.do?sinfid=000012449985,false
15222,新潟県,,,上越市,,8,46,053,上越,15,信濃川,要現行資料照合,未確認,2010-02-01,https://www.e-stat.go.jp/SG1/estat/Pdfdl.do?sinfid=000012449985,2010-02-01,https://www.e-stat.go.jp/SG1/estat/Pdfdl.do?sinfid=000012449985,false
15223,新潟県,,,阿賀野市,,8,2,051,下越,14,阿賀野川,要現行資料照合,未確認,2010-02-01,https://www.e-stat.go.jp/SG1/estat/Pdfdl.do?sinfid=000012449985,2010-02-01,https://www.e-stat.go.jp/SG1/estat/Pdfdl.do?sinfid=000012449985,false
15224,新潟県,,,佐渡市,,8,1152,054,佐渡,15,信濃川,要現行資料照合,未確認,2010-02-01,https://www.e-stat.go.jp/SG1/estat/Pdfdl.do?sinfid=000012449985,2010-02-01,https://www.e-stat.go.jp/SG1/estat/Pdfdl.do?sinfid=000012449985,false
15225,新潟県,,,魚沼市,,8,1,052,中越,15,信濃川,要現行資料照合,未確認,2010-02-01,https://www.e-stat.go.jp/SG1/estat/Pdfdl.do?sinfid=000012449985,2010-02-01,https://www.e-stat.go.jp/SG1/estat/Pdfdl.do?sinfid=000012449985,false
15226,新潟県,,,南魚沼市,,8,1,052,中越,15,信濃川,要現行資料照合,未確認,2010-02-01,https://www.e-stat.go.jp/SG1/estat/Pdfdl.do?sinfid=000012449985,2010-02-01,https://www.e-stat.go.jp/SG1/estat/Pdfdl.do?sinfid=000012449985,false
15227,新潟県,,,胎内市,,8,3,051,下越,14,阿賀野川,要現行資料照合,未確認,2010-02-01,https://www.e-stat.go.jp/SG1/estat/Pdfdl.do?sinfid=000012449985,2010-02-01,https://www.e-stat.go.jp/SG1/estat/Pdfdl.do?sinfid=000012449985,false
15307,新潟県,,北蒲原郡,聖籠町,,8,4,051,下越,14,阿賀野川,要現行資料照合,未確認,2010-02-01,https://www.e-stat.go.jp/SG1/estat/Pdfdl.do?sinfid=000012449985,2010-02-01,https://www.e-stat.go.jp/SG1/estat/Pdfdl.do?sinfid=000012449985,false
15342,新潟県,,西蒲原郡,弥彦村,,8,1,052,中越,15,信濃川,要現行資料照合,未確認,2010-02-01,https://www.e-stat.go.jp/SG1/estat/Pdfdl.do?sinfid=000012449985,2010-02-01,https://www.e-stat.go.jp/SG1/estat/Pdfdl.do?sinfid=000012449985,false
15361,新潟県,,南蒲原郡,田上町,,8,1,052,中越,15,信濃川,要現行資料照合,未確認,2010-02-01,https://www.e-stat.go.jp/SG1/estat/Pdfdl.do?sinfid=000012449985,2010-02-01,https://www.e-stat.go.jp/SG1/estat/Pdfdl.do?sinfid=000012449985,false
15385,新潟県,,東蒲原郡,阿賀町,,8,1,051,下越,14,阿賀野川,要現行資料照合,未確認,2010-02-01,https://www.e-stat.go.jp/SG1/estat/Pdfdl.do?sinfid=000012449985,2010-02-01,https://www.e-stat.go.jp/SG1/estat/Pdfdl.do?sinfid=000012449985,false
15405,新潟県,,三島郡,出雲崎町,,8,4,052,中越,15,信濃川,要現行資料照合,未確認,2010-02-01,https://www.e-stat.go.jp/SG1/estat/Pdfdl.do?sinfid=000012449985,2010-02-01,https://www.e-stat.go.jp/SG1/estat/Pdfdl.do?sinfid=000012449985,false
15461,新潟県,,南魚沼郡,湯沢町,,8,1,052,中越,15,信濃川,要現行資料照合,未確認,2010-02-01,https://www.e-stat.go.jp/SG1/estat/Pdfdl.do?sinfid=000012449985,2010-02-01,https://www.e-stat.go.jp/SG1/estat/Pdfdl.do?sinfid=000012449985,false
15482,新潟県,,中魚沼郡,津南町,,8,1,052,中越,15,信濃川,要現行資料照合,未確認,2010-02-01,https://www.e-stat.go.jp/SG1/estat/Pdfdl.do?sinfid=000012449985,2010-02-01,https://www.e-stat.go.jp/SG1/estat/Pdfdl.do?sinfid=000012449985,false
15504,新潟県,,刈羽郡,刈羽村,,8,2,052,中越,15,信濃川,要現行資料照合,未確認,2010-02-01,https://www.e-stat.go.jp/SG1/estat/Pdfdl.do?sinfid=000012449985,2010-02-01,https://www.e-stat.go.jp/SG1/estat/Pdfdl.do?sinfid=000012449985,false
15581,新潟県,,岩船郡,関川村,,8,1,051,下越,14,阿賀野川,要現行資料照合,未確認,2010-02-01,https://www.e-stat.go.jp/SG1/estat/Pdfdl.do?sinfid=000012449985,2010-02-01,https://www.e-stat.go.jp/SG1/estat/Pdfdl.do?sinfid=000012449985,false
15586,新潟県,,岩船郡,粟島浦村,,8,257,051,下越,14,阿賀野川,要現行資料照合,未確認,2010-02-01,https://www.e-stat.go.jp/SG1/estat/Pdfdl.do?sinfid=000012449985,2010-02-01,https://www.e-stat.go.jp/SG1/estat/Pdfdl.do?sinfid=000012449985,false
16201,富山県,,,富山市,,7,2,055,神通川,21,神通・庄川,所属計画区を県資料で照合・境界未確認,未確認,2024-03-13,https://www.pref.toyama.jp/1603/5jou/plan.html,2010-02-01,https://www.e-stat.go.jp/SG1/estat/Pdfdl.do?sinfid=000012449985,false
16202,富山県,,,高岡市,,7,6,056,庄川,21,神通・庄川,所属計画区を県資料で照合・境界未確認,未確認,2024-03-13,https://www.pref.toyama.jp/1603/5jou/plan.html,2010-02-01,https://www.e-stat.go.jp/SG1/estat/Pdfdl.do?sinfid=000012449985,false
16204,富山県,,,魚津市,,7,1,055,神通川,21,神通・庄川,所属計画区を県資料で照合・境界未確認,未確認,2024-03-13,https://www.pref.toyama.jp/1603/5jou/plan.html,2010-02-01,https://www.e-stat.go.jp/SG1/estat/Pdfdl.do?sinfid=000012449985,false
16205,富山県,,,氷見市,,7,14,056,庄川,21,神通・庄川,所属計画区を県資料で照合・境界未確認,未確認,2024-03-13,https://www.pref.toyama.jp/1603/5jou/plan.html,2010-02-01,https://www.e-stat.go.jp/SG1/estat/Pdfdl.do?sinfid=000012449985,false
16206,富山県,,,滑川市,,7,1,055,神通川,21,神通・庄川,所属計画区を県資料で照合・境界未確認,未確認,2024-03-13,https://www.pref.toyama.jp/1603/5jou/plan.html,2010-02-01,https://www.e-stat.go.jp/SG1/estat/Pdfdl.do?sinfid=000012449985,false
16207,富山県,,,黒部市,,7,9,055,神通川,21,神通・庄川,所属計画区を県資料で照合・境界未確認,未確認,2024-03-13,https://www.pref.toyama.jp/1603/5jou/plan.html,2010-02-01,https://www.e-stat.go.jp/SG1/estat/Pdfdl.do?sinfid=000012449985,false
16208,富山県,,,砺波市,,7,1,056,庄川,21,神通・庄川,所属計画区を県資料で照合・境界未確認,未確認,2024-03-13,https://www.pref.toyama.jp/1603/5jou/plan.html,2010-02-01,https://www.e-stat.go.jp/SG1/estat/Pdfdl.do?sinfid=000012449985,false
16209,富山県,,,小矢部市,,7,2,056,庄川,21,神通・庄川,所属計画区を県資料で照合・境界未確認,未確認,2024-03-13,https://www.pref.toyama.jp/1603/5jou/plan.html,2010-02-01,https://www.e-stat.go.jp/SG1/estat/Pdfdl.do?sinfid=000012449985,false
16210,富山県,,,南砺市,,7,1,056,庄川,21,神通・庄川,所属計画区を県資料で照合・境界未確認,未確認,2024-03-13,https://www.pref.toyama.jp/1603/5jou/plan.html,2010-02-01,https://www.e-stat.go.jp/SG1/estat/Pdfdl.do?sinfid=000012449985,false
16211,富山県,,,射水市,,7,8,056,庄川,21,神通・庄川,所属計画区を県資料で照合・境界未確認,未確認,2024-03-13,https://www.pref.toyama.jp/1603/5jou/plan.html,2010-02-01,https://www.e-stat.go.jp/SG1/estat/Pdfdl.do?sinfid=000012449985,false
16321,富山県,,中新川郡,舟橋村,,7,1,055,神通川,21,神通・庄川,要現行資料照合,未確認,2010-02-01,https://www.e-stat.go.jp/SG1/estat/Pdfdl.do?sinfid=000012449985,2010-02-01,https://www.e-stat.go.jp/SG1/estat/Pdfdl.do?sinfid=000012449985,false
16322,富山県,,中新川郡,上市町,,7,2,055,神通川,21,神通・庄川,所属計画区を県資料で照合・境界未確認,未確認,2024-03-13,https://www.pref.toyama.jp/1603/5jou/plan.html,2010-02-01,https://www.e-stat.go.jp/SG1/estat/Pdfdl.do?sinfid=000012449985,false
16323,富山県,,中新川郡,立山町,,7,1,055,神通川,21,神通・庄川,所属計画区を県資料で照合・境界未確認,未確認,2024-03-13,https://www.pref.toyama.jp/1603/5jou/plan.html,2010-02-01,https://www.e-stat.go.jp/SG1/estat/Pdfdl.do?sinfid=000012449985,false
16342,富山県,,下新川郡,入善町,,7,1,055,神通川,21,神通・庄川,所属計画区を県資料で照合・境界未確認,未確認,2024-03-13,https://www.pref.toyama.jp/1603/5jou/plan.html,2010-02-01,https://www.e-stat.go.jp/SG1/estat/Pdfdl.do?sinfid=000012449985,false
16343,富山県,,下新川郡,朝日町,,7,9,055,神通川,21,神通・庄川,所属計画区を県資料で照合・境界未確認,未確認,2024-03-13,https://www.pref.toyama.jp/1603/5jou/plan.html,2010-02-01,https://www.e-stat.go.jp/SG1/estat/Pdfdl.do?sinfid=000012449985,false
17201,石川県,,,金沢市,,7,8,058,加賀,22,九頭竜川,要現行資料照合,未確認,2010-02-01,https://www.e-stat.go.jp/SG1/estat/Pdfdl.do?sinfid=000012449985,2010-02-01,https://www.e-stat.go.jp/SG1/estat/Pdfdl.do?sinfid=000012449985,false
17202,石川県,,,七尾市,,7,88,057,能登,22,九頭竜川,要現行資料照合,未確認,2010-02-01,https://www.e-stat.go.jp/SG1/estat/Pdfdl.do?sinfid=000012449985,2010-02-01,https://www.e-stat.go.jp/SG1/estat/Pdfdl.do?sinfid=000012449985,false
17203,石川県,,,小松市,,7,1,058,加賀,22,九頭竜川,要現行資料照合,未確認,2010-02-01,https://www.e-stat.go.jp/SG1/estat/Pdfdl.do?sinfid=000012449985,2010-02-01,https://www.e-stat.go.jp/SG1/estat/Pdfdl.do?sinfid=000012449985,false
17204,石川県,,,輪島市,,7,1011,057,能登,22,九頭竜川,要現行資料照合,未確認,2010-02-01,https://www.e-stat.go.jp/SG1/estat/Pdfdl.do?sinfid=000012449985,2010-02-01,https://www.e-stat.go.jp/SG1/estat/Pdfdl.do?sinfid=000012449985,false
17205,石川県,,,珠洲市,,7,1051,057,能登,22,九頭竜川,要現行資料照合,未確認,2010-02-01,https://www.e-stat.go.jp/SG1/estat/Pdfdl.do?sinfid=000012449985,2010-02-01,https://www.e-stat.go.jp/SG1/estat/Pdfdl.do?sinfid=000012449985,false
17206,石川県,,,加賀市,,7,23,058,加賀,22,九頭竜川,要現行資料照合,未確認,2010-02-01,https://www.e-stat.go.jp/SG1/estat/Pdfdl.do?sinfid=000012449985,2010-02-01,https://www.e-stat.go.jp/SG1/estat/Pdfdl.do?sinfid=000012449985,false
17207,石川県,,,羽咋市,,7,7,057,能登,22,九頭竜川,要現行資料照合,未確認,2010-02-01,https://www.e-stat.go.jp/SG1/estat/Pdfdl.do?sinfid=000012449985,2010-02-01,https://www.e-stat.go.jp/SG1/estat/Pdfdl.do?sinfid=000012449985,false
17209,石川県,,,かほく市,,7,1,057,能登,22,九頭竜川,要現行資料照合,未確認,2010-02-01,https://www.e-stat.go.jp/SG1/estat/Pdfdl.do?sinfid=000012449985,2010-02-01,https://www.e-stat.go.jp/SG1/estat/Pdfdl.do?sinfid=000012449985,false
17210,石川県,,,白山市,,7,2,058,加賀,22,九頭竜川,要現行資料照合,未確認,2010-02-01,https://www.e-stat.go.jp/SG1/estat/Pdfdl.do?sinfid=000012449985,2010-02-01,https://www.e-stat.go.jp/SG1/estat/Pdfdl.do?sinfid=000012449985,false
17211,石川県,,,能美市,,7,1,058,加賀,22,九頭竜川,要現行資料照合,未確認,2010-02-01,https://www.e-stat.go.jp/SG1/estat/Pdfdl.do?sinfid=000012449985,2010-02-01,https://www.e-stat.go.jp/SG1/estat/Pdfdl.do?sinfid=000012449985,false
17212,石川県,,,野々市市,,7,1,,,,,未対応・要調査,未確認,2010-02-01,https://www.e-stat.go.jp/SG1/estat/Pdfdl.do?sinfid=000012449985,2010-02-01,https://www.e-stat.go.jp/SG1/estat/Pdfdl.do?sinfid=000012449985,false
17324,石川県,,能美郡,川北町,,7,1,058,加賀,22,九頭竜川,要現行資料照合,未確認,2010-02-01,https://www.e-stat.go.jp/SG1/estat/Pdfdl.do?sinfid=000012449985,2010-02-01,https://www.e-stat.go.jp/SG1/estat/Pdfdl.do?sinfid=000012449985,false
17361,石川県,,河北郡,津幡町,,7,1,057,能登,22,九頭竜川,要現行資料照合,未確認,2010-02-01,https://www.e-stat.go.jp/SG1/estat/Pdfdl.do?sinfid=000012449985,2010-02-01,https://www.e-stat.go.jp/SG1/estat/Pdfdl.do?sinfid=000012449985,false
17365,石川県,,河北郡,内灘町,,7,1,057,能登,22,九頭竜川,要現行資料照合,未確認,2010-02-01,https://www.e-stat.go.jp/SG1/estat/Pdfdl.do?sinfid=000012449985,2010-02-01,https://www.e-stat.go.jp/SG1/estat/Pdfdl.do?sinfid=000012449985,false
17384,石川県,,羽咋郡,志賀町,,7,391,057,能登,22,九頭竜川,要現行資料照合,未確認,2010-02-01,https://www.e-stat.go.jp/SG1/estat/Pdfdl.do?sinfid=000012449985,2010-02-01,https://www.e-stat.go.jp/SG1/estat/Pdfdl.do?sinfid=000012449985,false
17386,石川県,,羽咋郡,宝達志水町,,7,1,057,能登,22,九頭竜川,要現行資料照合,未確認,2010-02-01,https://www.e-stat.go.jp/SG1/estat/Pdfdl.do?sinfid=000012449985,2010-02-01,https://www.e-stat.go.jp/SG1/estat/Pdfdl.do?sinfid=000012449985,false
17407,石川県,,鹿島郡,中能登町,,7,1,057,能登,22,九頭竜川,要現行資料照合,未確認,2010-02-01,https://www.e-stat.go.jp/SG1/estat/Pdfdl.do?sinfid=000012449985,2010-02-01,https://www.e-stat.go.jp/SG1/estat/Pdfdl.do?sinfid=000012449985,false
17461,石川県,,鳳珠郡,穴水町,,7,11,,,,,未対応・要調査,未確認,2010-02-01,https://www.e-stat.go.jp/SG1/estat/Pdfdl.do?sinfid=000012449985,2010-02-01,https://www.e-stat.go.jp/SG1/estat/Pdfdl.do?sinfid=000012449985,false
17463,石川県,,鳳珠郡,能登町,,7,117,,,,,未対応・要調査,未確認,2010-02-01,https://www.e-stat.go.jp/SG1/estat/Pdfdl.do?sinfid=000012449985,2010-02-01,https://www.e-stat.go.jp/SG1/estat/Pdfdl.do?sinfid=000012449985,false
18201,福井県,,,福井市,,6,664,059,越前,22,九頭竜川,要現行資料照合,未確認,2010-02-01,https://www.e-stat.go.jp/SG1/estat/Pdfdl.do?sinfid=000012449985,2010-02-01,https://www.e-stat.go.jp/SG1/estat/Pdfdl.do?sinfid=000012449985,false
18202,福井県,,,敦賀市,,6,238,060,若狭,24,由良川,要現行資料照合,未確認,2010-02-01,https://www.e-stat.go.jp/SG1/estat/Pdfdl.do?sinfid=000012449985,2010-02-01,https://www.e-stat.go.jp/SG1/estat/Pdfdl.do?sinfid=000012449985,false
18204,福井県,,,小浜市,,6,242,060,若狭,24,由良川,要現行資料照合,未確認,2010-02-01,https://www.e-stat.go.jp/SG1/estat/Pdfdl.do?sinfid=000012449985,2010-02-01,https://www.e-stat.go.jp/SG1/estat/Pdfdl.do?sinfid=000012449985,false
18205,福井県,,,大野市,,6,1,059,越前,22,九頭竜川,要現行資料照合,未確認,2010-02-01,https://www.e-stat.go.jp/SG1/estat/Pdfdl.do?sinfid=000012449985,2010-02-01,https://www.e-stat.go.jp/SG1/estat/Pdfdl.do?sinfid=000012449985,false
18206,福井県,,,勝山市,,6,1,059,越前,22,九頭竜川,要現行資料照合,未確認,2010-02-01,https://www.e-stat.go.jp/SG1/estat/Pdfdl.do?sinfid=000012449985,2010-02-01,https://www.e-stat.go.jp/SG1/estat/Pdfdl.do?sinfid=000012449985,false
18207,福井県,,,鯖江市,,6,1,059,越前,22,九頭竜川,要現行資料照合,未確認,2010-02-01,https://www.e-stat.go.jp/SG1/estat/Pdfdl.do?sinfid=000012449985,2010-02-01,https://www.e-stat.go.jp/SG1/estat/Pdfdl.do?sinfid=000012449985,false
18208,福井県,,,あわら市,,6,13,059,越前,22,九頭竜川,要現行資料照合,未確認,2010-02-01,https://www.e-stat.go.jp/SG1/estat/Pdfdl.do?sinfid=000012449985,2010-02-01,https://www.e-stat.go.jp/SG1/estat/Pdfdl.do?sinfid=000012449985,false
18209,福井県,,,越前市,,6,1,059,越前,22,九頭竜川,要現行資料照合,未確認,2010-02-01,https://www.e-stat.go.jp/SG1/estat/Pdfdl.do?sinfid=000012449985,2010-02-01,https://www.e-stat.go.jp/SG1/estat/Pdfdl.do?sinfid=000012449985,false
18210,福井県,,,坂井市,,6,73,059,越前,22,九頭竜川,要現行資料照合,未確認,2010-02-01,https://www.e-stat.go.jp/SG1/estat/Pdfdl.do?sinfid=000012449985,2010-02-01,https://www.e-stat.go.jp/SG1/estat/Pdfdl.do?sinfid=000012449985,false
18322,福井県,,吉田郡,永平寺町,,6,1,059,越前,22,九頭竜川,要現行資料照合,未確認,2010-02-01,https://www.e-stat.go.jp/SG1/estat/Pdfdl.do?sinfid=000012449985,2010-02-01,https://www.e-stat.go.jp/SG1/estat/Pdfdl.do?sinfid=000012449985,false
18382,福井県,,今立郡,池田町,,6,1,059,越前,22,九頭竜川,要現行資料照合,未確認,2010-02-01,https://www.e-stat.go.jp/SG1/estat/Pdfdl.do?sinfid=000012449985,2010-02-01,https://www.e-stat.go.jp/SG1/estat/Pdfdl.do?sinfid=000012449985,false
18404,福井県,,南条郡,南越前町,,6,200,059,越前,22,九頭竜川,要現行資料照合,未確認,2010-02-01,https://www.e-stat.go.jp/SG1/estat/Pdfdl.do?sinfid=000012449985,2010-02-01,https://www.e-stat.go.jp/SG1/estat/Pdfdl.do?sinfid=000012449985,false
18423,福井県,,丹生郡,越前町,,6,309,059,越前,22,九頭竜川,要現行資料照合,未確認,2010-02-01,https://www.e-stat.go.jp/SG1/estat/Pdfdl.do?sinfid=000012449985,2010-02-01,https://www.e-stat.go.jp/SG1/estat/Pdfdl.do?sinfid=000012449985,false
18442,福井県,,三方郡,美浜町,,6,422,060,若狭,24,由良川,要現行資料照合,未確認,2010-02-01,https://www.e-stat.go.jp/SG1/estat/Pdfdl.do?sinfid=000012449985,2010-02-01,https://www.e-stat.go.jp/SG1/estat/Pdfdl.do?sinfid=000012449985,false
18481,福井県,,大飯郡,高浜町,,6,317,060,若狭,24,由良川,要現行資料照合,未確認,2010-02-01,https://www.e-stat.go.jp/SG1/estat/Pdfdl.do?sinfid=000012449985,2010-02-01,https://www.e-stat.go.jp/SG1/estat/Pdfdl.do?sinfid=000012449985,false
18483,福井県,,大飯郡,おおい町,,6,239,060,若狭,24,由良川,要現行資料照合,未確認,2010-02-01,https://www.e-stat.go.jp/SG1/estat/Pdfdl.do?sinfid=000012449985,2010-02-01,https://www.e-stat.go.jp/SG1/estat/Pdfdl.do?sinfid=000012449985,false
18501,福井県,,三方上中郡,若狭町,,6,295,060,若狭,24,由良川,要現行資料照合,未確認,2010-02-01,https://www.e-stat.go.jp/SG1/estat/Pdfdl.do?sinfid=000012449985,2010-02-01,https://www.e-stat.go.jp/SG1/estat/Pdfdl.do?sinfid=000012449985,false
19201,山梨県,,,甲府市,,8,1,062,富士川上流,19,富士川,要現行資料照合,未確認,2010-02-01,https://www.e-stat.go.jp/SG1/estat/Pdfdl.do?sinfid=000012449985,2010-02-01,https://www.e-stat.go.jp/SG1/estat/Pdfdl.do?sinfid=000012449985,false
19202,山梨県,,,富士吉田市,,8,3,061,山梨東部,18,相模川,要現行資料照合,未確認,2010-02-01,https://www.e-stat.go.jp/SG1/estat/Pdfdl.do?sinfid=000012449985,2010-02-01,https://www.e-stat.go.jp/SG1/estat/Pdfdl.do?sinfid=000012449985,false
19204,山梨県,,,都留市,,8,2,061,山梨東部,18,相模川,要現行資料照合,未確認,2010-02-01,https://www.e-stat.go.jp/SG1/estat/Pdfdl.do?sinfid=000012449985,2010-02-01,https://www.e-stat.go.jp/SG1/estat/Pdfdl.do?sinfid=000012449985,false
19205,山梨県,,,山梨市,,8,1,062,富士川上流,19,富士川,要現行資料照合,未確認,2010-02-01,https://www.e-stat.go.jp/SG1/estat/Pdfdl.do?sinfid=000012449985,2010-02-01,https://www.e-stat.go.jp/SG1/estat/Pdfdl.do?sinfid=000012449985,false
19206,山梨県,,,大月市,,8,1,061,山梨東部,18,相模川,要現行資料照合,未確認,2010-02-01,https://www.e-stat.go.jp/SG1/estat/Pdfdl.do?sinfid=000012449985,2010-02-01,https://www.e-stat.go.jp/SG1/estat/Pdfdl.do?sinfid=000012449985,false
19207,山梨県,,,韮崎市,,8,1,062,富士川上流,19,富士川,要現行資料照合,未確認,2010-02-01,https://www.e-stat.go.jp/SG1/estat/Pdfdl.do?sinfid=000012449985,2010-02-01,https://www.e-stat.go.jp/SG1/estat/Pdfdl.do?sinfid=000012449985,false
19208,山梨県,,,南アルプス市,,8,1,062,富士川上流,19,富士川,要現行資料照合,未確認,2010-02-01,https://www.e-stat.go.jp/SG1/estat/Pdfdl.do?sinfid=000012449985,2010-02-01,https://www.e-stat.go.jp/SG1/estat/Pdfdl.do?sinfid=000012449985,false
19209,山梨県,,,北杜市,,8,1,062,富士川上流,19,富士川,要現行資料照合,未確認,2010-02-01,https://www.e-stat.go.jp/SG1/estat/Pdfdl.do?sinfid=000012449985,2010-02-01,https://www.e-stat.go.jp/SG1/estat/Pdfdl.do?sinfid=000012449985,false
19210,山梨県,,,甲斐市,,8,1,062,富士川上流,19,富士川,要現行資料照合,未確認,2010-02-01,https://www.e-stat.go.jp/SG1/estat/Pdfdl.do?sinfid=000012449985,2010-02-01,https://www.e-stat.go.jp/SG1/estat/Pdfdl.do?sinfid=000012449985,false
19211,山梨県,,,笛吹市,,8,1,062,富士川上流,19,富士川,要現行資料照合,未確認,2010-02-01,https://www.e-stat.go.jp/SG1/estat/Pdfdl.do?sinfid=000012449985,2010-02-01,https://www.e-stat.go.jp/SG1/estat/Pdfdl.do?sinfid=000012449985,false
19212,山梨県,,,上野原市,,8,1,061,山梨東部,18,相模川,要現行資料照合,未確認,2010-02-01,https://www.e-stat.go.jp/SG1/estat/Pdfdl.do?sinfid=000012449985,2010-02-01,https://www.e-stat.go.jp/SG1/estat/Pdfdl.do?sinfid=000012449985,false
19213,山梨県,,,甲州市,,8,3,062,富士川上流,19,富士川,要現行資料照合,未確認,2010-02-01,https://www.e-stat.go.jp/SG1/estat/Pdfdl.do?sinfid=000012449985,2010-02-01,https://www.e-stat.go.jp/SG1/estat/Pdfdl.do?sinfid=000012449985,false
19214,山梨県,,,中央市,,8,1,062,富士川上流,19,富士川,要現行資料照合,未確認,2010-02-01,https://www.e-stat.go.jp/SG1/estat/Pdfdl.do?sinfid=000012449985,2010-02-01,https://www.e-stat.go.jp/SG1/estat/Pdfdl.do?sinfid=000012449985,false
19346,山梨県,,西八代郡,市川三郷町,,8,1,063,富士川中流,19,富士川,要現行資料照合,未確認,2010-02-01,https://www.e-stat.go.jp/SG1/estat/Pdfdl.do?sinfid=000012449985,2010-02-01,https://www.e-stat.go.jp/SG1/estat/Pdfdl.do?sinfid=000012449985,false
19364,山梨県,,南巨摩郡,早川町,,8,1,063,富士川中流,19,富士川,要現行資料照合,未確認,2010-02-01,https://www.e-stat.go.jp/SG1/estat/Pdfdl.do?sinfid=000012449985,2010-02-01,https://www.e-stat.go.jp/SG1/estat/Pdfdl.do?sinfid=000012449985,false
19365,山梨県,,南巨摩郡,身延町,,8,2,063,富士川中流,19,富士川,要現行資料照合,未確認,2010-02-01,https://www.e-stat.go.jp/SG1/estat/Pdfdl.do?sinfid=000012449985,2010-02-01,https://www.e-stat.go.jp/SG1/estat/Pdfdl.do?sinfid=000012449985,false
19366,山梨県,,南巨摩郡,南部町,,8,1,063,富士川中流,19,富士川,要現行資料照合,未確認,2010-02-01,https://www.e-stat.go.jp/SG1/estat/Pdfdl.do?sinfid=000012449985,2010-02-01,https://www.e-stat.go.jp/SG1/estat/Pdfdl.do?sinfid=000012449985,false
19368,山梨県,,南巨摩郡,富士川町,,8,1,063,富士川中流,19,富士川,要現行資料照合,未確認,2010-02-01,https://www.e-stat.go.jp/SG1/estat/Pdfdl.do?sinfid=000012449985,2010-02-01,https://www.e-stat.go.jp/SG1/estat/Pdfdl.do?sinfid=000012449985,false
19384,山梨県,,中巨摩郡,昭和町,,8,1,062,富士川上流,19,富士川,要現行資料照合,未確認,2010-02-01,https://www.e-stat.go.jp/SG1/estat/Pdfdl.do?sinfid=000012449985,2010-02-01,https://www.e-stat.go.jp/SG1/estat/Pdfdl.do?sinfid=000012449985,false
19422,山梨県,,南都留郡,道志村,,8,1,061,山梨東部,18,相模川,要現行資料照合,未確認,2010-02-01,https://www.e-stat.go.jp/SG1/estat/Pdfdl.do?sinfid=000012449985,2010-02-01,https://www.e-stat.go.jp/SG1/estat/Pdfdl.do?sinfid=000012449985,false
19423,山梨県,,南都留郡,西桂町,,8,1,061,山梨東部,18,相模川,要現行資料照合,未確認,2010-02-01,https://www.e-stat.go.jp/SG1/estat/Pdfdl.do?sinfid=000012449985,2010-02-01,https://www.e-stat.go.jp/SG1/estat/Pdfdl.do?sinfid=000012449985,false
19424,山梨県,,南都留郡,忍野村,,8,1,061,山梨東部,18,相模川,要現行資料照合,未確認,2010-02-01,https://www.e-stat.go.jp/SG1/estat/Pdfdl.do?sinfid=000012449985,2010-02-01,https://www.e-stat.go.jp/SG1/estat/Pdfdl.do?sinfid=000012449985,false
19425,山梨県,,南都留郡,山中湖村,,8,1,061,山梨東部,18,相模川,要現行資料照合,未確認,2010-02-01,https://www.e-stat.go.jp/SG1/estat/Pdfdl.do?sinfid=000012449985,2010-02-01,https://www.e-stat.go.jp/SG1/estat/Pdfdl.do?sinfid=000012449985,false
19429,山梨県,,南都留郡,鳴沢村,,8,1,061,山梨東部,18,相模川,要現行資料照合,未確認,2010-02-01,https://www.e-stat.go.jp/SG1/estat/Pdfdl.do?sinfid=000012449985,2010-02-01,https://www.e-stat.go.jp/SG1/estat/Pdfdl.do?sinfid=000012449985,false
19430,山梨県,,南都留郡,富士河口湖町,,8,4,061,山梨東部,18,相模川,要現行資料照合,未確認,2010-02-01,https://www.e-stat.go.jp/SG1/estat/Pdfdl.do?sinfid=000012449985,2010-02-01,https://www.e-stat.go.jp/SG1/estat/Pdfdl.do?sinfid=000012449985,false
19442,山梨県,,北都留郡,小菅村,,8,1,061,山梨東部,18,相模川,要現行資料照合,未確認,2010-02-01,https://www.e-stat.go.jp/SG1/estat/Pdfdl.do?sinfid=000012449985,2010-02-01,https://www.e-stat.go.jp/SG1/estat/Pdfdl.do?sinfid=000012449985,false
19443,山梨県,,北都留郡,丹波山村,,8,1,061,山梨東部,18,相模川,要現行資料照合,未確認,2010-02-01,https://www.e-stat.go.jp/SG1/estat/Pdfdl.do?sinfid=000012449985,2010-02-01,https://www.e-stat.go.jp/SG1/estat/Pdfdl.do?sinfid=000012449985,false
20201,長野県,,,長野市,,8,1,064,千曲川下流,15,信濃川,要現行資料照合,未確認,2010-02-01,https://www.e-stat.go.jp/SG1/estat/Pdfdl.do?sinfid=000012449985,2010-02-01,https://www.e-stat.go.jp/SG1/estat/Pdfdl.do?sinfid=000012449985,false
20202,長野県,,,松本市,,8,1,065,中部山岳,15,信濃川,要現行資料照合,未確認,2010-02-01,https://www.e-stat.go.jp/SG1/estat/Pdfdl.do?sinfid=000012449985,2010-02-01,https://www.e-stat.go.jp/SG1/estat/Pdfdl.do?sinfid=000012449985,false
20203,長野県,,,上田市,,8,1,066,千曲川上流,15,信濃川,要現行資料照合,未確認,2010-02-01,https://www.e-stat.go.jp/SG1/estat/Pdfdl.do?sinfid=000012449985,2010-02-01,https://www.e-stat.go.jp/SG1/estat/Pdfdl.do?sinfid=000012449985,false
20204,長野県,,,岡谷市,,8,1,067,伊那谷,20,天竜川,要現行資料照合,未確認,2010-02-01,https://www.e-stat.go.jp/SG1/estat/Pdfdl.do?sinfid=000012449985,2010-02-01,https://www.e-stat.go.jp/SG1/estat/Pdfdl.do?sinfid=000012449985,false
20205,長野県,,,飯田市,,8,1,067,伊那谷,20,天竜川,要現行資料照合,未確認,2010-02-01,https://www.e-stat.go.jp/SG1/estat/Pdfdl.do?sinfid=000012449985,2010-02-01,https://www.e-stat.go.jp/SG1/estat/Pdfdl.do?sinfid=000012449985,false
20206,長野県,,,諏訪市,,8,1,067,伊那谷,20,天竜川,要現行資料照合,未確認,2010-02-01,https://www.e-stat.go.jp/SG1/estat/Pdfdl.do?sinfid=000012449985,2010-02-01,https://www.e-stat.go.jp/SG1/estat/Pdfdl.do?sinfid=000012449985,false
20207,長野県,,,須坂市,,8,1,064,千曲川下流,15,信濃川,要現行資料照合,未確認,2010-02-01,https://www.e-stat.go.jp/SG1/estat/Pdfdl.do?sinfid=000012449985,2010-02-01,https://www.e-stat.go.jp/SG1/estat/Pdfdl.do?sinfid=000012449985,false
20208,長野県,,,小諸市,,8,1,066,千曲川上流,15,信濃川,要現行資料照合,未確認,2010-02-01,https://www.e-stat.go.jp/SG1/estat/Pdfdl.do?sinfid=000012449985,2010-02-01,https://www.e-stat.go.jp/SG1/estat/Pdfdl.do?sinfid=000012449985,false
20209,長野県,,,伊那市,,8,1,067,伊那谷,20,天竜川,要現行資料照合,未確認,2010-02-01,https://www.e-stat.go.jp/SG1/estat/Pdfdl.do?sinfid=000012449985,2010-02-01,https://www.e-stat.go.jp/SG1/estat/Pdfdl.do?sinfid=000012449985,false
20210,長野県,,,駒ヶ根市,,8,1,067,伊那谷,20,天竜川,要現行資料照合,未確認,2010-02-01,https://www.e-stat.go.jp/SG1/estat/Pdfdl.do?sinfid=000012449985,2010-02-01,https://www.e-stat.go.jp/SG1/estat/Pdfdl.do?sinfid=000012449985,false
20211,長野県,,,中野市,,8,1,064,千曲川下流,15,信濃川,要現行資料照合,未確認,2010-02-01,https://www.e-stat.go.jp/SG1/estat/Pdfdl.do?sinfid=000012449985,2010-02-01,https://www.e-stat.go.jp/SG1/estat/Pdfdl.do?sinfid=000012449985,false
20212,長野県,,,大町市,,8,1,065,中部山岳,15,信濃川,要現行資料照合,未確認,2010-02-01,https://www.e-stat.go.jp/SG1/estat/Pdfdl.do?sinfid=000012449985,2010-02-01,https://www.e-stat.go.jp/SG1/estat/Pdfdl.do?sinfid=000012449985,false
20213,長野県,,,飯山市,,8,1,064,千曲川下流,15,信濃川,要現行資料照合,未確認,2010-02-01,https://www.e-stat.go.jp/SG1/estat/Pdfdl.do?sinfid=000012449985,2010-02-01,https://www.e-stat.go.jp/SG1/estat/Pdfdl.do?sinfid=000012449985,false
20214,長野県,,,茅野市,,8,1,067,伊那谷,20,天竜川,要現行資料照合,未確認,2010-02-01,https://www.e-stat.go.jp/SG1/estat/Pdfdl.do?sinfid=000012449985,2010-02-01,https://www.e-stat.go.jp/SG1/estat/Pdfdl.do?sinfid=000012449985,false
20215,長野県,,,塩尻市,,8,1,065,中部山岳,15,信濃川,要現行資料照合,未確認,2010-02-01,https://www.e-stat.go.jp/SG1/estat/Pdfdl.do?sinfid=000012449985,2010-02-01,https://www.e-stat.go.jp/SG1/estat/Pdfdl.do?sinfid=000012449985,false
20217,長野県,,,佐久市,,8,2,066,千曲川上流,15,信濃川,要現行資料照合,未確認,2010-02-01,https://www.e-stat.go.jp/SG1/estat/Pdfdl.do?sinfid=000012449985,2010-02-01,https://www.e-stat.go.jp/SG1/estat/Pdfdl.do?sinfid=000012449985,false
20218,長野県,,,千曲市,,8,1,064,千曲川下流,15,信濃川,要現行資料照合,未確認,2010-02-01,https://www.e-stat.go.jp/SG1/estat/Pdfdl.do?sinfid=000012449985,2010-02-01,https://www.e-stat.go.jp/SG1/estat/Pdfdl.do?sinfid=000012449985,false
20219,長野県,,,東御市,,8,1,066,千曲川上流,15,信濃川,要現行資料照合,未確認,2010-02-01,https://www.e-stat.go.jp/SG1/estat/Pdfdl.do?sinfid=000012449985,2010-02-01,https://www.e-stat.go.jp/SG1/estat/Pdfdl.do?sinfid=000012449985,false
20220,長野県,,,安曇野市,,8,1,065,中部山岳,15,信濃川,要現行資料照合,未確認,2010-02-01,https://www.e-stat.go.jp/SG1/estat/Pdfdl.do?sinfid=000012449985,2010-02-01,https://www.e-stat.go.jp/SG1/estat/Pdfdl.do?sinfid=000012449985,false
20303,長野県,,南佐久郡,小海町,,8,1,066,千曲川上流,15,信濃川,要現行資料照合,未確認,2010-02-01,https://www.e-stat.go.jp/SG1/estat/Pdfdl.do?sinfid=000012449985,2010-02-01,https://www.e-stat.go.jp/SG1/estat/Pdfdl.do?sinfid=000012449985,false
20304,長野県,,南佐久郡,川上村,,8,1,066,千曲川上流,15,信濃川,要現行資料照合,未確認,2010-02-01,https://www.e-stat.go.jp/SG1/estat/Pdfdl.do?sinfid=000012449985,2010-02-01,https://www.e-stat.go.jp/SG1/estat/Pdfdl.do?sinfid=000012449985,false
20305,長野県,,南佐久郡,南牧村,,8,1,066,千曲川上流,15,信濃川,要現行資料照合,未確認,2010-02-01,https://www.e-stat.go.jp/SG1/estat/Pdfdl.do?sinfid=000012449985,2010-02-01,https://www.e-stat.go.jp/SG1/estat/Pdfdl.do?sinfid=000012449985,false
20306,長野県,,南佐久郡,南相木村,,8,1,066,千曲川上流,15,信濃川,要現行資料照合,未確認,2010-02-01,https://www.e-stat.go.jp/SG1/estat/Pdfdl.do?sinfid=000012449985,2010-02-01,https://www.e-stat.go.jp/SG1/estat/Pdfdl.do?sinfid=000012449985,false
20307,長野県,,南佐久郡,北相木村,,8,1,066,千曲川上流,15,信濃川,要現行資料照合,未確認,2010-02-01,https://www.e-stat.go.jp/SG1/estat/Pdfdl.do?sinfid=000012449985,2010-02-01,https://www.e-stat.go.jp/SG1/estat/Pdfdl.do?sinfid=000012449985,false
20309,長野県,,南佐久郡,佐久穂町,,8,1,066,千曲川上流,15,信濃川,要現行資料照合,未確認,2010-02-01,https://www.e-stat.go.jp/SG1/estat/Pdfdl.do?sinfid=000012449985,2010-02-01,https://www.e-stat.go.jp/SG1/estat/Pdfdl.do?sinfid=000012449985,false
20321,長野県,,北佐久郡,軽井沢町,,8,1,066,千曲川上流,15,信濃川,要現行資料照合,未確認,2010-02-01,https://www.e-stat.go.jp/SG1/estat/Pdfdl.do?sinfid=000012449985,2010-02-01,https://www.e-stat.go.jp/SG1/estat/Pdfdl.do?sinfid=000012449985,false
20323,長野県,,北佐久郡,御代田町,,8,1,066,千曲川上流,15,信濃川,要現行資料照合,未確認,2010-02-01,https://www.e-stat.go.jp/SG1/estat/Pdfdl.do?sinfid=000012449985,2010-02-01,https://www.e-stat.go.jp/SG1/estat/Pdfdl.do?sinfid=000012449985,false
20324,長野県,,北佐久郡,立科町,,8,1,066,千曲川上流,15,信濃川,要現行資料照合,未確認,2010-02-01,https://www.e-stat.go.jp/SG1/estat/Pdfdl.do?sinfid=000012449985,2010-02-01,https://www.e-stat.go.jp/SG1/estat/Pdfdl.do?sinfid=000012449985,false
20349,長野県,,小県郡,青木村,,8,1,066,千曲川上流,15,信濃川,要現行資料照合,未確認,2010-02-01,https://www.e-stat.go.jp/SG1/estat/Pdfdl.do?sinfid=000012449985,2010-02-01,https://www.e-stat.go.jp/SG1/estat/Pdfdl.do?sinfid=000012449985,false
20350,長野県,,小県郡,長和町,,8,1,066,千曲川上流,15,信濃川,要現行資料照合,未確認,2010-02-01,https://www.e-stat.go.jp/SG1/estat/Pdfdl.do?sinfid=000012449985,2010-02-01,https://www.e-stat.go.jp/SG1/estat/Pdfdl.do?sinfid=000012449985,false
20361,長野県,,諏訪郡,下諏訪町,,8,1,067,伊那谷,20,天竜川,要現行資料照合,未確認,2010-02-01,https://www.e-stat.go.jp/SG1/estat/Pdfdl.do?sinfid=000012449985,2010-02-01,https://www.e-stat.go.jp/SG1/estat/Pdfdl.do?sinfid=000012449985,false
20362,長野県,,諏訪郡,富士見町,,8,1,067,伊那谷,20,天竜川,要現行資料照合,未確認,2010-02-01,https://www.e-stat.go.jp/SG1/estat/Pdfdl.do?sinfid=000012449985,2010-02-01,https://www.e-stat.go.jp/SG1/estat/Pdfdl.do?sinfid=000012449985,false
20363,長野県,,諏訪郡,原村,,8,1,067,伊那谷,20,天竜川,要現行資料照合,未確認,2010-02-01,https://www.e-stat.go.jp/SG1/estat/Pdfdl.do?sinfid=000012449985,2010-02-01,https://www.e-stat.go.jp/SG1/estat/Pdfdl.do?sinfid=000012449985,false
20382,長野県,,上伊那郡,辰野町,,8,1,067,伊那谷,20,天竜川,要現行資料照合,未確認,2010-02-01,https://www.e-stat.go.jp/SG1/estat/Pdfdl.do?sinfid=000012449985,2010-02-01,https://www.e-stat.go.jp/SG1/estat/Pdfdl.do?sinfid=000012449985,false
20383,長野県,,上伊那郡,箕輪町,,8,1,067,伊那谷,20,天竜川,要現行資料照合,未確認,2010-02-01,https://www.e-stat.go.jp/SG1/estat/Pdfdl.do?sinfid=000012449985,2010-02-01,https://www.e-stat.go.jp/SG1/estat/Pdfdl.do?sinfid=000012449985,false
20384,長野県,,上伊那郡,飯島町,,8,1,067,伊那谷,20,天竜川,要現行資料照合,未確認,2010-02-01,https://www.e-stat.go.jp/SG1/estat/Pdfdl.do?sinfid=000012449985,2010-02-01,https://www.e-stat.go.jp/SG1/estat/Pdfdl.do?sinfid=000012449985,false
20385,長野県,,上伊那郡,南箕輪村,,8,2,067,伊那谷,20,天竜川,要現行資料照合,未確認,2010-02-01,https://www.e-stat.go.jp/SG1/estat/Pdfdl.do?sinfid=000012449985,2010-02-01,https://www.e-stat.go.jp/SG1/estat/Pdfdl.do?sinfid=000012449985,false
20386,長野県,,上伊那郡,中川村,,8,1,067,伊那谷,20,天竜川,要現行資料照合,未確認,2010-02-01,https://www.e-stat.go.jp/SG1/estat/Pdfdl.do?sinfid=000012449985,2010-02-01,https://www.e-stat.go.jp/SG1/estat/Pdfdl.do?sinfid=000012449985,false
20388,長野県,,上伊那郡,宮田村,,8,1,067,伊那谷,20,天竜川,要現行資料照合,未確認,2010-02-01,https://www.e-stat.go.jp/SG1/estat/Pdfdl.do?sinfid=000012449985,2010-02-01,https://www.e-stat.go.jp/SG1/estat/Pdfdl.do?sinfid=000012449985,false
20402,長野県,,下伊那郡,松川町,,8,1,067,伊那谷,20,天竜川,要現行資料照合,未確認,2010-02-01,https://www.e-stat.go.jp/SG1/estat/Pdfdl.do?sinfid=000012449985,2010-02-01,https://www.e-stat.go.jp/SG1/estat/Pdfdl.do?sinfid=000012449985,false
20403,長野県,,下伊那郡,高森町,,8,1,067,伊那谷,20,天竜川,要現行資料照合,未確認,2010-02-01,https://www.e-stat.go.jp/SG1/estat/Pdfdl.do?sinfid=000012449985,2010-02-01,https://www.e-stat.go.jp/SG1/estat/Pdfdl.do?sinfid=000012449985,false
20404,長野県,,下伊那郡,阿南町,,8,1,067,伊那谷,20,天竜川,要現行資料照合,未確認,2010-02-01,https://www.e-stat.go.jp/SG1/estat/Pdfdl.do?sinfid=000012449985,2010-02-01,https://www.e-stat.go.jp/SG1/estat/Pdfdl.do?sinfid=000012449985,false
20407,長野県,,下伊那郡,阿智村,,8,1,067,伊那谷,20,天竜川,要現行資料照合,未確認,2010-02-01,https://www.e-stat.go.jp/SG1/estat/Pdfdl.do?sinfid=000012449985,2010-02-01,https://www.e-stat.go.jp/SG1/estat/Pdfdl.do?sinfid=000012449985,false
20409,長野県,,下伊那郡,平谷村,,8,1,067,伊那谷,20,天竜川,要現行資料照合,未確認,2010-02-01,https://www.e-stat.go.jp/SG1/estat/Pdfdl.do?sinfid=000012449985,2010-02-01,https://www.e-stat.go.jp/SG1/estat/Pdfdl.do?sinfid=000012449985,false
20410,長野県,,下伊那郡,根羽村,,8,1,067,伊那谷,20,天竜川,要現行資料照合,未確認,2010-02-01,https://www.e-stat.go.jp/SG1/estat/Pdfdl.do?sinfid=000012449985,2010-02-01,https://www.e-stat.go.jp/SG1/estat/Pdfdl.do?sinfid=000012449985,false
20411,長野県,,下伊那郡,下條村,,8,1,067,伊那谷,20,天竜川,要現行資料照合,未確認,2010-02-01,https://www.e-stat.go.jp/SG1/estat/Pdfdl.do?sinfid=000012449985,2010-02-01,https://www.e-stat.go.jp/SG1/estat/Pdfdl.do?sinfid=000012449985,false
20412,長野県,,下伊那郡,売木村,,8,1,067,伊那谷,20,天竜川,要現行資料照合,未確認,2010-02-01,https://www.e-stat.go.jp/SG1/estat/Pdfdl.do?sinfid=000012449985,2010-02-01,https://www.e-stat.go.jp/SG1/estat/Pdfdl.do?sinfid=000012449985,false
20413,長野県,,下伊那郡,天龍村,,8,1,067,伊那谷,20,天竜川,要現行資料照合,未確認,2010-02-01,https://www.e-stat.go.jp/SG1/estat/Pdfdl.do?sinfid=000012449985,2010-02-01,https://www.e-stat.go.jp/SG1/estat/Pdfdl.do?sinfid=000012449985,false
20414,長野県,,下伊那郡,泰阜村,,8,1,067,伊那谷,20,天竜川,要現行資料照合,未確認,2010-02-01,https://www.e-stat.go.jp/SG1/estat/Pdfdl.do?sinfid=000012449985,2010-02-01,https://www.e-stat.go.jp/SG1/estat/Pdfdl.do?sinfid=000012449985,false
20415,長野県,,下伊那郡,喬木村,,8,1,067,伊那谷,20,天竜川,要現行資料照合,未確認,2010-02-01,https://www.e-stat.go.jp/SG1/estat/Pdfdl.do?sinfid=000012449985,2010-02-01,https://www.e-stat.go.jp/SG1/estat/Pdfdl.do?sinfid=000012449985,false
20416,長野県,,下伊那郡,豊丘村,,8,1,067,伊那谷,20,天竜川,要現行資料照合,未確認,2010-02-01,https://www.e-stat.go.jp/SG1/estat/Pdfdl.do?sinfid=000012449985,2010-02-01,https://www.e-stat.go.jp/SG1/estat/Pdfdl.do?sinfid=000012449985,false
20417,長野県,,下伊那郡,大鹿村,,8,1,067,伊那谷,20,天竜川,要現行資料照合,未確認,2010-02-01,https://www.e-stat.go.jp/SG1/estat/Pdfdl.do?sinfid=000012449985,2010-02-01,https://www.e-stat.go.jp/SG1/estat/Pdfdl.do?sinfid=000012449985,false
20422,長野県,,木曽郡,上松町,,8,1,068,木曽谷,23,木曽川,要現行資料照合,未確認,2010-02-01,https://www.e-stat.go.jp/SG1/estat/Pdfdl.do?sinfid=000012449985,2010-02-01,https://www.e-stat.go.jp/SG1/estat/Pdfdl.do?sinfid=000012449985,false
20423,長野県,,木曽郡,南木曽町,,8,1,068,木曽谷,23,木曽川,要現行資料照合,未確認,2010-02-01,https://www.e-stat.go.jp/SG1/estat/Pdfdl.do?sinfid=000012449985,2010-02-01,https://www.e-stat.go.jp/SG1/estat/Pdfdl.do?sinfid=000012449985,false
20425,長野県,,木曽郡,木祖村,,8,1,068,木曽谷,23,木曽川,要現行資料照合,未確認,2010-02-01,https://www.e-stat.go.jp/SG1/estat/Pdfdl.do?sinfid=000012449985,2010-02-01,https://www.e-stat.go.jp/SG1/estat/Pdfdl.do?sinfid=000012449985,false
20429,長野県,,木曽郡,王滝村,,8,1,068,木曽谷,23,木曽川,要現行資料照合,未確認,2010-02-01,https://www.e-stat.go.jp/SG1/estat/Pdfdl.do?sinfid=000012449985,2010-02-01,https://www.e-stat.go.jp/SG1/estat/Pdfdl.do?sinfid=000012449985,false
20430,長野県,,木曽郡,大桑村,,8,1,068,木曽谷,23,木曽川,要現行資料照合,未確認,2010-02-01,https://www.e-stat.go.jp/SG1/estat/Pdfdl.do?sinfid=000012449985,2010-02-01,https://www.e-stat.go.jp/SG1/estat/Pdfdl.do?sinfid=000012449985,false
20432,長野県,,木曽郡,木曽町,,8,1,068,木曽谷,23,木曽川,要現行資料照合,未確認,2010-02-01,https://www.e-stat.go.jp/SG1/estat/Pdfdl.do?sinfid=000012449985,2010-02-01,https://www.e-stat.go.jp/SG1/estat/Pdfdl.do?sinfid=000012449985,false
20446,長野県,,東筑摩郡,麻績村,,8,1,065,中部山岳,15,信濃川,要現行資料照合,未確認,2010-02-01,https://www.e-stat.go.jp/SG1/estat/Pdfdl.do?sinfid=000012449985,2010-02-01,https://www.e-stat.go.jp/SG1/estat/Pdfdl.do?sinfid=000012449985,false
20448,長野県,,東筑摩郡,生坂村,,8,1,065,中部山岳,15,信濃川,要現行資料照合,未確認,2010-02-01,https://www.e-stat.go.jp/SG1/estat/Pdfdl.do?sinfid=000012449985,2010-02-01,https://www.e-stat.go.jp/SG1/estat/Pdfdl.do?sinfid=000012449985,false
20450,長野県,,東筑摩郡,山形村,,8,1,065,中部山岳,15,信濃川,要現行資料照合,未確認,2010-02-01,https://www.e-stat.go.jp/SG1/estat/Pdfdl.do?sinfid=000012449985,2010-02-01,https://www.e-stat.go.jp/SG1/estat/Pdfdl.do?sinfid=000012449985,false
20451,長野県,,東筑摩郡,朝日村,,8,1,065,中部山岳,15,信濃川,要現行資料照合,未確認,2010-02-01,https://www.e-stat.go.jp/SG1/estat/Pdfdl.do?sinfid=000012449985,2010-02-01,https://www.e-stat.go.jp/SG1/estat/Pdfdl.do?sinfid=000012449985,false
20452,長野県,,東筑摩郡,筑北村,,8,1,065,中部山岳,15,信濃川,要現行資料照合,未確認,2010-02-01,https://www.e-stat.go.jp/SG1/estat/Pdfdl.do?sinfid=000012449985,2010-02-01,https://www.e-stat.go.jp/SG1/estat/Pdfdl.do?sinfid=000012449985,false
20481,長野県,,北安曇郡,池田町,,8,1,065,中部山岳,15,信濃川,要現行資料照合,未確認,2010-02-01,https://www.e-stat.go.jp/SG1/estat/Pdfdl.do?sinfid=000012449985,2010-02-01,https://www.e-stat.go.jp/SG1/estat/Pdfdl.do?sinfid=000012449985,false
20482,長野県,,北安曇郡,松川村,,8,1,065,中部山岳,15,信濃川,要現行資料照合,未確認,2010-02-01,https://www.e-stat.go.jp/SG1/estat/Pdfdl.do?sinfid=000012449985,2010-02-01,https://www.e-stat.go.jp/SG1/estat/Pdfdl.do?sinfid=000012449985,false
20485,長野県,,北安曇郡,白馬村,,8,1,065,中部山岳,15,信濃川,要現行資料照合,未確認,2010-02-01,https://www.e-stat.go.jp/SG1/estat/Pdfdl.do?sinfid=000012449985,2010-02-01,https://www.e-stat.go.jp/SG1/estat/Pdfdl.do?sinfid=000012449985,false
20486,長野県,,北安曇郡,小谷村,,8,1,065,中部山岳,15,信濃川,要現行資料照合,未確認,2010-02-01,https://www.e-stat.go.jp/SG1/estat/Pdfdl.do?sinfid=000012449985,2010-02-01,https://www.e-stat.go.jp/SG1/estat/Pdfdl.do?sinfid=000012449985,false
20521,長野県,,埴科郡,坂城町,,8,1,064,千曲川下流,15,信濃川,要現行資料照合,未確認,2010-02-01,https://www.e-stat.go.jp/SG1/estat/Pdfdl.do?sinfid=000012449985,2010-02-01,https://www.e-stat.go.jp/SG1/estat/Pdfdl.do?sinfid=000012449985,false
20541,長野県,,上高井郡,小布施町,,8,1,064,千曲川下流,15,信濃川,要現行資料照合,未確認,2010-02-01,https://www.e-stat.go.jp/SG1/estat/Pdfdl.do?sinfid=000012449985,2010-02-01,https://www.e-stat.go.jp/SG1/estat/Pdfdl.do?sinfid=000012449985,false
20543,長野県,,上高井郡,高山村,,8,1,064,千曲川下流,15,信濃川,要現行資料照合,未確認,2010-02-01,https://www.e-stat.go.jp/SG1/estat/Pdfdl.do?sinfid=000012449985,2010-02-01,https://www.e-stat.go.jp/SG1/estat/Pdfdl.do?sinfid=000012449985,false
20561,長野県,,下高井郡,山ノ内町,,8,1,064,千曲川下流,15,信濃川,要現行資料照合,未確認,2010-02-01,https://www.e-stat.go.jp/SG1/estat/Pdfdl.do?sinfid=000012449985,2010-02-01,https://www.e-stat.go.jp/SG1/estat/Pdfdl.do?sinfid=000012449985,false
20562,長野県,,下高井郡,木島平村,,8,1,064,千曲川下流,15,信濃川,要現行資料照合,未確認,2010-02-01,https://www.e-stat.go.jp/SG1/estat/Pdfdl.do?sinfid=000012449985,2010-02-01,https://www.e-stat.go.jp/SG1/estat/Pdfdl.do?sinfid=000012449985,false
20563,長野県,,下高井郡,野沢温泉村,,8,1,064,千曲川下流,15,信濃川,要現行資料照合,未確認,2010-02-01,https://www.e-stat.go.jp/SG1/estat/Pdfdl.do?sinfid=000012449985,2010-02-01,https://www.e-stat.go.jp/SG1/estat/Pdfdl.do?sinfid=000012449985,false
20583,長野県,,上水内郡,信濃町,,8,1,064,千曲川下流,15,信濃川,要現行資料照合,未確認,2010-02-01,https://www.e-stat.go.jp/SG1/estat/Pdfdl.do?sinfid=000012449985,2010-02-01,https://www.e-stat.go.jp/SG1/estat/Pdfdl.do?sinfid=000012449985,false
20588,長野県,,上水内郡,小川村,,8,1,064,千曲川下流,15,信濃川,要現行資料照合,未確認,2010-02-01,https://www.e-stat.go.jp/SG1/estat/Pdfdl.do?sinfid=000012449985,2010-02-01,https://www.e-stat.go.jp/SG1/estat/Pdfdl.do?sinfid=000012449985,false
20590,長野県,,上水内郡,飯綱町,,8,1,064,千曲川下流,15,信濃川,要現行資料照合,未確認,2010-02-01,https://www.e-stat.go.jp/SG1/estat/Pdfdl.do?sinfid=000012449985,2010-02-01,https://www.e-stat.go.jp/SG1/estat/Pdfdl.do?sinfid=000012449985,false
20602,長野県,,下水内郡,栄村,,8,1,064,千曲川下流,15,信濃川,要現行資料照合,未確認,2010-02-01,https://www.e-stat.go.jp/SG1/estat/Pdfdl.do?sinfid=000012449985,2010-02-01,https://www.e-stat.go.jp/SG1/estat/Pdfdl.do?sinfid=000012449985,false
21201,岐阜県,,,岐阜市,,7,1,071,長良川,23,木曽川,要現行資料照合,未確認,2010-02-01,https://www.e-stat.go.jp/SG1/estat/Pdfdl.do?sinfid=000012449985,2010-02-01,https://www.e-stat.go.jp/SG1/estat/Pdfdl.do?sinfid=000012449985,false
21202,岐阜県,,,大垣市,,7,3,072,揖斐川,23,木曽川,要現行資料照合,未確認,2010-02-01,https://www.e-stat.go.jp/SG1/estat/Pdfdl.do?sinfid=000012449985,2010-02-01,https://www.e-stat.go.jp/SG1/estat/Pdfdl.do?sinfid=000012449985,false
21203,岐阜県,,,高山市,,7,1,069,宮・庄川,21,神通・庄川,要現行資料照合,未確認,2010-02-01,https://www.e-stat.go.jp/SG1/estat/Pdfdl.do?sinfid=000012449985,2010-02-01,https://www.e-stat.go.jp/SG1/estat/Pdfdl.do?sinfid=000012449985,false
21204,岐阜県,,,多治見市,,7,1,073,木曽川,23,木曽川,要現行資料照合,未確認,2010-02-01,https://www.e-stat.go.jp/SG1/estat/Pdfdl.do?sinfid=000012449985,2010-02-01,https://www.e-stat.go.jp/SG1/estat/Pdfdl.do?sinfid=000012449985,false
21205,岐阜県,,,関市,,7,1,071,長良川,23,木曽川,要現行資料照合,未確認,2010-02-01,https://www.e-stat.go.jp/SG1/estat/Pdfdl.do?sinfid=000012449985,2010-02-01,https://www.e-stat.go.jp/SG1/estat/Pdfdl.do?sinfid=000012449985,false
21206,岐阜県,,,中津川市,,7,1,073,木曽川,23,木曽川,要現行資料照合,未確認,2010-02-01,https://www.e-stat.go.jp/SG1/estat/Pdfdl.do?sinfid=000012449985,2010-02-01,https://www.e-stat.go.jp/SG1/estat/Pdfdl.do?sinfid=000012449985,false
21207,岐阜県,,,美濃市,,7,1,071,長良川,23,木曽川,要現行資料照合,未確認,2010-02-01,https://www.e-stat.go.jp/SG1/estat/Pdfdl.do?sinfid=000012449985,2010-02-01,https://www.e-stat.go.jp/SG1/estat/Pdfdl.do?sinfid=000012449985,false
21208,岐阜県,,,瑞浪市,,7,1,073,木曽川,23,木曽川,要現行資料照合,未確認,2010-02-01,https://www.e-stat.go.jp/SG1/estat/Pdfdl.do?sinfid=000012449985,2010-02-01,https://www.e-stat.go.jp/SG1/estat/Pdfdl.do?sinfid=000012449985,false
21209,岐阜県,,,羽島市,,7,1,071,長良川,23,木曽川,要現行資料照合,未確認,2010-02-01,https://www.e-stat.go.jp/SG1/estat/Pdfdl.do?sinfid=000012449985,2010-02-01,https://www.e-stat.go.jp/SG1/estat/Pdfdl.do?sinfid=000012449985,false
21210,岐阜県,,,恵那市,,7,1,073,木曽川,23,木曽川,要現行資料照合,未確認,2010-02-01,https://www.e-stat.go.jp/SG1/estat/Pdfdl.do?sinfid=000012449985,2010-02-01,https://www.e-stat.go.jp/SG1/estat/Pdfdl.do?sinfid=000012449985,false
21211,岐阜県,,,美濃加茂市,,7,1,070,飛騨川,23,木曽川,要現行資料照合,未確認,2010-02-01,https://www.e-stat.go.jp/SG1/estat/Pdfdl.do?sinfid=000012449985,2010-02-01,https://www.e-stat.go.jp/SG1/estat/Pdfdl.do?sinfid=000012449985,false
21212,岐阜県,,,土岐市,,7,1,073,木曽川,23,木曽川,要現行資料照合,未確認,2010-02-01,https://www.e-stat.go.jp/SG1/estat/Pdfdl.do?sinfid=000012449985,2010-02-01,https://www.e-stat.go.jp/SG1/estat/Pdfdl.do?sinfid=000012449985,false
21213,岐阜県,,,各務原市,,7,2,071,長良川,23,木曽川,要現行資料照合,未確認,2010-02-01,https://www.e-stat.go.jp/SG1/estat/Pdfdl.do?sinfid=000012449985,2010-02-01,https://www.e-stat.go.jp/SG1/estat/Pdfdl.do?sinfid=000012449985,false
21214,岐阜県,,,可児市,,7,2,073,木曽川,23,木曽川,要現行資料照合,未確認,2010-02-01,https://www.e-stat.go.jp/SG1/estat/Pdfdl.do?sinfid=000012449985,2010-02-01,https://www.e-stat.go.jp/SG1/estat/Pdfdl.do?sinfid=000012449985,false
21215,岐阜県,,,山県市,,7,1,071,長良川,23,木曽川,要現行資料照合,未確認,2010-02-01,https://www.e-stat.go.jp/SG1/estat/Pdfdl.do?sinfid=000012449985,2010-02-01,https://www.e-stat.go.jp/SG1/estat/Pdfdl.do?sinfid=000012449985,false
21216,岐阜県,,,瑞穂市,,7,1,072,揖斐川,23,木曽川,要現行資料照合,未確認,2010-02-01,https://www.e-stat.go.jp/SG1/estat/Pdfdl.do?sinfid=000012449985,2010-02-01,https://www.e-stat.go.jp/SG1/estat/Pdfdl.do?sinfid=000012449985,false
21217,岐阜県,,,飛騨市,,7,1,069,宮・庄川,21,神通・庄川,要現行資料照合,未確認,2010-02-01,https://www.e-stat.go.jp/SG1/estat/Pdfdl.do?sinfid=000012449985,2010-02-01,https://www.e-stat.go.jp/SG1/estat/Pdfdl.do?sinfid=000012449985,false
21218,岐阜県,,,本巣市,,7,1,072,揖斐川,23,木曽川,要現行資料照合,未確認,2010-02-01,https://www.e-stat.go.jp/SG1/estat/Pdfdl.do?sinfid=000012449985,2010-02-01,https://www.e-stat.go.jp/SG1/estat/Pdfdl.do?sinfid=000012449985,false
21219,岐阜県,,,郡上市,,7,1,071,長良川,23,木曽川,要現行資料照合,未確認,2010-02-01,https://www.e-stat.go.jp/SG1/estat/Pdfdl.do?sinfid=000012449985,2010-02-01,https://www.e-stat.go.jp/SG1/estat/Pdfdl.do?sinfid=000012449985,false
21220,岐阜県,,,下呂市,,7,1,070,飛騨川,23,木曽川,要現行資料照合,未確認,2010-02-01,https://www.e-stat.go.jp/SG1/estat/Pdfdl.do?sinfid=000012449985,2010-02-01,https://www.e-stat.go.jp/SG1/estat/Pdfdl.do?sinfid=000012449985,false
21221,岐阜県,,,海津市,,7,1,,,,,未対応・要調査,未確認,2010-02-01,https://www.e-stat.go.jp/SG1/estat/Pdfdl.do?sinfid=000012449985,2010-02-01,https://www.e-stat.go.jp/SG1/estat/Pdfdl.do?sinfid=000012449985,false
21302,岐阜県,,羽島郡,岐南町,,7,2,071,長良川,23,木曽川,要現行資料照合,未確認,2010-02-01,https://www.e-stat.go.jp/SG1/estat/Pdfdl.do?sinfid=000012449985,2010-02-01,https://www.e-stat.go.jp/SG1/estat/Pdfdl.do?sinfid=000012449985,false
21303,岐阜県,,羽島郡,笠松町,,7,1,071,長良川,23,木曽川,要現行資料照合,未確認,2010-02-01,https://www.e-stat.go.jp/SG1/estat/Pdfdl.do?sinfid=000012449985,2010-02-01,https://www.e-stat.go.jp/SG1/estat/Pdfdl.do?sinfid=000012449985,false
21341,岐阜県,,養老郡,養老町,,7,1,072,揖斐川,23,木曽川,要現行資料照合,未確認,2010-02-01,https://www.e-stat.go.jp/SG1/estat/Pdfdl.do?sinfid=000012449985,2010-02-01,https://www.e-stat.go.jp/SG1/estat/Pdfdl.do?sinfid=000012449985,false
21361,岐阜県,,不破郡,垂井町,,7,1,072,揖斐川,23,木曽川,要現行資料照合,未確認,2010-02-01,https://www.e-stat.go.jp/SG1/estat/Pdfdl.do?sinfid=000012449985,2010-02-01,https://www.e-stat.go.jp/SG1/estat/Pdfdl.do?sinfid=000012449985,false
21362,岐阜県,,不破郡,関ケ原町,,7,1,072,揖斐川,23,木曽川,要現行資料照合,未確認,2010-02-01,https://www.e-stat.go.jp/SG1/estat/Pdfdl.do?sinfid=000012449985,2010-02-01,https://www.e-stat.go.jp/SG1/estat/Pdfdl.do?sinfid=000012449985,false
21381,岐阜県,,安八郡,神戸町,,7,1,072,揖斐川,23,木曽川,要現行資料照合,未確認,2010-02-01,https://www.e-stat.go.jp/SG1/estat/Pdfdl.do?sinfid=000012449985,2010-02-01,https://www.e-stat.go.jp/SG1/estat/Pdfdl.do?sinfid=000012449985,false
21382,岐阜県,,安八郡,輪之内町,,7,1,072,揖斐川,23,木曽川,要現行資料照合,未確認,2010-02-01,https://www.e-stat.go.jp/SG1/estat/Pdfdl.do?sinfid=000012449985,2010-02-01,https://www.e-stat.go.jp/SG1/estat/Pdfdl.do?sinfid=000012449985,false
21383,岐阜県,,安八郡,安八町,,7,1,072,揖斐川,23,木曽川,要現行資料照合,未確認,2010-02-01,https://www.e-stat.go.jp/SG1/estat/Pdfdl.do?sinfid=000012449985,2010-02-01,https://www.e-stat.go.jp/SG1/estat/Pdfdl.do?sinfid=000012449985,false
21401,岐阜県,,揖斐郡,揖斐川町,,7,1,072,揖斐川,23,木曽川,要現行資料照合,未確認,2010-02-01,https://www.e-stat.go.jp/SG1/estat/Pdfdl.do?sinfid=000012449985,2010-02-01,https://www.e-stat.go.jp/SG1/estat/Pdfdl.do?sinfid=000012449985,false
21403,岐阜県,,揖斐郡,大野町,,7,1,072,揖斐川,23,木曽川,要現行資料照合,未確認,2010-02-01,https://www.e-stat.go.jp/SG1/estat/Pdfdl.do?sinfid=000012449985,2010-02-01,https://www.e-stat.go.jp/SG1/estat/Pdfdl.do?sinfid=000012449985,false
21404,岐阜県,,揖斐郡,池田町,,7,1,072,揖斐川,23,木曽川,要現行資料照合,未確認,2010-02-01,https://www.e-stat.go.jp/SG1/estat/Pdfdl.do?sinfid=000012449985,2010-02-01,https://www.e-stat.go.jp/SG1/estat/Pdfdl.do?sinfid=000012449985,false
21421,岐阜県,,本巣郡,北方町,,7,1,072,揖斐川,23,木曽川,要現行資料照合,未確認,2010-02-01,https://www.e-stat.go.jp/SG1/estat/Pdfdl.do?sinfid=000012449985,2010-02-01,https://www.e-stat.go.jp/SG1/estat/Pdfdl.do?sinfid=000012449985,false
21501,岐阜県,,加茂郡,坂祝町,,7,1,070,飛騨川,23,木曽川,要現行資料照合,未確認,2010-02-01,https://www.e-stat.go.jp/SG1/estat/Pdfdl.do?sinfid=000012449985,2010-02-01,https://www.e-stat.go.jp/SG1/estat/Pdfdl.do?sinfid=000012449985,false
21502,岐阜県,,加茂郡,富加町,,7,1,070,飛騨川,23,木曽川,要現行資料照合,未確認,2010-02-01,https://www.e-stat.go.jp/SG1/estat/Pdfdl.do?sinfid=000012449985,2010-02-01,https://www.e-stat.go.jp/SG1/estat/Pdfdl.do?sinfid=000012449985,false
21503,岐阜県,,加茂郡,川辺町,,7,1,070,飛騨川,23,木曽川,要現行資料照合,未確認,2010-02-01,https://www.e-stat.go.jp/SG1/estat/Pdfdl.do?sinfid=000012449985,2010-02-01,https://www.e-stat.go.jp/SG1/estat/Pdfdl.do?sinfid=000012449985,false
21504,岐阜県,,加茂郡,七宗町,,7,1,070,飛騨川,23,木曽川,要現行資料照合,未確認,2010-02-01,https://www.e-stat.go.jp/SG1/estat/Pdfdl.do?sinfid=000012449985,2010-02-01,https://www.e-stat.go.jp/SG1/estat/Pdfdl.do?sinfid=000012449985,false
21505,岐阜県,,加茂郡,八百津町,,7,2,070,飛騨川,23,木曽川,要現行資料照合,未確認,2010-02-01,https://www.e-stat.go.jp/SG1/estat/Pdfdl.do?sinfid=000012449985,2010-02-01,https://www.e-stat.go.jp/SG1/estat/Pdfdl.do?sinfid=000012449985,false
21506,岐阜県,,加茂郡,白川町,,7,1,070,飛騨川,23,木曽川,要現行資料照合,未確認,2010-02-01,https://www.e-stat.go.jp/SG1/estat/Pdfdl.do?sinfid=000012449985,2010-02-01,https://www.e-stat.go.jp/SG1/estat/Pdfdl.do?sinfid=000012449985,false
21507,岐阜県,,加茂郡,東白川村,,7,1,070,飛騨川,23,木曽川,要現行資料照合,未確認,2010-02-01,https://www.e-stat.go.jp/SG1/estat/Pdfdl.do?sinfid=000012449985,2010-02-01,https://www.e-stat.go.jp/SG1/estat/Pdfdl.do?sinfid=000012449985,false
21521,岐阜県,,可児郡,御嵩町,,7,1,073,木曽川,23,木曽川,要現行資料照合,未確認,2010-02-01,https://www.e-stat.go.jp/SG1/estat/Pdfdl.do?sinfid=000012449985,2010-02-01,https://www.e-stat.go.jp/SG1/estat/Pdfdl.do?sinfid=000012449985,false
21604,岐阜県,,大野郡,白川村,,7,1,069,宮・庄川,21,神通・庄川,要現行資料照合,未確認,2010-02-01,https://www.e-stat.go.jp/SG1/estat/Pdfdl.do?sinfid=000012449985,2010-02-01,https://www.e-stat.go.jp/SG1/estat/Pdfdl.do?sinfid=000012449985,false
22101,静岡県,,,静岡市,葵区,8,1,074,静岡,19,富士川,要現行資料照合,未確認,2010-02-01,https://www.e-stat.go.jp/SG1/estat/Pdfdl.do?sinfid=000012449985,2010-02-01,https://www.e-stat.go.jp/SG1/estat/Pdfdl.do?sinfid=000012449985,false
22102,静岡県,,,静岡市,駿河区,8,4,074,静岡,19,富士川,要現行資料照合,未確認,2010-02-01,https://www.e-stat.go.jp/SG1/estat/Pdfdl.do?sinfid=000012449985,2010-02-01,https://www.e-stat.go.jp/SG1/estat/Pdfdl.do?sinfid=000012449985,false
22103,静岡県,,,静岡市,清水区,8,24,074,静岡,19,富士川,要現行資料照合,未確認,2010-02-01,https://www.e-stat.go.jp/SG1/estat/Pdfdl.do?sinfid=000012449985,2010-02-01,https://www.e-stat.go.jp/SG1/estat/Pdfdl.do?sinfid=000012449985,false
22138,静岡県,,,浜松市,中央区,8,2,077,天竜,20,天竜川,要現行資料照合,未確認,2010-02-01,https://www.e-stat.go.jp/SG1/estat/Pdfdl.do?sinfid=000012449985,2010-02-01,https://www.e-stat.go.jp/SG1/estat/Pdfdl.do?sinfid=000012449985,false
22139,静岡県,,,浜松市,浜名区,8,1,077,天竜,20,天竜川,要現行資料照合,未確認,2010-02-01,https://www.e-stat.go.jp/SG1/estat/Pdfdl.do?sinfid=000012449985,2010-02-01,https://www.e-stat.go.jp/SG1/estat/Pdfdl.do?sinfid=000012449985,false
22140,静岡県,,,浜松市,天竜区,8,1,077,天竜,20,天竜川,要現行資料照合,未確認,2010-02-01,https://www.e-stat.go.jp/SG1/estat/Pdfdl.do?sinfid=000012449985,2010-02-01,https://www.e-stat.go.jp/SG1/estat/Pdfdl.do?sinfid=000012449985,false
22203,静岡県,,,沼津市,,8,18,075,富士,19,富士川,要現行資料照合,未確認,2010-02-01,https://www.e-stat.go.jp/SG1/estat/Pdfdl.do?sinfid=000012449985,2010-02-01,https://www.e-stat.go.jp/SG1/estat/Pdfdl.do?sinfid=000012449985,false
22205,静岡県,,,熱海市,,8,78,076,伊豆,19,富士川,要現行資料照合,未確認,2010-02-01,https://www.e-stat.go.jp/SG1/estat/Pdfdl.do?sinfid=000012449985,2010-02-01,https://www.e-stat.go.jp/SG1/estat/Pdfdl.do?sinfid=000012449985,false
22206,静岡県,,,三島市,,8,1,075,富士,19,富士川,要現行資料照合,未確認,2010-02-01,https://www.e-stat.go.jp/SG1/estat/Pdfdl.do?sinfid=000012449985,2010-02-01,https://www.e-stat.go.jp/SG1/estat/Pdfdl.do?sinfid=000012449985,false
22207,静岡県,,,富士宮市,,8,1,075,富士,19,富士川,要現行資料照合,未確認,2010-02-01,https://www.e-stat.go.jp/SG1/estat/Pdfdl.do?sinfid=000012449985,2010-02-01,https://www.e-stat.go.jp/SG1/estat/Pdfdl.do?sinfid=000012449985,false
22208,静岡県,,,伊東市,,8,92,076,伊豆,19,富士川,要現行資料照合,未確認,2010-02-01,https://www.e-stat.go.jp/SG1/estat/Pdfdl.do?sinfid=000012449985,2010-02-01,https://www.e-stat.go.jp/SG1/estat/Pdfdl.do?sinfid=000012449985,false
22209,静岡県,,,島田市,,8,1,074,静岡,19,富士川,要現行資料照合,未確認,2010-02-01,https://www.e-stat.go.jp/SG1/estat/Pdfdl.do?sinfid=000012449985,2010-02-01,https://www.e-stat.go.jp/SG1/estat/Pdfdl.do?sinfid=000012449985,false
22210,静岡県,,,富士市,,8,2,075,富士,19,富士川,要現行資料照合,未確認,2010-02-01,https://www.e-stat.go.jp/SG1/estat/Pdfdl.do?sinfid=000012449985,2010-02-01,https://www.e-stat.go.jp/SG1/estat/Pdfdl.do?sinfid=000012449985,false
22211,静岡県,,,磐田市,,8,2,077,天竜,20,天竜川,要現行資料照合,未確認,2010-02-01,https://www.e-stat.go.jp/SG1/estat/Pdfdl.do?sinfid=000012449985,2010-02-01,https://www.e-stat.go.jp/SG1/estat/Pdfdl.do?sinfid=000012449985,false
22212,静岡県,,,焼津市,,8,52,074,静岡,19,富士川,要現行資料照合,未確認,2010-02-01,https://www.e-stat.go.jp/SG1/estat/Pdfdl.do?sinfid=000012449985,2010-02-01,https://www.e-stat.go.jp/SG1/estat/Pdfdl.do?sinfid=000012449985,false
22213,静岡県,,,掛川市,,8,1,077,天竜,20,天竜川,要現行資料照合,未確認,2010-02-01,https://www.e-stat.go.jp/SG1/estat/Pdfdl.do?sinfid=000012449985,2010-02-01,https://www.e-stat.go.jp/SG1/estat/Pdfdl.do?sinfid=000012449985,false
22214,静岡県,,,藤枝市,,8,1,074,静岡,19,富士川,要現行資料照合,未確認,2010-02-01,https://www.e-stat.go.jp/SG1/estat/Pdfdl.do?sinfid=000012449985,2010-02-01,https://www.e-stat.go.jp/SG1/estat/Pdfdl.do?sinfid=000012449985,false
22215,静岡県,,,御殿場市,,8,1,075,富士,19,富士川,要現行資料照合,未確認,2010-02-01,https://www.e-stat.go.jp/SG1/estat/Pdfdl.do?sinfid=000012449985,2010-02-01,https://www.e-stat.go.jp/SG1/estat/Pdfdl.do?sinfid=000012449985,false
22216,静岡県,,,袋井市,,8,1,077,天竜,20,天竜川,要現行資料照合,未確認,2010-02-01,https://www.e-stat.go.jp/SG1/estat/Pdfdl.do?sinfid=000012449985,2010-02-01,https://www.e-stat.go.jp/SG1/estat/Pdfdl.do?sinfid=000012449985,false
22219,静岡県,,,下田市,,8,403,076,伊豆,19,富士川,要現行資料照合,未確認,2010-02-01,https://www.e-stat.go.jp/SG1/estat/Pdfdl.do?sinfid=000012449985,2010-02-01,https://www.e-stat.go.jp/SG1/estat/Pdfdl.do?sinfid=000012449985,false
22220,静岡県,,,裾野市,,8,1,075,富士,19,富士川,要現行資料照合,未確認,2010-02-01,https://www.e-stat.go.jp/SG1/estat/Pdfdl.do?sinfid=000012449985,2010-02-01,https://www.e-stat.go.jp/SG1/estat/Pdfdl.do?sinfid=000012449985,false
22221,静岡県,,,湖西市,,8,1,077,天竜,20,天竜川,要現行資料照合,未確認,2010-02-01,https://www.e-stat.go.jp/SG1/estat/Pdfdl.do?sinfid=000012449985,2010-02-01,https://www.e-stat.go.jp/SG1/estat/Pdfdl.do?sinfid=000012449985,false
22222,静岡県,,,伊豆市,,8,98,076,伊豆,19,富士川,要現行資料照合,未確認,2010-02-01,https://www.e-stat.go.jp/SG1/estat/Pdfdl.do?sinfid=000012449985,2010-02-01,https://www.e-stat.go.jp/SG1/estat/Pdfdl.do?sinfid=000012449985,false
22223,静岡県,,,御前崎市,,8,10,077,天竜,20,天竜川,要現行資料照合,未確認,2010-02-01,https://www.e-stat.go.jp/SG1/estat/Pdfdl.do?sinfid=000012449985,2010-02-01,https://www.e-stat.go.jp/SG1/estat/Pdfdl.do?sinfid=000012449985,false
22224,静岡県,,,菊川市,,8,1,077,天竜,20,天竜川,要現行資料照合,未確認,2010-02-01,https://www.e-stat.go.jp/SG1/estat/Pdfdl.do?sinfid=000012449985,2010-02-01,https://www.e-stat.go.jp/SG1/estat/Pdfdl.do?sinfid=000012449985,false
22225,静岡県,,,伊豆の国市,,8,1,076,伊豆,19,富士川,要現行資料照合,未確認,2010-02-01,https://www.e-stat.go.jp/SG1/estat/Pdfdl.do?sinfid=000012449985,2010-02-01,https://www.e-stat.go.jp/SG1/estat/Pdfdl.do?sinfid=000012449985,false
22226,静岡県,,,牧之原市,,8,12,074,静岡,19,富士川,要現行資料照合,未確認,2010-02-01,https://www.e-stat.go.jp/SG1/estat/Pdfdl.do?sinfid=000012449985,2010-02-01,https://www.e-stat.go.jp/SG1/estat/Pdfdl.do?sinfid=000012449985,false
22301,静岡県,,賀茂郡,東伊豆町,,8,25,076,伊豆,19,富士川,要現行資料照合,未確認,2010-02-01,https://www.e-stat.go.jp/SG1/estat/Pdfdl.do?sinfid=000012449985,2010-02-01,https://www.e-stat.go.jp/SG1/estat/Pdfdl.do?sinfid=000012449985,false
22302,静岡県,,賀茂郡,河津町,,8,108,076,伊豆,19,富士川,要現行資料照合,未確認,2010-02-01,https://www.e-stat.go.jp/SG1/estat/Pdfdl.do?sinfid=000012449985,2010-02-01,https://www.e-stat.go.jp/SG1/estat/Pdfdl.do?sinfid=000012449985,false
22304,静岡県,,賀茂郡,南伊豆町,,8,646,076,伊豆,19,富士川,要現行資料照合,未確認,2010-02-01,https://www.e-stat.go.jp/SG1/estat/Pdfdl.do?sinfid=000012449985,2010-02-01,https://www.e-stat.go.jp/SG1/estat/Pdfdl.do?sinfid=000012449985,false
22305,静岡県,,賀茂郡,松崎町,,8,75,076,伊豆,19,富士川,要現行資料照合,未確認,2010-02-01,https://www.e-stat.go.jp/SG1/estat/Pdfdl.do?sinfid=000012449985,2010-02-01,https://www.e-stat.go.jp/SG1/estat/Pdfdl.do?sinfid=000012449985,false
22306,静岡県,,賀茂郡,西伊豆町,,8,148,076,伊豆,19,富士川,要現行資料照合,未確認,2010-02-01,https://www.e-stat.go.jp/SG1/estat/Pdfdl.do?sinfid=000012449985,2010-02-01,https://www.e-stat.go.jp/SG1/estat/Pdfdl.do?sinfid=000012449985,false
22325,静岡県,,田方郡,函南町,,8,1,076,伊豆,19,富士川,要現行資料照合,未確認,2010-02-01,https://www.e-stat.go.jp/SG1/estat/Pdfdl.do?sinfid=000012449985,2010-02-01,https://www.e-stat.go.jp/SG1/estat/Pdfdl.do?sinfid=000012449985,false
22341,静岡県,,駿東郡,清水町,,8,1,075,富士,19,富士川,要現行資料照合,未確認,2010-02-01,https://www.e-stat.go.jp/SG1/estat/Pdfdl.do?sinfid=000012449985,2010-02-01,https://www.e-stat.go.jp/SG1/estat/Pdfdl.do?sinfid=000012449985,false
22342,静岡県,,駿東郡,長泉町,,8,1,075,富士,19,富士川,要現行資料照合,未確認,2010-02-01,https://www.e-stat.go.jp/SG1/estat/Pdfdl.do?sinfid=000012449985,2010-02-01,https://www.e-stat.go.jp/SG1/estat/Pdfdl.do?sinfid=000012449985,false
22344,静岡県,,駿東郡,小山町,,8,1,075,富士,19,富士川,要現行資料照合,未確認,2010-02-01,https://www.e-stat.go.jp/SG1/estat/Pdfdl.do?sinfid=000012449985,2010-02-01,https://www.e-stat.go.jp/SG1/estat/Pdfdl.do?sinfid=000012449985,false
22424,静岡県,,榛原郡,吉田町,,8,1,074,静岡,19,富士川,要現行資料照合,未確認,2010-02-01,https://www.e-stat.go.jp/SG1/estat/Pdfdl.do?sinfid=000012449985,2010-02-01,https://www.e-stat.go.jp/SG1/estat/Pdfdl.do?sinfid=000012449985,false
22429,静岡県,,榛原郡,川根本町,,8,1,074,静岡,19,富士川,要現行資料照合,未確認,2010-02-01,https://www.e-stat.go.jp/SG1/estat/Pdfdl.do?sinfid=000012449985,2010-02-01,https://www.e-stat.go.jp/SG1/estat/Pdfdl.do?sinfid=000012449985,false
22461,静岡県,,周智郡,森町,,8,1,077,天竜,20,天竜川,要現行資料照合,未確認,2010-02-01,https://www.e-stat.go.jp/SG1/estat/Pdfdl.do?sinfid=000012449985,2010-02-01,https://www.e-stat.go.jp/SG1/estat/Pdfdl.do?sinfid=000012449985,false
23000,愛知県,,,所属未定地,,7,2,,,,,未対応・要調査,未確認,2010-02-01,https://www.e-stat.go.jp/SG1/estat/Pdfdl.do?sinfid=000012449985,2010-02-01,https://www.e-stat.go.jp/SG1/estat/Pdfdl.do?sinfid=000012449985,false
23101,愛知県,,,名古屋市,千種区,7,1,078,尾張西三河,23,木曽川,要現行資料照合,未確認,2010-02-01,https://www.e-stat.go.jp/SG1/estat/Pdfdl.do?sinfid=000012449985,2010-02-01,https://www.e-stat.go.jp/SG1/estat/Pdfdl.do?sinfid=000012449985,false
23102,愛知県,,,名古屋市,東区,7,1,078,尾張西三河,23,木曽川,要現行資料照合,未確認,2010-02-01,https://www.e-stat.go.jp/SG1/estat/Pdfdl.do?sinfid=000012449985,2010-02-01,https://www.e-stat.go.jp/SG1/estat/Pdfdl.do?sinfid=000012449985,false
23103,愛知県,,,名古屋市,北区,7,1,078,尾張西三河,23,木曽川,要現行資料照合,未確認,2010-02-01,https://www.e-stat.go.jp/SG1/estat/Pdfdl.do?sinfid=000012449985,2010-02-01,https://www.e-stat.go.jp/SG1/estat/Pdfdl.do?sinfid=000012449985,false
23104,愛知県,,,名古屋市,西区,7,1,078,尾張西三河,23,木曽川,要現行資料照合,未確認,2010-02-01,https://www.e-stat.go.jp/SG1/estat/Pdfdl.do?sinfid=000012449985,2010-02-01,https://www.e-stat.go.jp/SG1/estat/Pdfdl.do?sinfid=000012449985,false
23105,愛知県,,,名古屋市,中村区,7,1,078,尾張西三河,23,木曽川,要現行資料照合,未確認,2010-02-01,https://www.e-stat.go.jp/SG1/estat/Pdfdl.do?sinfid=000012449985,2010-02-01,https://www.e-stat.go.jp/SG1/estat/Pdfdl.do?sinfid=000012449985,false
23106,愛知県,,,名古屋市,中区,7,1,078,尾張西三河,23,木曽川,要現行資料照合,未確認,2010-02-01,https://www.e-stat.go.jp/SG1/estat/Pdfdl.do?sinfid=000012449985,2010-02-01,https://www.e-stat.go.jp/SG1/estat/Pdfdl.do?sinfid=000012449985,false
23107,愛知県,,,名古屋市,昭和区,7,1,078,尾張西三河,23,木曽川,要現行資料照合,未確認,2010-02-01,https://www.e-stat.go.jp/SG1/estat/Pdfdl.do?sinfid=000012449985,2010-02-01,https://www.e-stat.go.jp/SG1/estat/Pdfdl.do?sinfid=000012449985,false
23108,愛知県,,,名古屋市,瑞穂区,7,1,078,尾張西三河,23,木曽川,要現行資料照合,未確認,2010-02-01,https://www.e-stat.go.jp/SG1/estat/Pdfdl.do?sinfid=000012449985,2010-02-01,https://www.e-stat.go.jp/SG1/estat/Pdfdl.do?sinfid=000012449985,false
23109,愛知県,,,名古屋市,熱田区,7,1,078,尾張西三河,23,木曽川,要現行資料照合,未確認,2010-02-01,https://www.e-stat.go.jp/SG1/estat/Pdfdl.do?sinfid=000012449985,2010-02-01,https://www.e-stat.go.jp/SG1/estat/Pdfdl.do?sinfid=000012449985,false
23110,愛知県,,,名古屋市,中川区,7,1,078,尾張西三河,23,木曽川,要現行資料照合,未確認,2010-02-01,https://www.e-stat.go.jp/SG1/estat/Pdfdl.do?sinfid=000012449985,2010-02-01,https://www.e-stat.go.jp/SG1/estat/Pdfdl.do?sinfid=000012449985,false
23111,愛知県,,,名古屋市,港区,7,4,078,尾張西三河,23,木曽川,要現行資料照合,未確認,2010-02-01,https://www.e-stat.go.jp/SG1/estat/Pdfdl.do?sinfid=000012449985,2010-02-01,https://www.e-stat.go.jp/SG1/estat/Pdfdl.do?sinfid=000012449985,false
23112,愛知県,,,名古屋市,南区,7,1,078,尾張西三河,23,木曽川,要現行資料照合,未確認,2010-02-01,https://www.e-stat.go.jp/SG1/estat/Pdfdl.do?sinfid=000012449985,2010-02-01,https://www.e-stat.go.jp/SG1/estat/Pdfdl.do?sinfid=000012449985,false
23113,愛知県,,,名古屋市,守山区,7,1,078,尾張西三河,23,木曽川,要現行資料照合,未確認,2010-02-01,https://www.e-stat.go.jp/SG1/estat/Pdfdl.do?sinfid=000012449985,2010-02-01,https://www.e-stat.go.jp/SG1/estat/Pdfdl.do?sinfid=000012449985,false
23114,愛知県,,,名古屋市,緑区,7,1,078,尾張西三河,23,木曽川,要現行資料照合,未確認,2010-02-01,https://www.e-stat.go.jp/SG1/estat/Pdfdl.do?sinfid=000012449985,2010-02-01,https://www.e-stat.go.jp/SG1/estat/Pdfdl.do?sinfid=000012449985,false
23115,愛知県,,,名古屋市,名東区,7,1,078,尾張西三河,23,木曽川,要現行資料照合,未確認,2010-02-01,https://www.e-stat.go.jp/SG1/estat/Pdfdl.do?sinfid=000012449985,2010-02-01,https://www.e-stat.go.jp/SG1/estat/Pdfdl.do?sinfid=000012449985,false
23116,愛知県,,,名古屋市,天白区,7,1,078,尾張西三河,23,木曽川,要現行資料照合,未確認,2010-02-01,https://www.e-stat.go.jp/SG1/estat/Pdfdl.do?sinfid=000012449985,2010-02-01,https://www.e-stat.go.jp/SG1/estat/Pdfdl.do?sinfid=000012449985,false
23201,愛知県,,,豊橋市,,7,6,079,東三河,23,木曽川,要現行資料照合,未確認,2010-02-01,https://www.e-stat.go.jp/SG1/estat/Pdfdl.do?sinfid=000012449985,2010-02-01,https://www.e-stat.go.jp/SG1/estat/Pdfdl.do?sinfid=000012449985,false
23202,愛知県,,,岡崎市,,7,1,078,尾張西三河,23,木曽川,要現行資料照合,未確認,2010-02-01,https://www.e-stat.go.jp/SG1/estat/Pdfdl.do?sinfid=000012449985,2010-02-01,https://www.e-stat.go.jp/SG1/estat/Pdfdl.do?sinfid=000012449985,false
23203,愛知県,,,一宮市,,7,1,078,尾張西三河,23,木曽川,要現行資料照合,未確認,2010-02-01,https://www.e-stat.go.jp/SG1/estat/Pdfdl.do?sinfid=000012449985,2010-02-01,https://www.e-stat.go.jp/SG1/estat/Pdfdl.do?sinfid=000012449985,false
23204,愛知県,,,瀬戸市,,7,1,078,尾張西三河,23,木曽川,要現行資料照合,未確認,2010-02-01,https://www.e-stat.go.jp/SG1/estat/Pdfdl.do?sinfid=000012449985,2010-02-01,https://www.e-stat.go.jp/SG1/estat/Pdfdl.do?sinfid=000012449985,false
23205,愛知県,,,半田市,,7,1,078,尾張西三河,23,木曽川,要現行資料照合,未確認,2010-02-01,https://www.e-stat.go.jp/SG1/estat/Pdfdl.do?sinfid=000012449985,2010-02-01,https://www.e-stat.go.jp/SG1/estat/Pdfdl.do?sinfid=000012449985,false
23206,愛知県,,,春日井市,,7,1,078,尾張西三河,23,木曽川,要現行資料照合,未確認,2010-02-01,https://www.e-stat.go.jp/SG1/estat/Pdfdl.do?sinfid=000012449985,2010-02-01,https://www.e-stat.go.jp/SG1/estat/Pdfdl.do?sinfid=000012449985,false
23207,愛知県,,,豊川市,,7,4,079,東三河,23,木曽川,要現行資料照合,未確認,2010-02-01,https://www.e-stat.go.jp/SG1/estat/Pdfdl.do?sinfid=000012449985,2010-02-01,https://www.e-stat.go.jp/SG1/estat/Pdfdl.do?sinfid=000012449985,false
23208,愛知県,,,津島市,,7,1,078,尾張西三河,23,木曽川,要現行資料照合,未確認,2010-02-01,https://www.e-stat.go.jp/SG1/estat/Pdfdl.do?sinfid=000012449985,2010-02-01,https://www.e-stat.go.jp/SG1/estat/Pdfdl.do?sinfid=000012449985,false
23209,愛知県,,,碧南市,,7,1,078,尾張西三河,23,木曽川,要現行資料照合,未確認,2010-02-01,https://www.e-stat.go.jp/SG1/estat/Pdfdl.do?sinfid=000012449985,2010-02-01,https://www.e-stat.go.jp/SG1/estat/Pdfdl.do?sinfid=000012449985,false
23210,愛知県,,,刈谷市,,7,1,078,尾張西三河,23,木曽川,要現行資料照合,未確認,2010-02-01,https://www.e-stat.go.jp/SG1/estat/Pdfdl.do?sinfid=000012449985,2010-02-01,https://www.e-stat.go.jp/SG1/estat/Pdfdl.do?sinfid=000012449985,false
23211,愛知県,,,豊田市,,7,1,078,尾張西三河,23,木曽川,要現行資料照合,未確認,2010-02-01,https://www.e-stat.go.jp/SG1/estat/Pdfdl.do?sinfid=000012449985,2010-02-01,https://www.e-stat.go.jp/SG1/estat/Pdfdl.do?sinfid=000012449985,false
23212,愛知県,,,安城市,,7,1,078,尾張西三河,23,木曽川,要現行資料照合,未確認,2010-02-01,https://www.e-stat.go.jp/SG1/estat/Pdfdl.do?sinfid=000012449985,2010-02-01,https://www.e-stat.go.jp/SG1/estat/Pdfdl.do?sinfid=000012449985,false
23213,愛知県,,,西尾市,,7,159,078,尾張西三河,23,木曽川,要現行資料照合,未確認,2010-02-01,https://www.e-stat.go.jp/SG1/estat/Pdfdl.do?sinfid=000012449985,2010-02-01,https://www.e-stat.go.jp/SG1/estat/Pdfdl.do?sinfid=000012449985,false
23214,愛知県,,,蒲郡市,,7,33,079,東三河,23,木曽川,要現行資料照合,未確認,2010-02-01,https://www.e-stat.go.jp/SG1/estat/Pdfdl.do?sinfid=000012449985,2010-02-01,https://www.e-stat.go.jp/SG1/estat/Pdfdl.do?sinfid=000012449985,false
23215,愛知県,,,犬山市,,7,1,078,尾張西三河,23,木曽川,要現行資料照合,未確認,2010-02-01,https://www.e-stat.go.jp/SG1/estat/Pdfdl.do?sinfid=000012449985,2010-02-01,https://www.e-stat.go.jp/SG1/estat/Pdfdl.do?sinfid=000012449985,false
23216,愛知県,,,常滑市,,7,4,078,尾張西三河,23,木曽川,要現行資料照合,未確認,2010-02-01,https://www.e-stat.go.jp/SG1/estat/Pdfdl.do?sinfid=000012449985,2010-02-01,https://www.e-stat.go.jp/SG1/estat/Pdfdl.do?sinfid=000012449985,false
23217,愛知県,,,江南市,,7,1,078,尾張西三河,23,木曽川,要現行資料照合,未確認,2010-02-01,https://www.e-stat.go.jp/SG1/estat/Pdfdl.do?sinfid=000012449985,2010-02-01,https://www.e-stat.go.jp/SG1/estat/Pdfdl.do?sinfid=000012449985,false
23219,愛知県,,,小牧市,,7,1,078,尾張西三河,23,木曽川,要現行資料照合,未確認,2010-02-01,https://www.e-stat.go.jp/SG1/estat/Pdfdl.do?sinfid=000012449985,2010-02-01,https://www.e-stat.go.jp/SG1/estat/Pdfdl.do?sinfid=000012449985,false
23220,愛知県,,,稲沢市,,7,1,078,尾張西三河,23,木曽川,要現行資料照合,未確認,2010-02-01,https://www.e-stat.go.jp/SG1/estat/Pdfdl.do?sinfid=000012449985,2010-02-01,https://www.e-stat.go.jp/SG1/estat/Pdfdl.do?sinfid=000012449985,false
23221,愛知県,,,新城市,,7,1,079,東三河,23,木曽川,要現行資料照合,未確認,2010-02-01,https://www.e-stat.go.jp/SG1/estat/Pdfdl.do?sinfid=000012449985,2010-02-01,https://www.e-stat.go.jp/SG1/estat/Pdfdl.do?sinfid=000012449985,false
23222,愛知県,,,東海市,,7,1,078,尾張西三河,23,木曽川,要現行資料照合,未確認,2010-02-01,https://www.e-stat.go.jp/SG1/estat/Pdfdl.do?sinfid=000012449985,2010-02-01,https://www.e-stat.go.jp/SG1/estat/Pdfdl.do?sinfid=000012449985,false
23223,愛知県,,,大府市,,7,1,078,尾張西三河,23,木曽川,要現行資料照合,未確認,2010-02-01,https://www.e-stat.go.jp/SG1/estat/Pdfdl.do?sinfid=000012449985,2010-02-01,https://www.e-stat.go.jp/SG1/estat/Pdfdl.do?sinfid=000012449985,false
23224,愛知県,,,知多市,,7,2,078,尾張西三河,23,木曽川,要現行資料照合,未確認,2010-02-01,https://www.e-stat.go.jp/SG1/estat/Pdfdl.do?sinfid=000012449985,2010-02-01,https://www.e-stat.go.jp/SG1/estat/Pdfdl.do?sinfid=000012449985,false
23225,愛知県,,,知立市,,7,1,078,尾張西三河,23,木曽川,要現行資料照合,未確認,2010-02-01,https://www.e-stat.go.jp/SG1/estat/Pdfdl.do?sinfid=000012449985,2010-02-01,https://www.e-stat.go.jp/SG1/estat/Pdfdl.do?sinfid=000012449985,false
23226,愛知県,,,尾張旭市,,7,1,078,尾張西三河,23,木曽川,要現行資料照合,未確認,2010-02-01,https://www.e-stat.go.jp/SG1/estat/Pdfdl.do?sinfid=000012449985,2010-02-01,https://www.e-stat.go.jp/SG1/estat/Pdfdl.do?sinfid=000012449985,false
23227,愛知県,,,高浜市,,7,4,078,尾張西三河,23,木曽川,要現行資料照合,未確認,2010-02-01,https://www.e-stat.go.jp/SG1/estat/Pdfdl.do?sinfid=000012449985,2010-02-01,https://www.e-stat.go.jp/SG1/estat/Pdfdl.do?sinfid=000012449985,false
23228,愛知県,,,岩倉市,,7,1,078,尾張西三河,23,木曽川,要現行資料照合,未確認,2010-02-01,https://www.e-stat.go.jp/SG1/estat/Pdfdl.do?sinfid=000012449985,2010-02-01,https://www.e-stat.go.jp/SG1/estat/Pdfdl.do?sinfid=000012449985,false
23229,愛知県,,,豊明市,,7,1,078,尾張西三河,23,木曽川,要現行資料照合,未確認,2010-02-01,https://www.e-stat.go.jp/SG1/estat/Pdfdl.do?sinfid=000012449985,2010-02-01,https://www.e-stat.go.jp/SG1/estat/Pdfdl.do?sinfid=000012449985,false
23230,愛知県,,,日進市,,7,1,078,尾張西三河,23,木曽川,要現行資料照合,未確認,2010-02-01,https://www.e-stat.go.jp/SG1/estat/Pdfdl.do?sinfid=000012449985,2010-02-01,https://www.e-stat.go.jp/SG1/estat/Pdfdl.do?sinfid=000012449985,false
23231,愛知県,,,田原市,,7,642,079,東三河,23,木曽川,要現行資料照合,未確認,2010-02-01,https://www.e-stat.go.jp/SG1/estat/Pdfdl.do?sinfid=000012449985,2010-02-01,https://www.e-stat.go.jp/SG1/estat/Pdfdl.do?sinfid=000012449985,false
23232,愛知県,,,愛西市,,7,1,078,尾張西三河,23,木曽川,要現行資料照合,未確認,2010-02-01,https://www.e-stat.go.jp/SG1/estat/Pdfdl.do?sinfid=000012449985,2010-02-01,https://www.e-stat.go.jp/SG1/estat/Pdfdl.do?sinfid=000012449985,false
23233,愛知県,,,清須市,,7,1,078,尾張西三河,23,木曽川,要現行資料照合,未確認,2010-02-01,https://www.e-stat.go.jp/SG1/estat/Pdfdl.do?sinfid=000012449985,2010-02-01,https://www.e-stat.go.jp/SG1/estat/Pdfdl.do?sinfid=000012449985,false
23234,愛知県,,,北名古屋市,,7,1,078,尾張西三河,23,木曽川,要現行資料照合,未確認,2010-02-01,https://www.e-stat.go.jp/SG1/estat/Pdfdl.do?sinfid=000012449985,2010-02-01,https://www.e-stat.go.jp/SG1/estat/Pdfdl.do?sinfid=000012449985,false
23235,愛知県,,,弥富市,,7,5,078,尾張西三河,23,木曽川,要現行資料照合,未確認,2010-02-01,https://www.e-stat.go.jp/SG1/estat/Pdfdl.do?sinfid=000012449985,2010-02-01,https://www.e-stat.go.jp/SG1/estat/Pdfdl.do?sinfid=000012449985,false
23236,愛知県,,,みよし市,,7,1,078,尾張西三河,23,木曽川,要現行資料照合,未確認,2010-02-01,https://www.e-stat.go.jp/SG1/estat/Pdfdl.do?sinfid=000012449985,2010-02-01,https://www.e-stat.go.jp/SG1/estat/Pdfdl.do?sinfid=000012449985,false
23237,愛知県,,,あま市,,7,1,,,,,未対応・要調査,未確認,2010-02-01,https://www.e-stat.go.jp/SG1/estat/Pdfdl.do?sinfid=000012449985,2010-02-01,https://www.e-stat.go.jp/SG1/estat/Pdfdl.do?sinfid=000012449985,false
23238,愛知県,,,長久手市,,7,1,,,,,未対応・要調査,未確認,2010-02-01,https://www.e-stat.go.jp/SG1/estat/Pdfdl.do?sinfid=000012449985,2010-02-01,https://www.e-stat.go.jp/SG1/estat/Pdfdl.do?sinfid=000012449985,false
23302,愛知県,,愛知郡,東郷町,,7,1,078,尾張西三河,23,木曽川,要現行資料照合,未確認,2010-02-01,https://www.e-stat.go.jp/SG1/estat/Pdfdl.do?sinfid=000012449985,2010-02-01,https://www.e-stat.go.jp/SG1/estat/Pdfdl.do?sinfid=000012449985,false
23342,愛知県,,西春日井郡,豊山町,,7,1,078,尾張西三河,23,木曽川,要現行資料照合,未確認,2010-02-01,https://www.e-stat.go.jp/SG1/estat/Pdfdl.do?sinfid=000012449985,2010-02-01,https://www.e-stat.go.jp/SG1/estat/Pdfdl.do?sinfid=000012449985,false
23361,愛知県,,丹羽郡,大口町,,7,1,078,尾張西三河,23,木曽川,要現行資料照合,未確認,2010-02-01,https://www.e-stat.go.jp/SG1/estat/Pdfdl.do?sinfid=000012449985,2010-02-01,https://www.e-stat.go.jp/SG1/estat/Pdfdl.do?sinfid=000012449985,false
23362,愛知県,,丹羽郡,扶桑町,,7,1,078,尾張西三河,23,木曽川,要現行資料照合,未確認,2010-02-01,https://www.e-stat.go.jp/SG1/estat/Pdfdl.do?sinfid=000012449985,2010-02-01,https://www.e-stat.go.jp/SG1/estat/Pdfdl.do?sinfid=000012449985,false
23424,愛知県,,海部郡,大治町,,7,1,078,尾張西三河,23,木曽川,要現行資料照合,未確認,2010-02-01,https://www.e-stat.go.jp/SG1/estat/Pdfdl.do?sinfid=000012449985,2010-02-01,https://www.e-stat.go.jp/SG1/estat/Pdfdl.do?sinfid=000012449985,false
23425,愛知県,,海部郡,蟹江町,,7,1,078,尾張西三河,23,木曽川,要現行資料照合,未確認,2010-02-01,https://www.e-stat.go.jp/SG1/estat/Pdfdl.do?sinfid=000012449985,2010-02-01,https://www.e-stat.go.jp/SG1/estat/Pdfdl.do?sinfid=000012449985,false
23427,愛知県,,海部郡,飛島村,,7,12,078,尾張西三河,23,木曽川,要現行資料照合,未確認,2010-02-01,https://www.e-stat.go.jp/SG1/estat/Pdfdl.do?sinfid=000012449985,2010-02-01,https://www.e-stat.go.jp/SG1/estat/Pdfdl.do?sinfid=000012449985,false
23441,愛知県,,知多郡,阿久比町,,7,1,078,尾張西三河,23,木曽川,要現行資料照合,未確認,2010-02-01,https://www.e-stat.go.jp/SG1/estat/Pdfdl.do?sinfid=000012449985,2010-02-01,https://www.e-stat.go.jp/SG1/estat/Pdfdl.do?sinfid=000012449985,false
23442,愛知県,,知多郡,東浦町,,7,2,078,尾張西三河,23,木曽川,要現行資料照合,未確認,2010-02-01,https://www.e-stat.go.jp/SG1/estat/Pdfdl.do?sinfid=000012449985,2010-02-01,https://www.e-stat.go.jp/SG1/estat/Pdfdl.do?sinfid=000012449985,false
23445,愛知県,,知多郡,南知多町,,7,96,078,尾張西三河,23,木曽川,要現行資料照合,未確認,2010-02-01,https://www.e-stat.go.jp/SG1/estat/Pdfdl.do?sinfid=000012449985,2010-02-01,https://www.e-stat.go.jp/SG1/estat/Pdfdl.do?sinfid=000012449985,false
23446,愛知県,,知多郡,美浜町,,7,1,078,尾張西三河,23,木曽川,要現行資料照合,未確認,2010-02-01,https://www.e-stat.go.jp/SG1/estat/Pdfdl.do?sinfid=000012449985,2010-02-01,https://www.e-stat.go.jp/SG1/estat/Pdfdl.do?sinfid=000012449985,false
23447,愛知県,,知多郡,武豊町,,7,3,078,尾張西三河,23,木曽川,要現行資料照合,未確認,2010-02-01,https://www.e-stat.go.jp/SG1/estat/Pdfdl.do?sinfid=000012449985,2010-02-01,https://www.e-stat.go.jp/SG1/estat/Pdfdl.do?sinfid=000012449985,false
23501,愛知県,,額田郡,幸田町,,7,1,078,尾張西三河,23,木曽川,要現行資料照合,未確認,2010-02-01,https://www.e-stat.go.jp/SG1/estat/Pdfdl.do?sinfid=000012449985,2010-02-01,https://www.e-stat.go.jp/SG1/estat/Pdfdl.do?sinfid=000012449985,false
23561,愛知県,,北設楽郡,設楽町,,7,1,079,東三河,23,木曽川,要現行資料照合,未確認,2010-02-01,https://www.e-stat.go.jp/SG1/estat/Pdfdl.do?sinfid=000012449985,2010-02-01,https://www.e-stat.go.jp/SG1/estat/Pdfdl.do?sinfid=000012449985,false
23562,愛知県,,北設楽郡,東栄町,,7,1,079,東三河,23,木曽川,要現行資料照合,未確認,2010-02-01,https://www.e-stat.go.jp/SG1/estat/Pdfdl.do?sinfid=000012449985,2010-02-01,https://www.e-stat.go.jp/SG1/estat/Pdfdl.do?sinfid=000012449985,false
23563,愛知県,,北設楽郡,豊根村,,7,1,079,東三河,23,木曽川,要現行資料照合,未確認,2010-02-01,https://www.e-stat.go.jp/SG1/estat/Pdfdl.do?sinfid=000012449985,2010-02-01,https://www.e-stat.go.jp/SG1/estat/Pdfdl.do?sinfid=000012449985,false
24201,三重県,,,津市,,6,1,081,北伊勢,26,宮川,要現行資料照合,未確認,2010-02-01,https://www.e-stat.go.jp/SG1/estat/Pdfdl.do?sinfid=000012449985,2010-02-01,https://www.e-stat.go.jp/SG1/estat/Pdfdl.do?sinfid=000012449985,false
24202,三重県,,,四日市市,,6,8,081,北伊勢,26,宮川,要現行資料照合,未確認,2010-02-01,https://www.e-stat.go.jp/SG1/estat/Pdfdl.do?sinfid=000012449985,2010-02-01,https://www.e-stat.go.jp/SG1/estat/Pdfdl.do?sinfid=000012449985,false
24203,三重県,,,伊勢市,,6,37,082,南伊勢,26,宮川,要現行資料照合,未確認,2010-02-01,https://www.e-stat.go.jp/SG1/estat/Pdfdl.do?sinfid=000012449985,2010-02-01,https://www.e-stat.go.jp/SG1/estat/Pdfdl.do?sinfid=000012449985,false
24204,三重県,,,松阪市,,6,2,082,南伊勢,26,宮川,要現行資料照合,未確認,2010-02-01,https://www.e-stat.go.jp/SG1/estat/Pdfdl.do?sinfid=000012449985,2010-02-01,https://www.e-stat.go.jp/SG1/estat/Pdfdl.do?sinfid=000012449985,false
24205,三重県,,,桑名市,,6,5,081,北伊勢,26,宮川,要現行資料照合,未確認,2010-02-01,https://www.e-stat.go.jp/SG1/estat/Pdfdl.do?sinfid=000012449985,2010-02-01,https://www.e-stat.go.jp/SG1/estat/Pdfdl.do?sinfid=000012449985,false
24207,三重県,,,鈴鹿市,,6,5,081,北伊勢,26,宮川,要現行資料照合,未確認,2010-02-01,https://www.e-stat.go.jp/SG1/estat/Pdfdl.do?sinfid=000012449985,2010-02-01,https://www.e-stat.go.jp/SG1/estat/Pdfdl.do?sinfid=000012449985,false
24208,三重県,,,名張市,,6,1,080,伊賀,25,淀川,要現行資料照合,未確認,2010-02-01,https://www.e-stat.go.jp/SG1/estat/Pdfdl.do?sinfid=000012449985,2010-02-01,https://www.e-stat.go.jp/SG1/estat/Pdfdl.do?sinfid=000012449985,false
24209,三重県,,,尾鷲市,,6,560,083,尾鷲熊野,27,熊野川,要現行資料照合,未確認,2010-02-01,https://www.e-stat.go.jp/SG1/estat/Pdfdl.do?sinfid=000012449985,2010-02-01,https://www.e-stat.go.jp/SG1/estat/Pdfdl.do?sinfid=000012449985,false
24210,三重県,,,亀山市,,6,1,081,北伊勢,26,宮川,要現行資料照合,未確認,2010-02-01,https://www.e-stat.go.jp/SG1/estat/Pdfdl.do?sinfid=000012449985,2010-02-01,https://www.e-stat.go.jp/SG1/estat/Pdfdl.do?sinfid=000012449985,false
24211,三重県,,,鳥羽市,,6,1008,082,南伊勢,26,宮川,要現行資料照合,未確認,2010-02-01,https://www.e-stat.go.jp/SG1/estat/Pdfdl.do?sinfid=000012449985,2010-02-01,https://www.e-stat.go.jp/SG1/estat/Pdfdl.do?sinfid=000012449985,false
24212,三重県,,,熊野市,,6,155,083,尾鷲熊野,27,熊野川,要現行資料照合,未確認,2010-02-01,https://www.e-stat.go.jp/SG1/estat/Pdfdl.do?sinfid=000012449985,2010-02-01,https://www.e-stat.go.jp/SG1/estat/Pdfdl.do?sinfid=000012449985,false
24214,三重県,,,いなべ市,,6,1,081,北伊勢,26,宮川,要現行資料照合,未確認,2010-02-01,https://www.e-stat.go.jp/SG1/estat/Pdfdl.do?sinfid=000012449985,2010-02-01,https://www.e-stat.go.jp/SG1/estat/Pdfdl.do?sinfid=000012449985,false
24215,三重県,,,志摩市,,6,2038,082,南伊勢,26,宮川,要現行資料照合,未確認,2010-02-01,https://www.e-stat.go.jp/SG1/estat/Pdfdl.do?sinfid=000012449985,2010-02-01,https://www.e-stat.go.jp/SG1/estat/Pdfdl.do?sinfid=000012449985,false
24216,三重県,,,伊賀市,,6,1,080,伊賀,25,淀川,要現行資料照合,未確認,2010-02-01,https://www.e-stat.go.jp/SG1/estat/Pdfdl.do?sinfid=000012449985,2010-02-01,https://www.e-stat.go.jp/SG1/estat/Pdfdl.do?sinfid=000012449985,false
24303,三重県,,桑名郡,木曽岬町,,6,1,081,北伊勢,26,宮川,要現行資料照合,未確認,2010-02-01,https://www.e-stat.go.jp/SG1/estat/Pdfdl.do?sinfid=000012449985,2010-02-01,https://www.e-stat.go.jp/SG1/estat/Pdfdl.do?sinfid=000012449985,false
24324,三重県,,員弁郡,東員町,,6,1,081,北伊勢,26,宮川,要現行資料照合,未確認,2010-02-01,https://www.e-stat.go.jp/SG1/estat/Pdfdl.do?sinfid=000012449985,2010-02-01,https://www.e-stat.go.jp/SG1/estat/Pdfdl.do?sinfid=000012449985,false
24341,三重県,,三重郡,菰野町,,6,1,081,北伊勢,26,宮川,要現行資料照合,未確認,2010-02-01,https://www.e-stat.go.jp/SG1/estat/Pdfdl.do?sinfid=000012449985,2010-02-01,https://www.e-stat.go.jp/SG1/estat/Pdfdl.do?sinfid=000012449985,false
24343,三重県,,三重郡,朝日町,,6,1,081,北伊勢,26,宮川,要現行資料照合,未確認,2010-02-01,https://www.e-stat.go.jp/SG1/estat/Pdfdl.do?sinfid=000012449985,2010-02-01,https://www.e-stat.go.jp/SG1/estat/Pdfdl.do?sinfid=000012449985,false
24344,三重県,,三重郡,川越町,,6,5,081,北伊勢,26,宮川,要現行資料照合,未確認,2010-02-01,https://www.e-stat.go.jp/SG1/estat/Pdfdl.do?sinfid=000012449985,2010-02-01,https://www.e-stat.go.jp/SG1/estat/Pdfdl.do?sinfid=000012449985,false
24441,三重県,,多気郡,多気町,,6,1,082,南伊勢,26,宮川,要現行資料照合,未確認,2010-02-01,https://www.e-stat.go.jp/SG1/estat/Pdfdl.do?sinfid=000012449985,2010-02-01,https://www.e-stat.go.jp/SG1/estat/Pdfdl.do?sinfid=000012449985,false
24442,三重県,,多気郡,明和町,,6,2,082,南伊勢,26,宮川,要現行資料照合,未確認,2010-02-01,https://www.e-stat.go.jp/SG1/estat/Pdfdl.do?sinfid=000012449985,2010-02-01,https://www.e-stat.go.jp/SG1/estat/Pdfdl.do?sinfid=000012449985,false
24443,三重県,,多気郡,大台町,,6,1,082,南伊勢,26,宮川,要現行資料照合,未確認,2010-02-01,https://www.e-stat.go.jp/SG1/estat/Pdfdl.do?sinfid=000012449985,2010-02-01,https://www.e-stat.go.jp/SG1/estat/Pdfdl.do?sinfid=000012449985,false
24461,三重県,,度会郡,玉城町,,6,2,082,南伊勢,26,宮川,要現行資料照合,未確認,2010-02-01,https://www.e-stat.go.jp/SG1/estat/Pdfdl.do?sinfid=000012449985,2010-02-01,https://www.e-stat.go.jp/SG1/estat/Pdfdl.do?sinfid=000012449985,false
24470,三重県,,度会郡,度会町,,6,1,082,南伊勢,26,宮川,要現行資料照合,未確認,2010-02-01,https://www.e-stat.go.jp/SG1/estat/Pdfdl.do?sinfid=000012449985,2010-02-01,https://www.e-stat.go.jp/SG1/estat/Pdfdl.do?sinfid=000012449985,false
24471,三重県,,度会郡,大紀町,,6,324,082,南伊勢,26,宮川,要現行資料照合,未確認,2010-02-01,https://www.e-stat.go.jp/SG1/estat/Pdfdl.do?sinfid=000012449985,2010-02-01,https://www.e-stat.go.jp/SG1/estat/Pdfdl.do?sinfid=000012449985,false
24472,三重県,,度会郡,南伊勢町,,6,1974,082,南伊勢,26,宮川,要現行資料照合,未確認,2010-02-01,https://www.e-stat.go.jp/SG1/estat/Pdfdl.do?sinfid=000012449985,2010-02-01,https://www.e-stat.go.jp/SG1/estat/Pdfdl.do?sinfid=000012449985,false
24543,三重県,,北牟婁郡,紀北町,,6,1381,083,尾鷲熊野,27,熊野川,要現行資料照合,未確認,2010-02-01,https://www.e-stat.go.jp/SG1/estat/Pdfdl.do?sinfid=000012449985,2010-02-01,https://www.e-stat.go.jp/SG1/estat/Pdfdl.do?sinfid=000012449985,false
24561,三重県,,南牟婁郡,御浜町,,6,1,083,尾鷲熊野,27,熊野川,要現行資料照合,未確認,2010-02-01,https://www.e-stat.go.jp/SG1/estat/Pdfdl.do?sinfid=000012449985,2010-02-01,https://www.e-stat.go.jp/SG1/estat/Pdfdl.do?sinfid=000012449985,false
24562,三重県,,南牟婁郡,紀宝町,,6,20,083,尾鷲熊野,27,熊野川,要現行資料照合,未確認,2010-02-01,https://www.e-stat.go.jp/SG1/estat/Pdfdl.do?sinfid=000012449985,2010-02-01,https://www.e-stat.go.jp/SG1/estat/Pdfdl.do?sinfid=000012449985,false
25201,滋賀県,,,大津市,,6,1,085,湖南,25,淀川,要現行資料照合,未確認,2010-02-01,https://www.e-stat.go.jp/SG1/estat/Pdfdl.do?sinfid=000012449985,2010-02-01,https://www.e-stat.go.jp/SG1/estat/Pdfdl.do?sinfid=000012449985,false
25202,滋賀県,,,彦根市,,6,1,084,湖北,25,淀川,要現行資料照合,未確認,2010-02-01,https://www.e-stat.go.jp/SG1/estat/Pdfdl.do?sinfid=000012449985,2010-02-01,https://www.e-stat.go.jp/SG1/estat/Pdfdl.do?sinfid=000012449985,false
25203,滋賀県,,,長浜市,,6,1,084,湖北,25,淀川,要現行資料照合,未確認,2010-02-01,https://www.e-stat.go.jp/SG1/estat/Pdfdl.do?sinfid=000012449985,2010-02-01,https://www.e-stat.go.jp/SG1/estat/Pdfdl.do?sinfid=000012449985,false
25204,滋賀県,,,近江八幡市,,6,1,085,湖南,25,淀川,要現行資料照合,未確認,2010-02-01,https://www.e-stat.go.jp/SG1/estat/Pdfdl.do?sinfid=000012449985,2010-02-01,https://www.e-stat.go.jp/SG1/estat/Pdfdl.do?sinfid=000012449985,false
25206,滋賀県,,,草津市,,6,1,085,湖南,25,淀川,要現行資料照合,未確認,2010-02-01,https://www.e-stat.go.jp/SG1/estat/Pdfdl.do?sinfid=000012449985,2010-02-01,https://www.e-stat.go.jp/SG1/estat/Pdfdl.do?sinfid=000012449985,false
25207,滋賀県,,,守山市,,6,1,085,湖南,25,淀川,要現行資料照合,未確認,2010-02-01,https://www.e-stat.go.jp/SG1/estat/Pdfdl.do?sinfid=000012449985,2010-02-01,https://www.e-stat.go.jp/SG1/estat/Pdfdl.do?sinfid=000012449985,false
25208,滋賀県,,,栗東市,,6,1,085,湖南,25,淀川,要現行資料照合,未確認,2010-02-01,https://www.e-stat.go.jp/SG1/estat/Pdfdl.do?sinfid=000012449985,2010-02-01,https://www.e-stat.go.jp/SG1/estat/Pdfdl.do?sinfid=000012449985,false
25209,滋賀県,,,甲賀市,,6,1,085,湖南,25,淀川,要現行資料照合,未確認,2010-02-01,https://www.e-stat.go.jp/SG1/estat/Pdfdl.do?sinfid=000012449985,2010-02-01,https://www.e-stat.go.jp/SG1/estat/Pdfdl.do?sinfid=000012449985,false
25210,滋賀県,,,野洲市,,6,1,085,湖南,25,淀川,要現行資料照合,未確認,2010-02-01,https://www.e-stat.go.jp/SG1/estat/Pdfdl.do?sinfid=000012449985,2010-02-01,https://www.e-stat.go.jp/SG1/estat/Pdfdl.do?sinfid=000012449985,false
25211,滋賀県,,,湖南市,,6,1,085,湖南,25,淀川,要現行資料照合,未確認,2010-02-01,https://www.e-stat.go.jp/SG1/estat/Pdfdl.do?sinfid=000012449985,2010-02-01,https://www.e-stat.go.jp/SG1/estat/Pdfdl.do?sinfid=000012449985,false
25212,滋賀県,,,高島市,,6,1,084,湖北,25,淀川,要現行資料照合,未確認,2010-02-01,https://www.e-stat.go.jp/SG1/estat/Pdfdl.do?sinfid=000012449985,2010-02-01,https://www.e-stat.go.jp/SG1/estat/Pdfdl.do?sinfid=000012449985,false
25213,滋賀県,,,東近江市,,6,1,085,湖南,25,淀川,要現行資料照合,未確認,2010-02-01,https://www.e-stat.go.jp/SG1/estat/Pdfdl.do?sinfid=000012449985,2010-02-01,https://www.e-stat.go.jp/SG1/estat/Pdfdl.do?sinfid=000012449985,false
25214,滋賀県,,,米原市,,6,1,084,湖北,25,淀川,要現行資料照合,未確認,2010-02-01,https://www.e-stat.go.jp/SG1/estat/Pdfdl.do?sinfid=000012449985,2010-02-01,https://www.e-stat.go.jp/SG1/estat/Pdfdl.do?sinfid=000012449985,false
25383,滋賀県,,蒲生郡,日野町,,6,1,085,湖南,25,淀川,要現行資料照合,未確認,2010-02-01,https://www.e-stat.go.jp/SG1/estat/Pdfdl.do?sinfid=000012449985,2010-02-01,https://www.e-stat.go.jp/SG1/estat/Pdfdl.do?sinfid=000012449985,false
25384,滋賀県,,蒲生郡,竜王町,,6,1,085,湖南,25,淀川,要現行資料照合,未確認,2010-02-01,https://www.e-stat.go.jp/SG1/estat/Pdfdl.do?sinfid=000012449985,2010-02-01,https://www.e-stat.go.jp/SG1/estat/Pdfdl.do?sinfid=000012449985,false
25425,滋賀県,,愛知郡,愛荘町,,6,1,084,湖北,25,淀川,要現行資料照合,未確認,2010-02-01,https://www.e-stat.go.jp/SG1/estat/Pdfdl.do?sinfid=000012449985,2010-02-01,https://www.e-stat.go.jp/SG1/estat/Pdfdl.do?sinfid=000012449985,false
25441,滋賀県,,犬上郡,豊郷町,,6,1,084,湖北,25,淀川,要現行資料照合,未確認,2010-02-01,https://www.e-stat.go.jp/SG1/estat/Pdfdl.do?sinfid=000012449985,2010-02-01,https://www.e-stat.go.jp/SG1/estat/Pdfdl.do?sinfid=000012449985,false
25442,滋賀県,,犬上郡,甲良町,,6,1,084,湖北,25,淀川,要現行資料照合,未確認,2010-02-01,https://www.e-stat.go.jp/SG1/estat/Pdfdl.do?sinfid=000012449985,2010-02-01,https://www.e-stat.go.jp/SG1/estat/Pdfdl.do?sinfid=000012449985,false
25443,滋賀県,,犬上郡,多賀町,,6,1,084,湖北,25,淀川,要現行資料照合,未確認,2010-02-01,https://www.e-stat.go.jp/SG1/estat/Pdfdl.do?sinfid=000012449985,2010-02-01,https://www.e-stat.go.jp/SG1/estat/Pdfdl.do?sinfid=000012449985,false
26101,京都府,,,京都市,北区,6,1,087,淀川上流,25,淀川,要現行資料照合,未確認,2010-02-01,https://www.e-stat.go.jp/SG1/estat/Pdfdl.do?sinfid=000012449985,2010-02-01,https://www.e-stat.go.jp/SG1/estat/Pdfdl.do?sinfid=000012449985,false
26102,京都府,,,京都市,上京区,6,1,087,淀川上流,25,淀川,要現行資料照合,未確認,2010-02-01,https://www.e-stat.go.jp/SG1/estat/Pdfdl.do?sinfid=000012449985,2010-02-01,https://www.e-stat.go.jp/SG1/estat/Pdfdl.do?sinfid=000012449985,false
26103,京都府,,,京都市,左京区,6,1,087,淀川上流,25,淀川,要現行資料照合,未確認,2010-02-01,https://www.e-stat.go.jp/SG1/estat/Pdfdl.do?sinfid=000012449985,2010-02-01,https://www.e-stat.go.jp/SG1/estat/Pdfdl.do?sinfid=000012449985,false
26104,京都府,,,京都市,中京区,6,1,087,淀川上流,25,淀川,要現行資料照合,未確認,2010-02-01,https://www.e-stat.go.jp/SG1/estat/Pdfdl.do?sinfid=000012449985,2010-02-01,https://www.e-stat.go.jp/SG1/estat/Pdfdl.do?sinfid=000012449985,false
26105,京都府,,,京都市,東山区,6,1,087,淀川上流,25,淀川,要現行資料照合,未確認,2010-02-01,https://www.e-stat.go.jp/SG1/estat/Pdfdl.do?sinfid=000012449985,2010-02-01,https://www.e-stat.go.jp/SG1/estat/Pdfdl.do?sinfid=000012449985,false
26106,京都府,,,京都市,下京区,6,1,087,淀川上流,25,淀川,要現行資料照合,未確認,2010-02-01,https://www.e-stat.go.jp/SG1/estat/Pdfdl.do?sinfid=000012449985,2010-02-01,https://www.e-stat.go.jp/SG1/estat/Pdfdl.do?sinfid=000012449985,false
26107,京都府,,,京都市,南区,6,1,087,淀川上流,25,淀川,要現行資料照合,未確認,2010-02-01,https://www.e-stat.go.jp/SG1/estat/Pdfdl.do?sinfid=000012449985,2010-02-01,https://www.e-stat.go.jp/SG1/estat/Pdfdl.do?sinfid=000012449985,false
26108,京都府,,,京都市,右京区,6,1,087,淀川上流,25,淀川,要現行資料照合,未確認,2010-02-01,https://www.e-stat.go.jp/SG1/estat/Pdfdl.do?sinfid=000012449985,2010-02-01,https://www.e-stat.go.jp/SG1/estat/Pdfdl.do?sinfid=000012449985,false
26109,京都府,,,京都市,伏見区,6,1,087,淀川上流,25,淀川,要現行資料照合,未確認,2010-02-01,https://www.e-stat.go.jp/SG1/estat/Pdfdl.do?sinfid=000012449985,2010-02-01,https://www.e-stat.go.jp/SG1/estat/Pdfdl.do?sinfid=000012449985,false
26110,京都府,,,京都市,山科区,6,1,087,淀川上流,25,淀川,要現行資料照合,未確認,2010-02-01,https://www.e-stat.go.jp/SG1/estat/Pdfdl.do?sinfid=000012449985,2010-02-01,https://www.e-stat.go.jp/SG1/estat/Pdfdl.do?sinfid=000012449985,false
26111,京都府,,,京都市,西京区,6,1,087,淀川上流,25,淀川,要現行資料照合,未確認,2010-02-01,https://www.e-stat.go.jp/SG1/estat/Pdfdl.do?sinfid=000012449985,2010-02-01,https://www.e-stat.go.jp/SG1/estat/Pdfdl.do?sinfid=000012449985,false
26201,京都府,,,福知山市,,6,1,086,由良川,24,由良川,要現行資料照合,未確認,2010-02-01,https://www.e-stat.go.jp/SG1/estat/Pdfdl.do?sinfid=000012449985,2010-02-01,https://www.e-stat.go.jp/SG1/estat/Pdfdl.do?sinfid=000012449985,false
26202,京都府,,,舞鶴市,,6,285,086,由良川,24,由良川,要現行資料照合,未確認,2010-02-01,https://www.e-stat.go.jp/SG1/estat/Pdfdl.do?sinfid=000012449985,2010-02-01,https://www.e-stat.go.jp/SG1/estat/Pdfdl.do?sinfid=000012449985,false
26203,京都府,,,綾部市,,6,1,086,由良川,24,由良川,要現行資料照合,未確認,2010-02-01,https://www.e-stat.go.jp/SG1/estat/Pdfdl.do?sinfid=000012449985,2010-02-01,https://www.e-stat.go.jp/SG1/estat/Pdfdl.do?sinfid=000012449985,false
26204,京都府,,,宇治市,,6,1,087,淀川上流,25,淀川,要現行資料照合,未確認,2010-02-01,https://www.e-stat.go.jp/SG1/estat/Pdfdl.do?sinfid=000012449985,2010-02-01,https://www.e-stat.go.jp/SG1/estat/Pdfdl.do?sinfid=000012449985,false
26205,京都府,,,宮津市,,6,54,086,由良川,24,由良川,要現行資料照合,未確認,2010-02-01,https://www.e-stat.go.jp/SG1/estat/Pdfdl.do?sinfid=000012449985,2010-02-01,https://www.e-stat.go.jp/SG1/estat/Pdfdl.do?sinfid=000012449985,false
26206,京都府,,,亀岡市,,6,1,087,淀川上流,25,淀川,要現行資料照合,未確認,2010-02-01,https://www.e-stat.go.jp/SG1/estat/Pdfdl.do?sinfid=000012449985,2010-02-01,https://www.e-stat.go.jp/SG1/estat/Pdfdl.do?sinfid=000012449985,false
26207,京都府,,,城陽市,,6,1,087,淀川上流,25,淀川,要現行資料照合,未確認,2010-02-01,https://www.e-stat.go.jp/SG1/estat/Pdfdl.do?sinfid=000012449985,2010-02-01,https://www.e-stat.go.jp/SG1/estat/Pdfdl.do?sinfid=000012449985,false
26208,京都府,,,向日市,,6,1,087,淀川上流,25,淀川,要現行資料照合,未確認,2010-02-01,https://www.e-stat.go.jp/SG1/estat/Pdfdl.do?sinfid=000012449985,2010-02-01,https://www.e-stat.go.jp/SG1/estat/Pdfdl.do?sinfid=000012449985,false
26209,京都府,,,長岡京市,,6,1,087,淀川上流,25,淀川,要現行資料照合,未確認,2010-02-01,https://www.e-stat.go.jp/SG1/estat/Pdfdl.do?sinfid=000012449985,2010-02-01,https://www.e-stat.go.jp/SG1/estat/Pdfdl.do?sinfid=000012449985,false
26210,京都府,,,八幡市,,6,5,087,淀川上流,25,淀川,要現行資料照合,未確認,2010-02-01,https://www.e-stat.go.jp/SG1/estat/Pdfdl.do?sinfid=000012449985,2010-02-01,https://www.e-stat.go.jp/SG1/estat/Pdfdl.do?sinfid=000012449985,false
26211,京都府,,,京田辺市,,6,1,087,淀川上流,25,淀川,要現行資料照合,未確認,2010-02-01,https://www.e-stat.go.jp/SG1/estat/Pdfdl.do?sinfid=000012449985,2010-02-01,https://www.e-stat.go.jp/SG1/estat/Pdfdl.do?sinfid=000012449985,false
26212,京都府,,,京丹後市,,6,496,086,由良川,24,由良川,要現行資料照合,未確認,2010-02-01,https://www.e-stat.go.jp/SG1/estat/Pdfdl.do?sinfid=000012449985,2010-02-01,https://www.e-stat.go.jp/SG1/estat/Pdfdl.do?sinfid=000012449985,false
26213,京都府,,,南丹市,,6,1,087,淀川上流,25,淀川,要現行資料照合,未確認,2010-02-01,https://www.e-stat.go.jp/SG1/estat/Pdfdl.do?sinfid=000012449985,2010-02-01,https://www.e-stat.go.jp/SG1/estat/Pdfdl.do?sinfid=000012449985,false
26214,京都府,,,木津川市,,6,1,087,淀川上流,25,淀川,要現行資料照合,未確認,2010-02-01,https://www.e-stat.go.jp/SG1/estat/Pdfdl.do?sinfid=000012449985,2010-02-01,https://www.e-stat.go.jp/SG1/estat/Pdfdl.do?sinfid=000012449985,false
26303,京都府,,乙訓郡,大山崎町,,6,1,087,淀川上流,25,淀川,要現行資料照合,未確認,2010-02-01,https://www.e-stat.go.jp/SG1/estat/Pdfdl.do?sinfid=000012449985,2010-02-01,https://www.e-stat.go.jp/SG1/estat/Pdfdl.do?sinfid=000012449985,false
26322,京都府,,久世郡,久御山町,,6,3,087,淀川上流,25,淀川,要現行資料照合,未確認,2010-02-01,https://www.e-stat.go.jp/SG1/estat/Pdfdl.do?sinfid=000012449985,2010-02-01,https://www.e-stat.go.jp/SG1/estat/Pdfdl.do?sinfid=000012449985,false
26343,京都府,,綴喜郡,井手町,,6,2,087,淀川上流,25,淀川,要現行資料照合,未確認,2010-02-01,https://www.e-stat.go.jp/SG1/estat/Pdfdl.do?sinfid=000012449985,2010-02-01,https://www.e-stat.go.jp/SG1/estat/Pdfdl.do?sinfid=000012449985,false
26344,京都府,,綴喜郡,宇治田原町,,6,1,087,淀川上流,25,淀川,要現行資料照合,未確認,2010-02-01,https://www.e-stat.go.jp/SG1/estat/Pdfdl.do?sinfid=000012449985,2010-02-01,https://www.e-stat.go.jp/SG1/estat/Pdfdl.do?sinfid=000012449985,false
26364,京都府,,相楽郡,笠置町,,6,2,087,淀川上流,25,淀川,要現行資料照合,未確認,2010-02-01,https://www.e-stat.go.jp/SG1/estat/Pdfdl.do?sinfid=000012449985,2010-02-01,https://www.e-stat.go.jp/SG1/estat/Pdfdl.do?sinfid=000012449985,false
26365,京都府,,相楽郡,和束町,,6,1,087,淀川上流,25,淀川,要現行資料照合,未確認,2010-02-01,https://www.e-stat.go.jp/SG1/estat/Pdfdl.do?sinfid=000012449985,2010-02-01,https://www.e-stat.go.jp/SG1/estat/Pdfdl.do?sinfid=000012449985,false
26366,京都府,,相楽郡,精華町,,6,1,087,淀川上流,25,淀川,要現行資料照合,未確認,2010-02-01,https://www.e-stat.go.jp/SG1/estat/Pdfdl.do?sinfid=000012449985,2010-02-01,https://www.e-stat.go.jp/SG1/estat/Pdfdl.do?sinfid=000012449985,false
26367,京都府,,相楽郡,南山城村,,6,1,087,淀川上流,25,淀川,要現行資料照合,未確認,2010-02-01,https://www.e-stat.go.jp/SG1/estat/Pdfdl.do?sinfid=000012449985,2010-02-01,https://www.e-stat.go.jp/SG1/estat/Pdfdl.do?sinfid=000012449985,false
26407,京都府,,船井郡,京丹波町,,6,1,086,由良川,24,由良川,要現行資料照合,未確認,2010-02-01,https://www.e-stat.go.jp/SG1/estat/Pdfdl.do?sinfid=000012449985,2010-02-01,https://www.e-stat.go.jp/SG1/estat/Pdfdl.do?sinfid=000012449985,false
26463,京都府,,与謝郡,伊根町,,6,124,086,由良川,24,由良川,要現行資料照合,未確認,2010-02-01,https://www.e-stat.go.jp/SG1/estat/Pdfdl.do?sinfid=000012449985,2010-02-01,https://www.e-stat.go.jp/SG1/estat/Pdfdl.do?sinfid=000012449985,false
26465,京都府,,与謝郡,与謝野町,,6,1,086,由良川,24,由良川,要現行資料照合,未確認,2010-02-01,https://www.e-stat.go.jp/SG1/estat/Pdfdl.do?sinfid=000012449985,2010-02-01,https://www.e-stat.go.jp/SG1/estat/Pdfdl.do?sinfid=000012449985,false
27102,大阪府,,,大阪市,都島区,6,1,088,大阪,25,淀川,要現行資料照合,未確認,2010-02-01,https://www.e-stat.go.jp/SG1/estat/Pdfdl.do?sinfid=000012449985,2010-02-01,https://www.e-stat.go.jp/SG1/estat/Pdfdl.do?sinfid=000012449985,false
27103,大阪府,,,大阪市,福島区,6,1,088,大阪,25,淀川,要現行資料照合,未確認,2010-02-01,https://www.e-stat.go.jp/SG1/estat/Pdfdl.do?sinfid=000012449985,2010-02-01,https://www.e-stat.go.jp/SG1/estat/Pdfdl.do?sinfid=000012449985,false
27104,大阪府,,,大阪市,此花区,6,9,088,大阪,25,淀川,要現行資料照合,未確認,2010-02-01,https://www.e-stat.go.jp/SG1/estat/Pdfdl.do?sinfid=000012449985,2010-02-01,https://www.e-stat.go.jp/SG1/estat/Pdfdl.do?sinfid=000012449985,false
27106,大阪府,,,大阪市,西区,6,1,088,大阪,25,淀川,要現行資料照合,未確認,2010-02-01,https://www.e-stat.go.jp/SG1/estat/Pdfdl.do?sinfid=000012449985,2010-02-01,https://www.e-stat.go.jp/SG1/estat/Pdfdl.do?sinfid=000012449985,false
27107,大阪府,,,大阪市,港区,6,3,088,大阪,25,淀川,要現行資料照合,未確認,2010-02-01,https://www.e-stat.go.jp/SG1/estat/Pdfdl.do?sinfid=000012449985,2010-02-01,https://www.e-stat.go.jp/SG1/estat/Pdfdl.do?sinfid=000012449985,false
27108,大阪府,,,大阪市,大正区,6,2,088,大阪,25,淀川,要現行資料照合,未確認,2010-02-01,https://www.e-stat.go.jp/SG1/estat/Pdfdl.do?sinfid=000012449985,2010-02-01,https://www.e-stat.go.jp/SG1/estat/Pdfdl.do?sinfid=000012449985,false
27109,大阪府,,,大阪市,天王寺区,6,1,088,大阪,25,淀川,要現行資料照合,未確認,2010-02-01,https://www.e-stat.go.jp/SG1/estat/Pdfdl.do?sinfid=000012449985,2010-02-01,https://www.e-stat.go.jp/SG1/estat/Pdfdl.do?sinfid=000012449985,false
27111,大阪府,,,大阪市,浪速区,6,1,088,大阪,25,淀川,要現行資料照合,未確認,2010-02-01,https://www.e-stat.go.jp/SG1/estat/Pdfdl.do?sinfid=000012449985,2010-02-01,https://www.e-stat.go.jp/SG1/estat/Pdfdl.do?sinfid=000012449985,false
27113,大阪府,,,大阪市,西淀川区,6,1,088,大阪,25,淀川,要現行資料照合,未確認,2010-02-01,https://www.e-stat.go.jp/SG1/estat/Pdfdl.do?sinfid=000012449985,2010-02-01,https://www.e-stat.go.jp/SG1/estat/Pdfdl.do?sinfid=000012449985,false
27114,大阪府,,,大阪市,東淀川区,6,1,088,大阪,25,淀川,要現行資料照合,未確認,2010-02-01,https://www.e-stat.go.jp/SG1/estat/Pdfdl.do?sinfid=000012449985,2010-02-01,https://www.e-stat.go.jp/SG1/estat/Pdfdl.do?sinfid=000012449985,false
27115,大阪府,,,大阪市,東成区,6,1,088,大阪,25,淀川,要現行資料照合,未確認,2010-02-01,https://www.e-stat.go.jp/SG1/estat/Pdfdl.do?sinfid=000012449985,2010-02-01,https://www.e-stat.go.jp/SG1/estat/Pdfdl.do?sinfid=000012449985,false
27116,大阪府,,,大阪市,生野区,6,1,088,大阪,25,淀川,要現行資料照合,未確認,2010-02-01,https://www.e-stat.go.jp/SG1/estat/Pdfdl.do?sinfid=000012449985,2010-02-01,https://www.e-stat.go.jp/SG1/estat/Pdfdl.do?sinfid=000012449985,false
27117,大阪府,,,大阪市,旭区,6,1,088,大阪,25,淀川,要現行資料照合,未確認,2010-02-01,https://www.e-stat.go.jp/SG1/estat/Pdfdl.do?sinfid=000012449985,2010-02-01,https://www.e-stat.go.jp/SG1/estat/Pdfdl.do?sinfid=000012449985,false
27118,大阪府,,,大阪市,城東区,6,1,088,大阪,25,淀川,要現行資料照合,未確認,2010-02-01,https://www.e-stat.go.jp/SG1/estat/Pdfdl.do?sinfid=000012449985,2010-02-01,https://www.e-stat.go.jp/SG1/estat/Pdfdl.do?sinfid=000012449985,false
27119,大阪府,,,大阪市,阿倍野区,6,1,088,大阪,25,淀川,要現行資料照合,未確認,2010-02-01,https://www.e-stat.go.jp/SG1/estat/Pdfdl.do?sinfid=000012449985,2010-02-01,https://www.e-stat.go.jp/SG1/estat/Pdfdl.do?sinfid=000012449985,false
27120,大阪府,,,大阪市,住吉区,6,1,088,大阪,25,淀川,要現行資料照合,未確認,2010-02-01,https://www.e-stat.go.jp/SG1/estat/Pdfdl.do?sinfid=000012449985,2010-02-01,https://www.e-stat.go.jp/SG1/estat/Pdfdl.do?sinfid=000012449985,false
27121,大阪府,,,大阪市,東住吉区,6,1,088,大阪,25,淀川,要現行資料照合,未確認,2010-02-01,https://www.e-stat.go.jp/SG1/estat/Pdfdl.do?sinfid=000012449985,2010-02-01,https://www.e-stat.go.jp/SG1/estat/Pdfdl.do?sinfid=000012449985,false
27122,大阪府,,,大阪市,西成区,6,1,088,大阪,25,淀川,要現行資料照合,未確認,2010-02-01,https://www.e-stat.go.jp/SG1/estat/Pdfdl.do?sinfid=000012449985,2010-02-01,https://www.e-stat.go.jp/SG1/estat/Pdfdl.do?sinfid=000012449985,false
27123,大阪府,,,大阪市,淀川区,6,1,088,大阪,25,淀川,要現行資料照合,未確認,2010-02-01,https://www.e-stat.go.jp/SG1/estat/Pdfdl.do?sinfid=000012449985,2010-02-01,https://www.e-stat.go.jp/SG1/estat/Pdfdl.do?sinfid=000012449985,false
27124,大阪府,,,大阪市,鶴見区,6,1,088,大阪,25,淀川,要現行資料照合,未確認,2010-02-01,https://www.e-stat.go.jp/SG1/estat/Pdfdl.do?sinfid=000012449985,2010-02-01,https://www.e-stat.go.jp/SG1/estat/Pdfdl.do?sinfid=000012449985,false
27125,大阪府,,,大阪市,住之江区,6,5,088,大阪,25,淀川,要現行資料照合,未確認,2010-02-01,https://www.e-stat.go.jp/SG1/estat/Pdfdl.do?sinfid=000012449985,2010-02-01,https://www.e-stat.go.jp/SG1/estat/Pdfdl.do?sinfid=000012449985,false
27126,大阪府,,,大阪市,平野区,6,1,088,大阪,25,淀川,要現行資料照合,未確認,2010-02-01,https://www.e-stat.go.jp/SG1/estat/Pdfdl.do?sinfid=000012449985,2010-02-01,https://www.e-stat.go.jp/SG1/estat/Pdfdl.do?sinfid=000012449985,false
27127,大阪府,,,大阪市,北区,6,1,088,大阪,25,淀川,要現行資料照合,未確認,2010-02-01,https://www.e-stat.go.jp/SG1/estat/Pdfdl.do?sinfid=000012449985,2010-02-01,https://www.e-stat.go.jp/SG1/estat/Pdfdl.do?sinfid=000012449985,false
27128,大阪府,,,大阪市,中央区,6,1,088,大阪,25,淀川,要現行資料照合,未確認,2010-02-01,https://www.e-stat.go.jp/SG1/estat/Pdfdl.do?sinfid=000012449985,2010-02-01,https://www.e-stat.go.jp/SG1/estat/Pdfdl.do?sinfid=000012449985,false
27141,大阪府,,,堺市,堺区,6,4,088,大阪,25,淀川,要現行資料照合,未確認,2010-02-01,https://www.e-stat.go.jp/SG1/estat/Pdfdl.do?sinfid=000012449985,2010-02-01,https://www.e-stat.go.jp/SG1/estat/Pdfdl.do?sinfid=000012449985,false
27142,大阪府,,,堺市,中区,6,1,088,大阪,25,淀川,要現行資料照合,未確認,2010-02-01,https://www.e-stat.go.jp/SG1/estat/Pdfdl.do?sinfid=000012449985,2010-02-01,https://www.e-stat.go.jp/SG1/estat/Pdfdl.do?sinfid=000012449985,false
27143,大阪府,,,堺市,東区,6,1,088,大阪,25,淀川,要現行資料照合,未確認,2010-02-01,https://www.e-stat.go.jp/SG1/estat/Pdfdl.do?sinfid=000012449985,2010-02-01,https://www.e-stat.go.jp/SG1/estat/Pdfdl.do?sinfid=000012449985,false
27144,大阪府,,,堺市,西区,6,8,088,大阪,25,淀川,要現行資料照合,未確認,2010-02-01,https://www.e-stat.go.jp/SG1/estat/Pdfdl.do?sinfid=000012449985,2010-02-01,https://www.e-stat.go.jp/SG1/estat/Pdfdl.do?sinfid=000012449985,false
27145,大阪府,,,堺市,南区,6,1,088,大阪,25,淀川,要現行資料照合,未確認,2010-02-01,https://www.e-stat.go.jp/SG1/estat/Pdfdl.do?sinfid=000012449985,2010-02-01,https://www.e-stat.go.jp/SG1/estat/Pdfdl.do?sinfid=000012449985,false
27146,大阪府,,,堺市,北区,6,1,088,大阪,25,淀川,要現行資料照合,未確認,2010-02-01,https://www.e-stat.go.jp/SG1/estat/Pdfdl.do?sinfid=000012449985,2010-02-01,https://www.e-stat.go.jp/SG1/estat/Pdfdl.do?sinfid=000012449985,false
27147,大阪府,,,堺市,美原区,6,1,088,大阪,25,淀川,要現行資料照合,未確認,2010-02-01,https://www.e-stat.go.jp/SG1/estat/Pdfdl.do?sinfid=000012449985,2010-02-01,https://www.e-stat.go.jp/SG1/estat/Pdfdl.do?sinfid=000012449985,false
27202,大阪府,,,岸和田市,,6,8,088,大阪,25,淀川,要現行資料照合,未確認,2010-02-01,https://www.e-stat.go.jp/SG1/estat/Pdfdl.do?sinfid=000012449985,2010-02-01,https://www.e-stat.go.jp/SG1/estat/Pdfdl.do?sinfid=000012449985,false
27203,大阪府,,,豊中市,,6,2,088,大阪,25,淀川,要現行資料照合,未確認,2010-02-01,https://www.e-stat.go.jp/SG1/estat/Pdfdl.do?sinfid=000012449985,2010-02-01,https://www.e-stat.go.jp/SG1/estat/Pdfdl.do?sinfid=000012449985,false
27204,大阪府,,,池田市,,6,1,088,大阪,25,淀川,要現行資料照合,未確認,2010-02-01,https://www.e-stat.go.jp/SG1/estat/Pdfdl.do?sinfid=000012449985,2010-02-01,https://www.e-stat.go.jp/SG1/estat/Pdfdl.do?sinfid=000012449985,false
27205,大阪府,,,吹田市,,6,1,088,大阪,25,淀川,要現行資料照合,未確認,2010-02-01,https://www.e-stat.go.jp/SG1/estat/Pdfdl.do?sinfid=000012449985,2010-02-01,https://www.e-stat.go.jp/SG1/estat/Pdfdl.do?sinfid=000012449985,false
27206,大阪府,,,泉大津市,,6,2,088,大阪,25,淀川,要現行資料照合,未確認,2010-02-01,https://www.e-stat.go.jp/SG1/estat/Pdfdl.do?sinfid=000012449985,2010-02-01,https://www.e-stat.go.jp/SG1/estat/Pdfdl.do?sinfid=000012449985,false
27207,大阪府,,,高槻市,,6,1,088,大阪,25,淀川,要現行資料照合,未確認,2010-02-01,https://www.e-stat.go.jp/SG1/estat/Pdfdl.do?sinfid=000012449985,2010-02-01,https://www.e-stat.go.jp/SG1/estat/Pdfdl.do?sinfid=000012449985,false
27208,大阪府,,,貝塚市,,6,4,088,大阪,25,淀川,要現行資料照合,未確認,2010-02-01,https://www.e-stat.go.jp/SG1/estat/Pdfdl.do?sinfid=000012449985,2010-02-01,https://www.e-stat.go.jp/SG1/estat/Pdfdl.do?sinfid=000012449985,false
27209,大阪府,,,守口市,,6,1,088,大阪,25,淀川,要現行資料照合,未確認,2010-02-01,https://www.e-stat.go.jp/SG1/estat/Pdfdl.do?sinfid=000012449985,2010-02-01,https://www.e-stat.go.jp/SG1/estat/Pdfdl.do?sinfid=000012449985,false
27210,大阪府,,,枚方市,,6,1,088,大阪,25,淀川,要現行資料照合,未確認,2010-02-01,https://www.e-stat.go.jp/SG1/estat/Pdfdl.do?sinfid=000012449985,2010-02-01,https://www.e-stat.go.jp/SG1/estat/Pdfdl.do?sinfid=000012449985,false
27211,大阪府,,,茨木市,,6,2,088,大阪,25,淀川,要現行資料照合,未確認,2010-02-01,https://www.e-stat.go.jp/SG1/estat/Pdfdl.do?sinfid=000012449985,2010-02-01,https://www.e-stat.go.jp/SG1/estat/Pdfdl.do?sinfid=000012449985,false
27212,大阪府,,,八尾市,,6,1,088,大阪,25,淀川,要現行資料照合,未確認,2010-02-01,https://www.e-stat.go.jp/SG1/estat/Pdfdl.do?sinfid=000012449985,2010-02-01,https://www.e-stat.go.jp/SG1/estat/Pdfdl.do?sinfid=000012449985,false
27213,大阪府,,,泉佐野市,,6,8,088,大阪,25,淀川,要現行資料照合,未確認,2010-02-01,https://www.e-stat.go.jp/SG1/estat/Pdfdl.do?sinfid=000012449985,2010-02-01,https://www.e-stat.go.jp/SG1/estat/Pdfdl.do?sinfid=000012449985,false
27214,大阪府,,,富田林市,,6,1,088,大阪,25,淀川,要現行資料照合,未確認,2010-02-01,https://www.e-stat.go.jp/SG1/estat/Pdfdl.do?sinfid=000012449985,2010-02-01,https://www.e-stat.go.jp/SG1/estat/Pdfdl.do?sinfid=000012449985,false
27215,大阪府,,,寝屋川市,,6,3,088,大阪,25,淀川,要現行資料照合,未確認,2010-02-01,https://www.e-stat.go.jp/SG1/estat/Pdfdl.do?sinfid=000012449985,2010-02-01,https://www.e-stat.go.jp/SG1/estat/Pdfdl.do?sinfid=000012449985,false
27216,大阪府,,,河内長野市,,6,1,088,大阪,25,淀川,要現行資料照合,未確認,2010-02-01,https://www.e-stat.go.jp/SG1/estat/Pdfdl.do?sinfid=000012449985,2010-02-01,https://www.e-stat.go.jp/SG1/estat/Pdfdl.do?sinfid=000012449985,false
27217,大阪府,,,松原市,,6,1,088,大阪,25,淀川,要現行資料照合,未確認,2010-02-01,https://www.e-stat.go.jp/SG1/estat/Pdfdl.do?sinfid=000012449985,2010-02-01,https://www.e-stat.go.jp/SG1/estat/Pdfdl.do?sinfid=000012449985,false
27218,大阪府,,,大東市,,6,1,088,大阪,25,淀川,要現行資料照合,未確認,2010-02-01,https://www.e-stat.go.jp/SG1/estat/Pdfdl.do?sinfid=000012449985,2010-02-01,https://www.e-stat.go.jp/SG1/estat/Pdfdl.do?sinfid=000012449985,false
27219,大阪府,,,和泉市,,6,2,088,大阪,25,淀川,要現行資料照合,未確認,2010-02-01,https://www.e-stat.go.jp/SG1/estat/Pdfdl.do?sinfid=000012449985,2010-02-01,https://www.e-stat.go.jp/SG1/estat/Pdfdl.do?sinfid=000012449985,false
27220,大阪府,,,箕面市,,6,1,088,大阪,25,淀川,要現行資料照合,未確認,2010-02-01,https://www.e-stat.go.jp/SG1/estat/Pdfdl.do?sinfid=000012449985,2010-02-01,https://www.e-stat.go.jp/SG1/estat/Pdfdl.do?sinfid=000012449985,false
27221,大阪府,,,柏原市,,6,1,088,大阪,25,淀川,要現行資料照合,未確認,2010-02-01,https://www.e-stat.go.jp/SG1/estat/Pdfdl.do?sinfid=000012449985,2010-02-01,https://www.e-stat.go.jp/SG1/estat/Pdfdl.do?sinfid=000012449985,false
27222,大阪府,,,羽曳野市,,6,2,088,大阪,25,淀川,要現行資料照合,未確認,2010-02-01,https://www.e-stat.go.jp/SG1/estat/Pdfdl.do?sinfid=000012449985,2010-02-01,https://www.e-stat.go.jp/SG1/estat/Pdfdl.do?sinfid=000012449985,false
27223,大阪府,,,門真市,,6,1,088,大阪,25,淀川,要現行資料照合,未確認,2010-02-01,https://www.e-stat.go.jp/SG1/estat/Pdfdl.do?sinfid=000012449985,2010-02-01,https://www.e-stat.go.jp/SG1/estat/Pdfdl.do?sinfid=000012449985,false
27224,大阪府,,,摂津市,,6,2,088,大阪,25,淀川,要現行資料照合,未確認,2010-02-01,https://www.e-stat.go.jp/SG1/estat/Pdfdl.do?sinfid=000012449985,2010-02-01,https://www.e-stat.go.jp/SG1/estat/Pdfdl.do?sinfid=000012449985,false
27225,大阪府,,,高石市,,6,3,088,大阪,25,淀川,要現行資料照合,未確認,2010-02-01,https://www.e-stat.go.jp/SG1/estat/Pdfdl.do?sinfid=000012449985,2010-02-01,https://www.e-stat.go.jp/SG1/estat/Pdfdl.do?sinfid=000012449985,false
27226,大阪府,,,藤井寺市,,6,1,088,大阪,25,淀川,要現行資料照合,未確認,2010-02-01,https://www.e-stat.go.jp/SG1/estat/Pdfdl.do?sinfid=000012449985,2010-02-01,https://www.e-stat.go.jp/SG1/estat/Pdfdl.do?sinfid=000012449985,false
27227,大阪府,,,東大阪市,,6,1,088,大阪,25,淀川,要現行資料照合,未確認,2010-02-01,https://www.e-stat.go.jp/SG1/estat/Pdfdl.do?sinfid=000012449985,2010-02-01,https://www.e-stat.go.jp/SG1/estat/Pdfdl.do?sinfid=000012449985,false
27228,大阪府,,,泉南市,,6,3,088,大阪,25,淀川,要現行資料照合,未確認,2010-02-01,https://www.e-stat.go.jp/SG1/estat/Pdfdl.do?sinfid=000012449985,2010-02-01,https://www.e-stat.go.jp/SG1/estat/Pdfdl.do?sinfid=000012449985,false
27229,大阪府,,,四條畷市,,6,2,088,大阪,25,淀川,要現行資料照合,未確認,2010-02-01,https://www.e-stat.go.jp/SG1/estat/Pdfdl.do?sinfid=000012449985,2010-02-01,https://www.e-stat.go.jp/SG1/estat/Pdfdl.do?sinfid=000012449985,false
27230,大阪府,,,交野市,,6,1,088,大阪,25,淀川,要現行資料照合,未確認,2010-02-01,https://www.e-stat.go.jp/SG1/estat/Pdfdl.do?sinfid=000012449985,2010-02-01,https://www.e-stat.go.jp/SG1/estat/Pdfdl.do?sinfid=000012449985,false
27231,大阪府,,,大阪狭山市,,6,1,088,大阪,25,淀川,要現行資料照合,未確認,2010-02-01,https://www.e-stat.go.jp/SG1/estat/Pdfdl.do?sinfid=000012449985,2010-02-01,https://www.e-stat.go.jp/SG1/estat/Pdfdl.do?sinfid=000012449985,false
27232,大阪府,,,阪南市,,6,15,088,大阪,25,淀川,要現行資料照合,未確認,2010-02-01,https://www.e-stat.go.jp/SG1/estat/Pdfdl.do?sinfid=000012449985,2010-02-01,https://www.e-stat.go.jp/SG1/estat/Pdfdl.do?sinfid=000012449985,false
27301,大阪府,,三島郡,島本町,,6,1,088,大阪,25,淀川,要現行資料照合,未確認,2010-02-01,https://www.e-stat.go.jp/SG1/estat/Pdfdl.do?sinfid=000012449985,2010-02-01,https://www.e-stat.go.jp/SG1/estat/Pdfdl.do?sinfid=000012449985,false
27321,大阪府,,豊能郡,豊能町,,6,1,088,大阪,25,淀川,要現行資料照合,未確認,2010-02-01,https://www.e-stat.go.jp/SG1/estat/Pdfdl.do?sinfid=000012449985,2010-02-01,https://www.e-stat.go.jp/SG1/estat/Pdfdl.do?sinfid=000012449985,false
27322,大阪府,,豊能郡,能勢町,,6,1,088,大阪,25,淀川,要現行資料照合,未確認,2010-02-01,https://www.e-stat.go.jp/SG1/estat/Pdfdl.do?sinfid=000012449985,2010-02-01,https://www.e-stat.go.jp/SG1/estat/Pdfdl.do?sinfid=000012449985,false
27341,大阪府,,泉北郡,忠岡町,,6,1,088,大阪,25,淀川,要現行資料照合,未確認,2010-02-01,https://www.e-stat.go.jp/SG1/estat/Pdfdl.do?sinfid=000012449985,2010-02-01,https://www.e-stat.go.jp/SG1/estat/Pdfdl.do?sinfid=000012449985,false
27361,大阪府,,泉南郡,熊取町,,6,1,088,大阪,25,淀川,要現行資料照合,未確認,2010-02-01,https://www.e-stat.go.jp/SG1/estat/Pdfdl.do?sinfid=000012449985,2010-02-01,https://www.e-stat.go.jp/SG1/estat/Pdfdl.do?sinfid=000012449985,false
27362,大阪府,,泉南郡,田尻町,,6,2,088,大阪,25,淀川,要現行資料照合,未確認,2010-02-01,https://www.e-stat.go.jp/SG1/estat/Pdfdl.do?sinfid=000012449985,2010-02-01,https://www.e-stat.go.jp/SG1/estat/Pdfdl.do?sinfid=000012449985,false
27366,大阪府,,泉南郡,岬町,,6,14,088,大阪,25,淀川,要現行資料照合,未確認,2010-02-01,https://www.e-stat.go.jp/SG1/estat/Pdfdl.do?sinfid=000012449985,2010-02-01,https://www.e-stat.go.jp/SG1/estat/Pdfdl.do?sinfid=000012449985,false
27381,大阪府,,南河内郡,太子町,,6,1,088,大阪,25,淀川,要現行資料照合,未確認,2010-02-01,https://www.e-stat.go.jp/SG1/estat/Pdfdl.do?sinfid=000012449985,2010-02-01,https://www.e-stat.go.jp/SG1/estat/Pdfdl.do?sinfid=000012449985,false
27382,大阪府,,南河内郡,河南町,,6,3,088,大阪,25,淀川,要現行資料照合,未確認,2010-02-01,https://www.e-stat.go.jp/SG1/estat/Pdfdl.do?sinfid=000012449985,2010-02-01,https://www.e-stat.go.jp/SG1/estat/Pdfdl.do?sinfid=000012449985,false
27383,大阪府,,南河内郡,千早赤阪村,,6,1,088,大阪,25,淀川,要現行資料照合,未確認,2010-02-01,https://www.e-stat.go.jp/SG1/estat/Pdfdl.do?sinfid=000012449985,2010-02-01,https://www.e-stat.go.jp/SG1/estat/Pdfdl.do?sinfid=000012449985,false
28101,兵庫県,,,神戸市,東灘区,5,5,089,加古川,29,加古川,要現行資料照合,未確認,2010-02-01,https://www.e-stat.go.jp/SG1/estat/Pdfdl.do?sinfid=000012449985,2010-02-01,https://www.e-stat.go.jp/SG1/estat/Pdfdl.do?sinfid=000012449985,false
28102,兵庫県,,,神戸市,灘区,5,17,089,加古川,29,加古川,要現行資料照合,未確認,2010-02-01,https://www.e-stat.go.jp/SG1/estat/Pdfdl.do?sinfid=000012449985,2010-02-01,https://www.e-stat.go.jp/SG1/estat/Pdfdl.do?sinfid=000012449985,false
28105,兵庫県,,,神戸市,兵庫区,5,4,089,加古川,29,加古川,要現行資料照合,未確認,2010-02-01,https://www.e-stat.go.jp/SG1/estat/Pdfdl.do?sinfid=000012449985,2010-02-01,https://www.e-stat.go.jp/SG1/estat/Pdfdl.do?sinfid=000012449985,false
28106,兵庫県,,,神戸市,長田区,5,1,089,加古川,29,加古川,要現行資料照合,未確認,2010-02-01,https://www.e-stat.go.jp/SG1/estat/Pdfdl.do?sinfid=000012449985,2010-02-01,https://www.e-stat.go.jp/SG1/estat/Pdfdl.do?sinfid=000012449985,false
28107,兵庫県,,,神戸市,須磨区,5,12,089,加古川,29,加古川,要現行資料照合,未確認,2010-02-01,https://www.e-stat.go.jp/SG1/estat/Pdfdl.do?sinfid=000012449985,2010-02-01,https://www.e-stat.go.jp/SG1/estat/Pdfdl.do?sinfid=000012449985,false
28108,兵庫県,,,神戸市,垂水区,5,6,089,加古川,29,加古川,要現行資料照合,未確認,2010-02-01,https://www.e-stat.go.jp/SG1/estat/Pdfdl.do?sinfid=000012449985,2010-02-01,https://www.e-stat.go.jp/SG1/estat/Pdfdl.do?sinfid=000012449985,false
28109,兵庫県,,,神戸市,北区,5,1,089,加古川,29,加古川,要現行資料照合,未確認,2010-02-01,https://www.e-stat.go.jp/SG1/estat/Pdfdl.do?sinfid=000012449985,2010-02-01,https://www.e-stat.go.jp/SG1/estat/Pdfdl.do?sinfid=000012449985,false
28110,兵庫県,,,神戸市,中央区,5,16,089,加古川,29,加古川,要現行資料照合,未確認,2010-02-01,https://www.e-stat.go.jp/SG1/estat/Pdfdl.do?sinfid=000012449985,2010-02-01,https://www.e-stat.go.jp/SG1/estat/Pdfdl.do?sinfid=000012449985,false
28111,兵庫県,,,神戸市,西区,5,1,089,加古川,29,加古川,要現行資料照合,未確認,2010-02-01,https://www.e-stat.go.jp/SG1/estat/Pdfdl.do?sinfid=000012449985,2010-02-01,https://www.e-stat.go.jp/SG1/estat/Pdfdl.do?sinfid=000012449985,false
28201,兵庫県,,,姫路市,,5,111,090,揖保川,29,加古川,要現行資料照合,未確認,2010-02-01,https://www.e-stat.go.jp/SG1/estat/Pdfdl.do?sinfid=000012449985,2010-02-01,https://www.e-stat.go.jp/SG1/estat/Pdfdl.do?sinfid=000012449985,false
28202,兵庫県,,,尼崎市,,5,1,089,加古川,29,加古川,要現行資料照合,未確認,2010-02-01,https://www.e-stat.go.jp/SG1/estat/Pdfdl.do?sinfid=000012449985,2010-02-01,https://www.e-stat.go.jp/SG1/estat/Pdfdl.do?sinfid=000012449985,false
28203,兵庫県,,,明石市,,5,12,089,加古川,29,加古川,要現行資料照合,未確認,2010-02-01,https://www.e-stat.go.jp/SG1/estat/Pdfdl.do?sinfid=000012449985,2010-02-01,https://www.e-stat.go.jp/SG1/estat/Pdfdl.do?sinfid=000012449985,false
28204,兵庫県,,,西宮市,,5,8,089,加古川,29,加古川,要現行資料照合,未確認,2010-02-01,https://www.e-stat.go.jp/SG1/estat/Pdfdl.do?sinfid=000012449985,2010-02-01,https://www.e-stat.go.jp/SG1/estat/Pdfdl.do?sinfid=000012449985,false
28205,兵庫県,,,洲本市,,5,72,089,加古川,29,加古川,要現行資料照合,未確認,2010-02-01,https://www.e-stat.go.jp/SG1/estat/Pdfdl.do?sinfid=000012449985,2010-02-01,https://www.e-stat.go.jp/SG1/estat/Pdfdl.do?sinfid=000012449985,false
28206,兵庫県,,,芦屋市,,5,2,089,加古川,29,加古川,要現行資料照合,未確認,2010-02-01,https://www.e-stat.go.jp/SG1/estat/Pdfdl.do?sinfid=000012449985,2010-02-01,https://www.e-stat.go.jp/SG1/estat/Pdfdl.do?sinfid=000012449985,false
28207,兵庫県,,,伊丹市,,5,1,089,加古川,29,加古川,要現行資料照合,未確認,2010-02-01,https://www.e-stat.go.jp/SG1/estat/Pdfdl.do?sinfid=000012449985,2010-02-01,https://www.e-stat.go.jp/SG1/estat/Pdfdl.do?sinfid=000012449985,false
28208,兵庫県,,,相生市,,5,18,090,揖保川,29,加古川,要現行資料照合,未確認,2010-02-01,https://www.e-stat.go.jp/SG1/estat/Pdfdl.do?sinfid=000012449985,2010-02-01,https://www.e-stat.go.jp/SG1/estat/Pdfdl.do?sinfid=000012449985,false
28209,兵庫県,,,豊岡市,,5,457,091,円山川,31,円山・千代川,要現行資料照合,未確認,2010-02-01,https://www.e-stat.go.jp/SG1/estat/Pdfdl.do?sinfid=000012449985,2010-02-01,https://www.e-stat.go.jp/SG1/estat/Pdfdl.do?sinfid=000012449985,false
28210,兵庫県,,,加古川市,,5,5,089,加古川,29,加古川,要現行資料照合,未確認,2010-02-01,https://www.e-stat.go.jp/SG1/estat/Pdfdl.do?sinfid=000012449985,2010-02-01,https://www.e-stat.go.jp/SG1/estat/Pdfdl.do?sinfid=000012449985,false
28212,兵庫県,,,赤穂市,,5,121,090,揖保川,29,加古川,要現行資料照合,未確認,2010-02-01,https://www.e-stat.go.jp/SG1/estat/Pdfdl.do?sinfid=000012449985,2010-02-01,https://www.e-stat.go.jp/SG1/estat/Pdfdl.do?sinfid=000012449985,false
28213,兵庫県,,,西脇市,,5,1,089,加古川,29,加古川,要現行資料照合,未確認,2010-02-01,https://www.e-stat.go.jp/SG1/estat/Pdfdl.do?sinfid=000012449985,2010-02-01,https://www.e-stat.go.jp/SG1/estat/Pdfdl.do?sinfid=000012449985,false
28214,兵庫県,,,宝塚市,,5,1,089,加古川,29,加古川,要現行資料照合,未確認,2010-02-01,https://www.e-stat.go.jp/SG1/estat/Pdfdl.do?sinfid=000012449985,2010-02-01,https://www.e-stat.go.jp/SG1/estat/Pdfdl.do?sinfid=000012449985,false
28215,兵庫県,,,三木市,,5,1,089,加古川,29,加古川,要現行資料照合,未確認,2010-02-01,https://www.e-stat.go.jp/SG1/estat/Pdfdl.do?sinfid=000012449985,2010-02-01,https://www.e-stat.go.jp/SG1/estat/Pdfdl.do?sinfid=000012449985,false
28216,兵庫県,,,高砂市,,5,3,089,加古川,29,加古川,要現行資料照合,未確認,2010-02-01,https://www.e-stat.go.jp/SG1/estat/Pdfdl.do?sinfid=000012449985,2010-02-01,https://www.e-stat.go.jp/SG1/estat/Pdfdl.do?sinfid=000012449985,false
28217,兵庫県,,,川西市,,5,2,089,加古川,29,加古川,要現行資料照合,未確認,2010-02-01,https://www.e-stat.go.jp/SG1/estat/Pdfdl.do?sinfid=000012449985,2010-02-01,https://www.e-stat.go.jp/SG1/estat/Pdfdl.do?sinfid=000012449985,false
28218,兵庫県,,,小野市,,5,1,089,加古川,29,加古川,要現行資料照合,未確認,2010-02-01,https://www.e-stat.go.jp/SG1/estat/Pdfdl.do?sinfid=000012449985,2010-02-01,https://www.e-stat.go.jp/SG1/estat/Pdfdl.do?sinfid=000012449985,false
28219,兵庫県,,,三田市,,5,1,089,加古川,29,加古川,要現行資料照合,未確認,2010-02-01,https://www.e-stat.go.jp/SG1/estat/Pdfdl.do?sinfid=000012449985,2010-02-01,https://www.e-stat.go.jp/SG1/estat/Pdfdl.do?sinfid=000012449985,false
28220,兵庫県,,,加西市,,5,1,089,加古川,29,加古川,要現行資料照合,未確認,2010-02-01,https://www.e-stat.go.jp/SG1/estat/Pdfdl.do?sinfid=000012449985,2010-02-01,https://www.e-stat.go.jp/SG1/estat/Pdfdl.do?sinfid=000012449985,false
28221,兵庫県,,,丹波篠山市,,5,1,,,,,未対応・要調査,未確認,2010-02-01,https://www.e-stat.go.jp/SG1/estat/Pdfdl.do?sinfid=000012449985,2010-02-01,https://www.e-stat.go.jp/SG1/estat/Pdfdl.do?sinfid=000012449985,false
28222,兵庫県,,,養父市,,5,1,091,円山川,31,円山・千代川,要現行資料照合,未確認,2010-02-01,https://www.e-stat.go.jp/SG1/estat/Pdfdl.do?sinfid=000012449985,2010-02-01,https://www.e-stat.go.jp/SG1/estat/Pdfdl.do?sinfid=000012449985,false
28223,兵庫県,,,丹波市,,5,1,089,加古川,29,加古川,要現行資料照合,未確認,2010-02-01,https://www.e-stat.go.jp/SG1/estat/Pdfdl.do?sinfid=000012449985,2010-02-01,https://www.e-stat.go.jp/SG1/estat/Pdfdl.do?sinfid=000012449985,false
28224,兵庫県,,,南あわじ市,,5,196,089,加古川,29,加古川,要現行資料照合,未確認,2010-02-01,https://www.e-stat.go.jp/SG1/estat/Pdfdl.do?sinfid=000012449985,2010-02-01,https://www.e-stat.go.jp/SG1/estat/Pdfdl.do?sinfid=000012449985,false
28225,兵庫県,,,朝来市,,5,1,091,円山川,31,円山・千代川,要現行資料照合,未確認,2010-02-01,https://www.e-stat.go.jp/SG1/estat/Pdfdl.do?sinfid=000012449985,2010-02-01,https://www.e-stat.go.jp/SG1/estat/Pdfdl.do?sinfid=000012449985,false
28226,兵庫県,,,淡路市,,5,67,089,加古川,29,加古川,要現行資料照合,未確認,2010-02-01,https://www.e-stat.go.jp/SG1/estat/Pdfdl.do?sinfid=000012449985,2010-02-01,https://www.e-stat.go.jp/SG1/estat/Pdfdl.do?sinfid=000012449985,false
28227,兵庫県,,,宍粟市,,5,1,090,揖保川,29,加古川,要現行資料照合,未確認,2010-02-01,https://www.e-stat.go.jp/SG1/estat/Pdfdl.do?sinfid=000012449985,2010-02-01,https://www.e-stat.go.jp/SG1/estat/Pdfdl.do?sinfid=000012449985,false
28228,兵庫県,,,加東市,,5,1,089,加古川,29,加古川,要現行資料照合,未確認,2010-02-01,https://www.e-stat.go.jp/SG1/estat/Pdfdl.do?sinfid=000012449985,2010-02-01,https://www.e-stat.go.jp/SG1/estat/Pdfdl.do?sinfid=000012449985,false
28229,兵庫県,,,たつの市,,5,34,090,揖保川,29,加古川,要現行資料照合,未確認,2010-02-01,https://www.e-stat.go.jp/SG1/estat/Pdfdl.do?sinfid=000012449985,2010-02-01,https://www.e-stat.go.jp/SG1/estat/Pdfdl.do?sinfid=000012449985,false
28301,兵庫県,,川辺郡,猪名川町,,5,1,089,加古川,29,加古川,要現行資料照合,未確認,2010-02-01,https://www.e-stat.go.jp/SG1/estat/Pdfdl.do?sinfid=000012449985,2010-02-01,https://www.e-stat.go.jp/SG1/estat/Pdfdl.do?sinfid=000012449985,false
28365,兵庫県,,多可郡,多可町,,5,1,089,加古川,29,加古川,要現行資料照合,未確認,2010-02-01,https://www.e-stat.go.jp/SG1/estat/Pdfdl.do?sinfid=000012449985,2010-02-01,https://www.e-stat.go.jp/SG1/estat/Pdfdl.do?sinfid=000012449985,false
28381,兵庫県,,加古郡,稲美町,,5,1,089,加古川,29,加古川,要現行資料照合,未確認,2010-02-01,https://www.e-stat.go.jp/SG1/estat/Pdfdl.do?sinfid=000012449985,2010-02-01,https://www.e-stat.go.jp/SG1/estat/Pdfdl.do?sinfid=000012449985,false
28382,兵庫県,,加古郡,播磨町,,5,4,089,加古川,29,加古川,要現行資料照合,未確認,2010-02-01,https://www.e-stat.go.jp/SG1/estat/Pdfdl.do?sinfid=000012449985,2010-02-01,https://www.e-stat.go.jp/SG1/estat/Pdfdl.do?sinfid=000012449985,false
28442,兵庫県,,神崎郡,市川町,,5,1,090,揖保川,29,加古川,要現行資料照合,未確認,2010-02-01,https://www.e-stat.go.jp/SG1/estat/Pdfdl.do?sinfid=000012449985,2010-02-01,https://www.e-stat.go.jp/SG1/estat/Pdfdl.do?sinfid=000012449985,false
28443,兵庫県,,神崎郡,福崎町,,5,1,090,揖保川,29,加古川,要現行資料照合,未確認,2010-02-01,https://www.e-stat.go.jp/SG1/estat/Pdfdl.do?sinfid=000012449985,2010-02-01,https://www.e-stat.go.jp/SG1/estat/Pdfdl.do?sinfid=000012449985,false
28446,兵庫県,,神崎郡,神河町,,5,1,090,揖保川,29,加古川,要現行資料照合,未確認,2010-02-01,https://www.e-stat.go.jp/SG1/estat/Pdfdl.do?sinfid=000012449985,2010-02-01,https://www.e-stat.go.jp/SG1/estat/Pdfdl.do?sinfid=000012449985,false
28464,兵庫県,,揖保郡,太子町,,5,1,090,揖保川,29,加古川,要現行資料照合,未確認,2010-02-01,https://www.e-stat.go.jp/SG1/estat/Pdfdl.do?sinfid=000012449985,2010-02-01,https://www.e-stat.go.jp/SG1/estat/Pdfdl.do?sinfid=000012449985,false
28481,兵庫県,,赤穂郡,上郡町,,5,1,090,揖保川,29,加古川,要現行資料照合,未確認,2010-02-01,https://www.e-stat.go.jp/SG1/estat/Pdfdl.do?sinfid=000012449985,2010-02-01,https://www.e-stat.go.jp/SG1/estat/Pdfdl.do?sinfid=000012449985,false
28501,兵庫県,,佐用郡,佐用町,,5,1,090,揖保川,29,加古川,要現行資料照合,未確認,2010-02-01,https://www.e-stat.go.jp/SG1/estat/Pdfdl.do?sinfid=000012449985,2010-02-01,https://www.e-stat.go.jp/SG1/estat/Pdfdl.do?sinfid=000012449985,false
28585,兵庫県,,美方郡,香美町,,5,680,091,円山川,31,円山・千代川,要現行資料照合,未確認,2010-02-01,https://www.e-stat.go.jp/SG1/estat/Pdfdl.do?sinfid=000012449985,2010-02-01,https://www.e-stat.go.jp/SG1/estat/Pdfdl.do?sinfid=000012449985,false
28586,兵庫県,,美方郡,新温泉町,,5,288,091,円山川,31,円山・千代川,要現行資料照合,未確認,2010-02-01,https://www.e-stat.go.jp/SG1/estat/Pdfdl.do?sinfid=000012449985,2010-02-01,https://www.e-stat.go.jp/SG1/estat/Pdfdl.do?sinfid=000012449985,false
29201,奈良県,,,奈良市,,6,1,092,大和・木津川,25,淀川,要現行資料照合,未確認,2010-02-01,https://www.e-stat.go.jp/SG1/estat/Pdfdl.do?sinfid=000012449985,2010-02-01,https://www.e-stat.go.jp/SG1/estat/Pdfdl.do?sinfid=000012449985,false
29202,奈良県,,,大和高田市,,6,1,092,大和・木津川,25,淀川,要現行資料照合,未確認,2010-02-01,https://www.e-stat.go.jp/SG1/estat/Pdfdl.do?sinfid=000012449985,2010-02-01,https://www.e-stat.go.jp/SG1/estat/Pdfdl.do?sinfid=000012449985,false
29203,奈良県,,,大和郡山市,,6,1,092,大和・木津川,25,淀川,要現行資料照合,未確認,2010-02-01,https://www.e-stat.go.jp/SG1/estat/Pdfdl.do?sinfid=000012449985,2010-02-01,https://www.e-stat.go.jp/SG1/estat/Pdfdl.do?sinfid=000012449985,false
29204,奈良県,,,天理市,,6,1,092,大和・木津川,25,淀川,要現行資料照合,未確認,2010-02-01,https://www.e-stat.go.jp/SG1/estat/Pdfdl.do?sinfid=000012449985,2010-02-01,https://www.e-stat.go.jp/SG1/estat/Pdfdl.do?sinfid=000012449985,false
29205,奈良県,,,橿原市,,6,1,092,大和・木津川,25,淀川,要現行資料照合,未確認,2010-02-01,https://www.e-stat.go.jp/SG1/estat/Pdfdl.do?sinfid=000012449985,2010-02-01,https://www.e-stat.go.jp/SG1/estat/Pdfdl.do?sinfid=000012449985,false
29206,奈良県,,,桜井市,,6,1,092,大和・木津川,25,淀川,要現行資料照合,未確認,2010-02-01,https://www.e-stat.go.jp/SG1/estat/Pdfdl.do?sinfid=000012449985,2010-02-01,https://www.e-stat.go.jp/SG1/estat/Pdfdl.do?sinfid=000012449985,false
29207,奈良県,,,五條市,,6,1,094,吉野,28,紀ノ川,要現行資料照合,未確認,2010-02-01,https://www.e-stat.go.jp/SG1/estat/Pdfdl.do?sinfid=000012449985,2010-02-01,https://www.e-stat.go.jp/SG1/estat/Pdfdl.do?sinfid=000012449985,false
29208,奈良県,,,御所市,,6,1,092,大和・木津川,25,淀川,要現行資料照合,未確認,2010-02-01,https://www.e-stat.go.jp/SG1/estat/Pdfdl.do?sinfid=000012449985,2010-02-01,https://www.e-stat.go.jp/SG1/estat/Pdfdl.do?sinfid=000012449985,false
29209,奈良県,,,生駒市,,6,1,092,大和・木津川,25,淀川,要現行資料照合,未確認,2010-02-01,https://www.e-stat.go.jp/SG1/estat/Pdfdl.do?sinfid=000012449985,2010-02-01,https://www.e-stat.go.jp/SG1/estat/Pdfdl.do?sinfid=000012449985,false
29210,奈良県,,,香芝市,,6,1,092,大和・木津川,25,淀川,要現行資料照合,未確認,2010-02-01,https://www.e-stat.go.jp/SG1/estat/Pdfdl.do?sinfid=000012449985,2010-02-01,https://www.e-stat.go.jp/SG1/estat/Pdfdl.do?sinfid=000012449985,false
29211,奈良県,,,葛城市,,6,1,092,大和・木津川,25,淀川,要現行資料照合,未確認,2010-02-01,https://www.e-stat.go.jp/SG1/estat/Pdfdl.do?sinfid=000012449985,2010-02-01,https://www.e-stat.go.jp/SG1/estat/Pdfdl.do?sinfid=000012449985,false
29212,奈良県,,,宇陀市,,6,1,092,大和・木津川,25,淀川,要現行資料照合,未確認,2010-02-01,https://www.e-stat.go.jp/SG1/estat/Pdfdl.do?sinfid=000012449985,2010-02-01,https://www.e-stat.go.jp/SG1/estat/Pdfdl.do?sinfid=000012449985,false
29322,奈良県,,山辺郡,山添村,,6,1,092,大和・木津川,25,淀川,要現行資料照合,未確認,2010-02-01,https://www.e-stat.go.jp/SG1/estat/Pdfdl.do?sinfid=000012449985,2010-02-01,https://www.e-stat.go.jp/SG1/estat/Pdfdl.do?sinfid=000012449985,false
29342,奈良県,,生駒郡,平群町,,6,1,092,大和・木津川,25,淀川,要現行資料照合,未確認,2010-02-01,https://www.e-stat.go.jp/SG1/estat/Pdfdl.do?sinfid=000012449985,2010-02-01,https://www.e-stat.go.jp/SG1/estat/Pdfdl.do?sinfid=000012449985,false
29343,奈良県,,生駒郡,三郷町,,6,1,092,大和・木津川,25,淀川,要現行資料照合,未確認,2010-02-01,https://www.e-stat.go.jp/SG1/estat/Pdfdl.do?sinfid=000012449985,2010-02-01,https://www.e-stat.go.jp/SG1/estat/Pdfdl.do?sinfid=000012449985,false
29344,奈良県,,生駒郡,斑鳩町,,6,1,092,大和・木津川,25,淀川,要現行資料照合,未確認,2010-02-01,https://www.e-stat.go.jp/SG1/estat/Pdfdl.do?sinfid=000012449985,2010-02-01,https://www.e-stat.go.jp/SG1/estat/Pdfdl.do?sinfid=000012449985,false
29345,奈良県,,生駒郡,安堵町,,6,1,092,大和・木津川,25,淀川,要現行資料照合,未確認,2010-02-01,https://www.e-stat.go.jp/SG1/estat/Pdfdl.do?sinfid=000012449985,2010-02-01,https://www.e-stat.go.jp/SG1/estat/Pdfdl.do?sinfid=000012449985,false
29361,奈良県,,磯城郡,川西町,,6,1,092,大和・木津川,25,淀川,要現行資料照合,未確認,2010-02-01,https://www.e-stat.go.jp/SG1/estat/Pdfdl.do?sinfid=000012449985,2010-02-01,https://www.e-stat.go.jp/SG1/estat/Pdfdl.do?sinfid=000012449985,false
29362,奈良県,,磯城郡,三宅町,,6,1,092,大和・木津川,25,淀川,要現行資料照合,未確認,2010-02-01,https://www.e-stat.go.jp/SG1/estat/Pdfdl.do?sinfid=000012449985,2010-02-01,https://www.e-stat.go.jp/SG1/estat/Pdfdl.do?sinfid=000012449985,false
29363,奈良県,,磯城郡,田原本町,,6,1,092,大和・木津川,25,淀川,要現行資料照合,未確認,2010-02-01,https://www.e-stat.go.jp/SG1/estat/Pdfdl.do?sinfid=000012449985,2010-02-01,https://www.e-stat.go.jp/SG1/estat/Pdfdl.do?sinfid=000012449985,false
29385,奈良県,,宇陀郡,曽爾村,,6,1,092,大和・木津川,25,淀川,要現行資料照合,未確認,2010-02-01,https://www.e-stat.go.jp/SG1/estat/Pdfdl.do?sinfid=000012449985,2010-02-01,https://www.e-stat.go.jp/SG1/estat/Pdfdl.do?sinfid=000012449985,false
29386,奈良県,,宇陀郡,御杖村,,6,1,092,大和・木津川,25,淀川,要現行資料照合,未確認,2010-02-01,https://www.e-stat.go.jp/SG1/estat/Pdfdl.do?sinfid=000012449985,2010-02-01,https://www.e-stat.go.jp/SG1/estat/Pdfdl.do?sinfid=000012449985,false
29401,奈良県,,高市郡,高取町,,6,1,092,大和・木津川,25,淀川,要現行資料照合,未確認,2010-02-01,https://www.e-stat.go.jp/SG1/estat/Pdfdl.do?sinfid=000012449985,2010-02-01,https://www.e-stat.go.jp/SG1/estat/Pdfdl.do?sinfid=000012449985,false
29402,奈良県,,高市郡,明日香村,,6,1,092,大和・木津川,25,淀川,要現行資料照合,未確認,2010-02-01,https://www.e-stat.go.jp/SG1/estat/Pdfdl.do?sinfid=000012449985,2010-02-01,https://www.e-stat.go.jp/SG1/estat/Pdfdl.do?sinfid=000012449985,false
29424,奈良県,,北葛城郡,上牧町,,6,1,092,大和・木津川,25,淀川,要現行資料照合,未確認,2010-02-01,https://www.e-stat.go.jp/SG1/estat/Pdfdl.do?sinfid=000012449985,2010-02-01,https://www.e-stat.go.jp/SG1/estat/Pdfdl.do?sinfid=000012449985,false
29425,奈良県,,北葛城郡,王寺町,,6,1,092,大和・木津川,25,淀川,要現行資料照合,未確認,2010-02-01,https://www.e-stat.go.jp/SG1/estat/Pdfdl.do?sinfid=000012449985,2010-02-01,https://www.e-stat.go.jp/SG1/estat/Pdfdl.do?sinfid=000012449985,false
29426,奈良県,,北葛城郡,広陵町,,6,1,092,大和・木津川,25,淀川,要現行資料照合,未確認,2010-02-01,https://www.e-stat.go.jp/SG1/estat/Pdfdl.do?sinfid=000012449985,2010-02-01,https://www.e-stat.go.jp/SG1/estat/Pdfdl.do?sinfid=000012449985,false
29427,奈良県,,北葛城郡,河合町,,6,2,092,大和・木津川,25,淀川,要現行資料照合,未確認,2010-02-01,https://www.e-stat.go.jp/SG1/estat/Pdfdl.do?sinfid=000012449985,2010-02-01,https://www.e-stat.go.jp/SG1/estat/Pdfdl.do?sinfid=000012449985,false
29441,奈良県,,吉野郡,吉野町,,6,1,094,吉野,28,紀ノ川,要現行資料照合,未確認,2010-02-01,https://www.e-stat.go.jp/SG1/estat/Pdfdl.do?sinfid=000012449985,2010-02-01,https://www.e-stat.go.jp/SG1/estat/Pdfdl.do?sinfid=000012449985,false
29442,奈良県,,吉野郡,大淀町,,6,1,094,吉野,28,紀ノ川,要現行資料照合,未確認,2010-02-01,https://www.e-stat.go.jp/SG1/estat/Pdfdl.do?sinfid=000012449985,2010-02-01,https://www.e-stat.go.jp/SG1/estat/Pdfdl.do?sinfid=000012449985,false
29443,奈良県,,吉野郡,下市町,,6,1,094,吉野,28,紀ノ川,要現行資料照合,未確認,2010-02-01,https://www.e-stat.go.jp/SG1/estat/Pdfdl.do?sinfid=000012449985,2010-02-01,https://www.e-stat.go.jp/SG1/estat/Pdfdl.do?sinfid=000012449985,false
29444,奈良県,,吉野郡,黒滝村,,6,1,094,吉野,28,紀ノ川,要現行資料照合,未確認,2010-02-01,https://www.e-stat.go.jp/SG1/estat/Pdfdl.do?sinfid=000012449985,2010-02-01,https://www.e-stat.go.jp/SG1/estat/Pdfdl.do?sinfid=000012449985,false
29446,奈良県,,吉野郡,天川村,,6,1,093,北山・十津川,27,熊野川,要現行資料照合,未確認,2010-02-01,https://www.e-stat.go.jp/SG1/estat/Pdfdl.do?sinfid=000012449985,2010-02-01,https://www.e-stat.go.jp/SG1/estat/Pdfdl.do?sinfid=000012449985,false
29447,奈良県,,吉野郡,野迫川村,,6,1,093,北山・十津川,27,熊野川,要現行資料照合,未確認,2010-02-01,https://www.e-stat.go.jp/SG1/estat/Pdfdl.do?sinfid=000012449985,2010-02-01,https://www.e-stat.go.jp/SG1/estat/Pdfdl.do?sinfid=000012449985,false
29449,奈良県,,吉野郡,十津川村,,6,1,093,北山・十津川,27,熊野川,要現行資料照合,未確認,2010-02-01,https://www.e-stat.go.jp/SG1/estat/Pdfdl.do?sinfid=000012449985,2010-02-01,https://www.e-stat.go.jp/SG1/estat/Pdfdl.do?sinfid=000012449985,false
29450,奈良県,,吉野郡,下北山村,,6,1,093,北山・十津川,27,熊野川,要現行資料照合,未確認,2010-02-01,https://www.e-stat.go.jp/SG1/estat/Pdfdl.do?sinfid=000012449985,2010-02-01,https://www.e-stat.go.jp/SG1/estat/Pdfdl.do?sinfid=000012449985,false
29451,奈良県,,吉野郡,上北山村,,6,1,093,北山・十津川,27,熊野川,要現行資料照合,未確認,2010-02-01,https://www.e-stat.go.jp/SG1/estat/Pdfdl.do?sinfid=000012449985,2010-02-01,https://www.e-stat.go.jp/SG1/estat/Pdfdl.do?sinfid=000012449985,false
29452,奈良県,,吉野郡,川上村,,6,1,094,吉野,28,紀ノ川,要現行資料照合,未確認,2010-02-01,https://www.e-stat.go.jp/SG1/estat/Pdfdl.do?sinfid=000012449985,2010-02-01,https://www.e-stat.go.jp/SG1/estat/Pdfdl.do?sinfid=000012449985,false
29453,奈良県,,吉野郡,東吉野村,,6,1,094,吉野,28,紀ノ川,要現行資料照合,未確認,2010-02-01,https://www.e-stat.go.jp/SG1/estat/Pdfdl.do?sinfid=000012449985,2010-02-01,https://www.e-stat.go.jp/SG1/estat/Pdfdl.do?sinfid=000012449985,false
30000,和歌山県,,,所属未定地,,6,1,,,,,未対応・要調査,未確認,2010-02-01,https://www.e-stat.go.jp/SG1/estat/Pdfdl.do?sinfid=000012449985,2010-02-01,https://www.e-stat.go.jp/SG1/estat/Pdfdl.do?sinfid=000012449985,false
30201,和歌山県,,,和歌山市,,6,460,096,紀北,28,紀ノ川,要現行資料照合,未確認,2010-02-01,https://www.e-stat.go.jp/SG1/estat/Pdfdl.do?sinfid=000012449985,2010-02-01,https://www.e-stat.go.jp/SG1/estat/Pdfdl.do?sinfid=000012449985,false
30202,和歌山県,,,海南市,,6,9,096,紀北,28,紀ノ川,要現行資料照合,未確認,2010-02-01,https://www.e-stat.go.jp/SG1/estat/Pdfdl.do?sinfid=000012449985,2010-02-01,https://www.e-stat.go.jp/SG1/estat/Pdfdl.do?sinfid=000012449985,false
30203,和歌山県,,,橋本市,,6,3,096,紀北,28,紀ノ川,要現行資料照合,未確認,2010-02-01,https://www.e-stat.go.jp/SG1/estat/Pdfdl.do?sinfid=000012449985,2010-02-01,https://www.e-stat.go.jp/SG1/estat/Pdfdl.do?sinfid=000012449985,false
30204,和歌山県,,,有田市,,6,313,097,紀中,28,紀ノ川,要現行資料照合,未確認,2010-02-01,https://www.e-stat.go.jp/SG1/estat/Pdfdl.do?sinfid=000012449985,2010-02-01,https://www.e-stat.go.jp/SG1/estat/Pdfdl.do?sinfid=000012449985,false
30205,和歌山県,,,御坊市,,6,57,097,紀中,28,紀ノ川,要現行資料照合,未確認,2010-02-01,https://www.e-stat.go.jp/SG1/estat/Pdfdl.do?sinfid=000012449985,2010-02-01,https://www.e-stat.go.jp/SG1/estat/Pdfdl.do?sinfid=000012449985,false
30206,和歌山県,,,田辺市,,6,35,095,紀南,27,熊野川,要現行資料照合,未確認,2010-02-01,https://www.e-stat.go.jp/SG1/estat/Pdfdl.do?sinfid=000012449985,2010-02-01,https://www.e-stat.go.jp/SG1/estat/Pdfdl.do?sinfid=000012449985,false
30207,和歌山県,,,新宮市,,6,61,095,紀南,27,熊野川,要現行資料照合,未確認,2010-02-01,https://www.e-stat.go.jp/SG1/estat/Pdfdl.do?sinfid=000012449985,2010-02-01,https://www.e-stat.go.jp/SG1/estat/Pdfdl.do?sinfid=000012449985,false
30208,和歌山県,,,紀の川市,,6,1,096,紀北,28,紀ノ川,要現行資料照合,未確認,2010-02-01,https://www.e-stat.go.jp/SG1/estat/Pdfdl.do?sinfid=000012449985,2010-02-01,https://www.e-stat.go.jp/SG1/estat/Pdfdl.do?sinfid=000012449985,false
30209,和歌山県,,,岩出市,,6,1,096,紀北,28,紀ノ川,要現行資料照合,未確認,2010-02-01,https://www.e-stat.go.jp/SG1/estat/Pdfdl.do?sinfid=000012449985,2010-02-01,https://www.e-stat.go.jp/SG1/estat/Pdfdl.do?sinfid=000012449985,false
30304,和歌山県,,海草郡,紀美野町,,6,1,096,紀北,28,紀ノ川,要現行資料照合,未確認,2010-02-01,https://www.e-stat.go.jp/SG1/estat/Pdfdl.do?sinfid=000012449985,2010-02-01,https://www.e-stat.go.jp/SG1/estat/Pdfdl.do?sinfid=000012449985,false
30341,和歌山県,,伊都郡,かつらぎ町,,6,1,096,紀北,28,紀ノ川,要現行資料照合,未確認,2010-02-01,https://www.e-stat.go.jp/SG1/estat/Pdfdl.do?sinfid=000012449985,2010-02-01,https://www.e-stat.go.jp/SG1/estat/Pdfdl.do?sinfid=000012449985,false
30343,和歌山県,,伊都郡,九度山町,,6,1,096,紀北,28,紀ノ川,要現行資料照合,未確認,2010-02-01,https://www.e-stat.go.jp/SG1/estat/Pdfdl.do?sinfid=000012449985,2010-02-01,https://www.e-stat.go.jp/SG1/estat/Pdfdl.do?sinfid=000012449985,false
30344,和歌山県,,伊都郡,高野町,,6,1,096,紀北,28,紀ノ川,要現行資料照合,未確認,2010-02-01,https://www.e-stat.go.jp/SG1/estat/Pdfdl.do?sinfid=000012449985,2010-02-01,https://www.e-stat.go.jp/SG1/estat/Pdfdl.do?sinfid=000012449985,false
30361,和歌山県,,有田郡,湯浅町,,6,47,097,紀中,28,紀ノ川,要現行資料照合,未確認,2010-02-01,https://www.e-stat.go.jp/SG1/estat/Pdfdl.do?sinfid=000012449985,2010-02-01,https://www.e-stat.go.jp/SG1/estat/Pdfdl.do?sinfid=000012449985,false
30362,和歌山県,,有田郡,広川町,,6,17,097,紀中,28,紀ノ川,要現行資料照合,未確認,2010-02-01,https://www.e-stat.go.jp/SG1/estat/Pdfdl.do?sinfid=000012449985,2010-02-01,https://www.e-stat.go.jp/SG1/estat/Pdfdl.do?sinfid=000012449985,false
30366,和歌山県,,有田郡,有田川町,,6,1,097,紀中,28,紀ノ川,要現行資料照合,未確認,2010-02-01,https://www.e-stat.go.jp/SG1/estat/Pdfdl.do?sinfid=000012449985,2010-02-01,https://www.e-stat.go.jp/SG1/estat/Pdfdl.do?sinfid=000012449985,false
30381,和歌山県,,日高郡,美浜町,,6,37,097,紀中,28,紀ノ川,要現行資料照合,未確認,2010-02-01,https://www.e-stat.go.jp/SG1/estat/Pdfdl.do?sinfid=000012449985,2010-02-01,https://www.e-stat.go.jp/SG1/estat/Pdfdl.do?sinfid=000012449985,false
30382,和歌山県,,日高郡,日高町,,6,144,097,紀中,28,紀ノ川,要現行資料照合,未確認,2010-02-01,https://www.e-stat.go.jp/SG1/estat/Pdfdl.do?sinfid=000012449985,2010-02-01,https://www.e-stat.go.jp/SG1/estat/Pdfdl.do?sinfid=000012449985,false
30383,和歌山県,,日高郡,由良町,,6,191,097,紀中,28,紀ノ川,要現行資料照合,未確認,2010-02-01,https://www.e-stat.go.jp/SG1/estat/Pdfdl.do?sinfid=000012449985,2010-02-01,https://www.e-stat.go.jp/SG1/estat/Pdfdl.do?sinfid=000012449985,false
30390,和歌山県,,日高郡,印南町,,6,3,097,紀中,28,紀ノ川,要現行資料照合,未確認,2010-02-01,https://www.e-stat.go.jp/SG1/estat/Pdfdl.do?sinfid=000012449985,2010-02-01,https://www.e-stat.go.jp/SG1/estat/Pdfdl.do?sinfid=000012449985,false
30391,和歌山県,,日高郡,みなべ町,,6,34,097,紀中,28,紀ノ川,要現行資料照合,未確認,2010-02-01,https://www.e-stat.go.jp/SG1/estat/Pdfdl.do?sinfid=000012449985,2010-02-01,https://www.e-stat.go.jp/SG1/estat/Pdfdl.do?sinfid=000012449985,false
30392,和歌山県,,日高郡,日高川町,,6,1,097,紀中,28,紀ノ川,要現行資料照合,未確認,2010-02-01,https://www.e-stat.go.jp/SG1/estat/Pdfdl.do?sinfid=000012449985,2010-02-01,https://www.e-stat.go.jp/SG1/estat/Pdfdl.do?sinfid=000012449985,false
30401,和歌山県,,西牟婁郡,白浜町,,6,174,095,紀南,27,熊野川,要現行資料照合,未確認,2010-02-01,https://www.e-stat.go.jp/SG1/estat/Pdfdl.do?sinfid=000012449985,2010-02-01,https://www.e-stat.go.jp/SG1/estat/Pdfdl.do?sinfid=000012449985,false
30404,和歌山県,,西牟婁郡,上富田町,,6,1,095,紀南,27,熊野川,要現行資料照合,未確認,2010-02-01,https://www.e-stat.go.jp/SG1/estat/Pdfdl.do?sinfid=000012449985,2010-02-01,https://www.e-stat.go.jp/SG1/estat/Pdfdl.do?sinfid=000012449985,false
30406,和歌山県,,西牟婁郡,すさみ町,,6,458,095,紀南,27,熊野川,要現行資料照合,未確認,2010-02-01,https://www.e-stat.go.jp/SG1/estat/Pdfdl.do?sinfid=000012449985,2010-02-01,https://www.e-stat.go.jp/SG1/estat/Pdfdl.do?sinfid=000012449985,false
30421,和歌山県,,東牟婁郡,那智勝浦町,,6,980,095,紀南,27,熊野川,要現行資料照合,未確認,2010-02-01,https://www.e-stat.go.jp/SG1/estat/Pdfdl.do?sinfid=000012449985,2010-02-01,https://www.e-stat.go.jp/SG1/estat/Pdfdl.do?sinfid=000012449985,false
30422,和歌山県,,東牟婁郡,太地町,,6,140,095,紀南,27,熊野川,要現行資料照合,未確認,2010-02-01,https://www.e-stat.go.jp/SG1/estat/Pdfdl.do?sinfid=000012449985,2010-02-01,https://www.e-stat.go.jp/SG1/estat/Pdfdl.do?sinfid=000012449985,false
30424,和歌山県,,東牟婁郡,古座川町,,6,1,095,紀南,27,熊野川,要現行資料照合,未確認,2010-02-01,https://www.e-stat.go.jp/SG1/estat/Pdfdl.do?sinfid=000012449985,2010-02-01,https://www.e-stat.go.jp/SG1/estat/Pdfdl.do?sinfid=000012449985,false
30427,和歌山県,,東牟婁郡,北山村,,6,1,095,紀南,27,熊野川,要現行資料照合,未確認,2010-02-01,https://www.e-stat.go.jp/SG1/estat/Pdfdl.do?sinfid=000012449985,2010-02-01,https://www.e-stat.go.jp/SG1/estat/Pdfdl.do?sinfid=000012449985,false
30428,和歌山県,,東牟婁郡,串本町,,6,934,095,紀南,27,熊野川,要現行資料照合,未確認,2010-02-01,https://www.e-stat.go.jp/SG1/estat/Pdfdl.do?sinfid=000012449985,2010-02-01,https://www.e-stat.go.jp/SG1/estat/Pdfdl.do?sinfid=000012449985,false
31201,鳥取県,,,鳥取市,,5,42,100,千代川,31,円山・千代川,要現行資料照合,未確認,2010-02-01,https://www.e-stat.go.jp/SG1/estat/Pdfdl.do?sinfid=000012449985,2010-02-01,https://www.e-stat.go.jp/SG1/estat/Pdfdl.do?sinfid=000012449985,false
31202,鳥取県,,,米子市,,5,5,098,日野川,31,円山・千代川,要現行資料照合,未確認,2010-02-01,https://www.e-stat.go.jp/SG1/estat/Pdfdl.do?sinfid=000012449985,2010-02-01,https://www.e-stat.go.jp/SG1/estat/Pdfdl.do?sinfid=000012449985,false
31203,鳥取県,,,倉吉市,,5,1,099,天神川,31,円山・千代川,要現行資料照合,未確認,2010-02-01,https://www.e-stat.go.jp/SG1/estat/Pdfdl.do?sinfid=000012449985,2010-02-01,https://www.e-stat.go.jp/SG1/estat/Pdfdl.do?sinfid=000012449985,false
31204,鳥取県,,,境港市,,5,5,098,日野川,31,円山・千代川,要現行資料照合,未確認,2010-02-01,https://www.e-stat.go.jp/SG1/estat/Pdfdl.do?sinfid=000012449985,2010-02-01,https://www.e-stat.go.jp/SG1/estat/Pdfdl.do?sinfid=000012449985,false
31302,鳥取県,,岩美郡,岩美町,,5,524,100,千代川,31,円山・千代川,要現行資料照合,未確認,2010-02-01,https://www.e-stat.go.jp/SG1/estat/Pdfdl.do?sinfid=000012449985,2010-02-01,https://www.e-stat.go.jp/SG1/estat/Pdfdl.do?sinfid=000012449985,false
31325,鳥取県,,八頭郡,若桜町,,5,1,100,千代川,31,円山・千代川,要現行資料照合,未確認,2010-02-01,https://www.e-stat.go.jp/SG1/estat/Pdfdl.do?sinfid=000012449985,2010-02-01,https://www.e-stat.go.jp/SG1/estat/Pdfdl.do?sinfid=000012449985,false
31328,鳥取県,,八頭郡,智頭町,,5,1,100,千代川,31,円山・千代川,要現行資料照合,未確認,2010-02-01,https://www.e-stat.go.jp/SG1/estat/Pdfdl.do?sinfid=000012449985,2010-02-01,https://www.e-stat.go.jp/SG1/estat/Pdfdl.do?sinfid=000012449985,false
31329,鳥取県,,八頭郡,八頭町,,5,1,100,千代川,31,円山・千代川,要現行資料照合,未確認,2010-02-01,https://www.e-stat.go.jp/SG1/estat/Pdfdl.do?sinfid=000012449985,2010-02-01,https://www.e-stat.go.jp/SG1/estat/Pdfdl.do?sinfid=000012449985,false
31364,鳥取県,,東伯郡,三朝町,,5,1,099,天神川,31,円山・千代川,要現行資料照合,未確認,2010-02-01,https://www.e-stat.go.jp/SG1/estat/Pdfdl.do?sinfid=000012449985,2010-02-01,https://www.e-stat.go.jp/SG1/estat/Pdfdl.do?sinfid=000012449985,false
31370,鳥取県,,東伯郡,湯梨浜町,,5,127,099,天神川,31,円山・千代川,要現行資料照合,未確認,2010-02-01,https://www.e-stat.go.jp/SG1/estat/Pdfdl.do?sinfid=000012449985,2010-02-01,https://www.e-stat.go.jp/SG1/estat/Pdfdl.do?sinfid=000012449985,false
31371,鳥取県,,東伯郡,琴浦町,,5,5,099,天神川,31,円山・千代川,要現行資料照合,未確認,2010-02-01,https://www.e-stat.go.jp/SG1/estat/Pdfdl.do?sinfid=000012449985,2010-02-01,https://www.e-stat.go.jp/SG1/estat/Pdfdl.do?sinfid=000012449985,false
31372,鳥取県,,東伯郡,北栄町,,5,1,099,天神川,31,円山・千代川,要現行資料照合,未確認,2010-02-01,https://www.e-stat.go.jp/SG1/estat/Pdfdl.do?sinfid=000012449985,2010-02-01,https://www.e-stat.go.jp/SG1/estat/Pdfdl.do?sinfid=000012449985,false
31384,鳥取県,,西伯郡,日吉津村,,5,2,098,日野川,31,円山・千代川,要現行資料照合,未確認,2010-02-01,https://www.e-stat.go.jp/SG1/estat/Pdfdl.do?sinfid=000012449985,2010-02-01,https://www.e-stat.go.jp/SG1/estat/Pdfdl.do?sinfid=000012449985,false
31386,鳥取県,,西伯郡,大山町,,5,4,098,日野川,31,円山・千代川,要現行資料照合,未確認,2010-02-01,https://www.e-stat.go.jp/SG1/estat/Pdfdl.do?sinfid=000012449985,2010-02-01,https://www.e-stat.go.jp/SG1/estat/Pdfdl.do?sinfid=000012449985,false
31389,鳥取県,,西伯郡,南部町,,5,1,098,日野川,31,円山・千代川,要現行資料照合,未確認,2010-02-01,https://www.e-stat.go.jp/SG1/estat/Pdfdl.do?sinfid=000012449985,2010-02-01,https://www.e-stat.go.jp/SG1/estat/Pdfdl.do?sinfid=000012449985,false
31390,鳥取県,,西伯郡,伯耆町,,5,1,098,日野川,31,円山・千代川,要現行資料照合,未確認,2010-02-01,https://www.e-stat.go.jp/SG1/estat/Pdfdl.do?sinfid=000012449985,2010-02-01,https://www.e-stat.go.jp/SG1/estat/Pdfdl.do?sinfid=000012449985,false
31401,鳥取県,,日野郡,日南町,,5,1,098,日野川,31,円山・千代川,要現行資料照合,未確認,2010-02-01,https://www.e-stat.go.jp/SG1/estat/Pdfdl.do?sinfid=000012449985,2010-02-01,https://www.e-stat.go.jp/SG1/estat/Pdfdl.do?sinfid=000012449985,false
31402,鳥取県,,日野郡,日野町,,5,1,098,日野川,31,円山・千代川,要現行資料照合,未確認,2010-02-01,https://www.e-stat.go.jp/SG1/estat/Pdfdl.do?sinfid=000012449985,2010-02-01,https://www.e-stat.go.jp/SG1/estat/Pdfdl.do?sinfid=000012449985,false
31403,鳥取県,,日野郡,江府町,,5,1,098,日野川,31,円山・千代川,要現行資料照合,未確認,2010-02-01,https://www.e-stat.go.jp/SG1/estat/Pdfdl.do?sinfid=000012449985,2010-02-01,https://www.e-stat.go.jp/SG1/estat/Pdfdl.do?sinfid=000012449985,false
32201,島根県,,,松江市,,3,507,102,斐伊川,32,江の川,要現行資料照合,未確認,2010-02-01,https://www.e-stat.go.jp/SG1/estat/Pdfdl.do?sinfid=000012449985,2010-02-01,https://www.e-stat.go.jp/SG1/estat/Pdfdl.do?sinfid=000012449985,false
32202,島根県,,,浜田市,,3,1052,101,江の川下流,32,江の川,要現行資料照合,未確認,2010-02-01,https://www.e-stat.go.jp/SG1/estat/Pdfdl.do?sinfid=000012449985,2010-02-01,https://www.e-stat.go.jp/SG1/estat/Pdfdl.do?sinfid=000012449985,false
32203,島根県,,,出雲市,,3,386,102,斐伊川,32,江の川,要現行資料照合,未確認,2010-02-01,https://www.e-stat.go.jp/SG1/estat/Pdfdl.do?sinfid=000012449985,2010-02-01,https://www.e-stat.go.jp/SG1/estat/Pdfdl.do?sinfid=000012449985,false
32204,島根県,,,益田市,,3,140,104,高津川,34,高津川,要現行資料照合,未確認,2010-02-01,https://www.e-stat.go.jp/SG1/estat/Pdfdl.do?sinfid=000012449985,2010-02-01,https://www.e-stat.go.jp/SG1/estat/Pdfdl.do?sinfid=000012449985,false
32205,島根県,,,大田市,,3,451,101,江の川下流,32,江の川,要現行資料照合,未確認,2010-02-01,https://www.e-stat.go.jp/SG1/estat/Pdfdl.do?sinfid=000012449985,2010-02-01,https://www.e-stat.go.jp/SG1/estat/Pdfdl.do?sinfid=000012449985,false
32206,島根県,,,安来市,,3,1,102,斐伊川,32,江の川,要現行資料照合,未確認,2010-02-01,https://www.e-stat.go.jp/SG1/estat/Pdfdl.do?sinfid=000012449985,2010-02-01,https://www.e-stat.go.jp/SG1/estat/Pdfdl.do?sinfid=000012449985,false
32207,島根県,,,江津市,,3,127,101,江の川下流,32,江の川,要現行資料照合,未確認,2010-02-01,https://www.e-stat.go.jp/SG1/estat/Pdfdl.do?sinfid=000012449985,2010-02-01,https://www.e-stat.go.jp/SG1/estat/Pdfdl.do?sinfid=000012449985,false
32209,島根県,,,雲南市,,3,2,102,斐伊川,32,江の川,要現行資料照合,未確認,2010-02-01,https://www.e-stat.go.jp/SG1/estat/Pdfdl.do?sinfid=000012449985,2010-02-01,https://www.e-stat.go.jp/SG1/estat/Pdfdl.do?sinfid=000012449985,false
32343,島根県,,仁多郡,奥出雲町,,3,1,102,斐伊川,32,江の川,要現行資料照合,未確認,2010-02-01,https://www.e-stat.go.jp/SG1/estat/Pdfdl.do?sinfid=000012449985,2010-02-01,https://www.e-stat.go.jp/SG1/estat/Pdfdl.do?sinfid=000012449985,false
32386,島根県,,飯石郡,飯南町,,3,1,102,斐伊川,32,江の川,要現行資料照合,未確認,2010-02-01,https://www.e-stat.go.jp/SG1/estat/Pdfdl.do?sinfid=000012449985,2010-02-01,https://www.e-stat.go.jp/SG1/estat/Pdfdl.do?sinfid=000012449985,false
32441,島根県,,邑智郡,川本町,,3,1,101,江の川下流,32,江の川,要現行資料照合,未確認,2010-02-01,https://www.e-stat.go.jp/SG1/estat/Pdfdl.do?sinfid=000012449985,2010-02-01,https://www.e-stat.go.jp/SG1/estat/Pdfdl.do?sinfid=000012449985,false
32448,島根県,,邑智郡,美郷町,,3,1,101,江の川下流,32,江の川,要現行資料照合,未確認,2010-02-01,https://www.e-stat.go.jp/SG1/estat/Pdfdl.do?sinfid=000012449985,2010-02-01,https://www.e-stat.go.jp/SG1/estat/Pdfdl.do?sinfid=000012449985,false
32449,島根県,,邑智郡,邑南町,,3,1,101,江の川下流,32,江の川,要現行資料照合,未確認,2010-02-01,https://www.e-stat.go.jp/SG1/estat/Pdfdl.do?sinfid=000012449985,2010-02-01,https://www.e-stat.go.jp/SG1/estat/Pdfdl.do?sinfid=000012449985,false
32501,島根県,,鹿足郡,津和野町,,3,1,104,高津川,34,高津川,要現行資料照合,未確認,2010-02-01,https://www.e-stat.go.jp/SG1/estat/Pdfdl.do?sinfid=000012449985,2010-02-01,https://www.e-stat.go.jp/SG1/estat/Pdfdl.do?sinfid=000012449985,false
32505,島根県,,鹿足郡,吉賀町,,3,1,104,高津川,34,高津川,要現行資料照合,未確認,2010-02-01,https://www.e-stat.go.jp/SG1/estat/Pdfdl.do?sinfid=000012449985,2010-02-01,https://www.e-stat.go.jp/SG1/estat/Pdfdl.do?sinfid=000012449985,false
32525,島根県,,隠岐郡,海士町,,3,159,103,隠岐,32,江の川,要現行資料照合,未確認,2010-02-01,https://www.e-stat.go.jp/SG1/estat/Pdfdl.do?sinfid=000012449985,2010-02-01,https://www.e-stat.go.jp/SG1/estat/Pdfdl.do?sinfid=000012449985,false
32526,島根県,,隠岐郡,西ノ島町,,3,186,103,隠岐,32,江の川,要現行資料照合,未確認,2010-02-01,https://www.e-stat.go.jp/SG1/estat/Pdfdl.do?sinfid=000012449985,2010-02-01,https://www.e-stat.go.jp/SG1/estat/Pdfdl.do?sinfid=000012449985,false
32527,島根県,,隠岐郡,知夫村,,3,67,103,隠岐,32,江の川,要現行資料照合,未確認,2010-02-01,https://www.e-stat.go.jp/SG1/estat/Pdfdl.do?sinfid=000012449985,2010-02-01,https://www.e-stat.go.jp/SG1/estat/Pdfdl.do?sinfid=000012449985,false
32528,島根県,,隠岐郡,隠岐の島町,,3,584,103,隠岐,32,江の川,要現行資料照合,未確認,2010-02-01,https://www.e-stat.go.jp/SG1/estat/Pdfdl.do?sinfid=000012449985,2010-02-01,https://www.e-stat.go.jp/SG1/estat/Pdfdl.do?sinfid=000012449985,false
33101,岡山県,,,岡山市,北区,5,1,106,旭川,30,高梁・吉井川,要現行資料照合,未確認,2010-02-01,https://www.e-stat.go.jp/SG1/estat/Pdfdl.do?sinfid=000012449985,2010-02-01,https://www.e-stat.go.jp/SG1/estat/Pdfdl.do?sinfid=000012449985,false
33102,岡山県,,,岡山市,中区,5,8,106,旭川,30,高梁・吉井川,要現行資料照合,未確認,2010-02-01,https://www.e-stat.go.jp/SG1/estat/Pdfdl.do?sinfid=000012449985,2010-02-01,https://www.e-stat.go.jp/SG1/estat/Pdfdl.do?sinfid=000012449985,false
33103,岡山県,,,岡山市,東区,5,52,106,旭川,30,高梁・吉井川,要現行資料照合,未確認,2010-02-01,https://www.e-stat.go.jp/SG1/estat/Pdfdl.do?sinfid=000012449985,2010-02-01,https://www.e-stat.go.jp/SG1/estat/Pdfdl.do?sinfid=000012449985,false
33104,岡山県,,,岡山市,南区,5,12,106,旭川,30,高梁・吉井川,要現行資料照合,未確認,2010-02-01,https://www.e-stat.go.jp/SG1/estat/Pdfdl.do?sinfid=000012449985,2010-02-01,https://www.e-stat.go.jp/SG1/estat/Pdfdl.do?sinfid=000012449985,false
33202,岡山県,,,倉敷市,,5,85,105,高梁川下流,30,高梁・吉井川,要現行資料照合,未確認,2010-02-01,https://www.e-stat.go.jp/SG1/estat/Pdfdl.do?sinfid=000012449985,2010-02-01,https://www.e-stat.go.jp/SG1/estat/Pdfdl.do?sinfid=000012449985,false
33203,岡山県,,,津山市,,5,1,107,吉井川,30,高梁・吉井川,要現行資料照合,未確認,2010-02-01,https://www.e-stat.go.jp/SG1/estat/Pdfdl.do?sinfid=000012449985,2010-02-01,https://www.e-stat.go.jp/SG1/estat/Pdfdl.do?sinfid=000012449985,false
33204,岡山県,,,玉野市,,5,29,106,旭川,30,高梁・吉井川,要現行資料照合,未確認,2010-02-01,https://www.e-stat.go.jp/SG1/estat/Pdfdl.do?sinfid=000012449985,2010-02-01,https://www.e-stat.go.jp/SG1/estat/Pdfdl.do?sinfid=000012449985,false
33205,岡山県,,,笠岡市,,5,91,105,高梁川下流,30,高梁・吉井川,要現行資料照合,未確認,2010-02-01,https://www.e-stat.go.jp/SG1/estat/Pdfdl.do?sinfid=000012449985,2010-02-01,https://www.e-stat.go.jp/SG1/estat/Pdfdl.do?sinfid=000012449985,false
33207,岡山県,,,井原市,,5,1,105,高梁川下流,30,高梁・吉井川,要現行資料照合,未確認,2010-02-01,https://www.e-stat.go.jp/SG1/estat/Pdfdl.do?sinfid=000012449985,2010-02-01,https://www.e-stat.go.jp/SG1/estat/Pdfdl.do?sinfid=000012449985,false
33208,岡山県,,,総社市,,5,1,105,高梁川下流,30,高梁・吉井川,要現行資料照合,未確認,2010-02-01,https://www.e-stat.go.jp/SG1/estat/Pdfdl.do?sinfid=000012449985,2010-02-01,https://www.e-stat.go.jp/SG1/estat/Pdfdl.do?sinfid=000012449985,false
33209,岡山県,,,高梁市,,5,1,105,高梁川下流,30,高梁・吉井川,要現行資料照合,未確認,2010-02-01,https://www.e-stat.go.jp/SG1/estat/Pdfdl.do?sinfid=000012449985,2010-02-01,https://www.e-stat.go.jp/SG1/estat/Pdfdl.do?sinfid=000012449985,false
33210,岡山県,,,新見市,,5,1,105,高梁川下流,30,高梁・吉井川,要現行資料照合,未確認,2010-02-01,https://www.e-stat.go.jp/SG1/estat/Pdfdl.do?sinfid=000012449985,2010-02-01,https://www.e-stat.go.jp/SG1/estat/Pdfdl.do?sinfid=000012449985,false
33211,岡山県,,,備前市,,5,43,107,吉井川,30,高梁・吉井川,要現行資料照合,未確認,2010-02-01,https://www.e-stat.go.jp/SG1/estat/Pdfdl.do?sinfid=000012449985,2010-02-01,https://www.e-stat.go.jp/SG1/estat/Pdfdl.do?sinfid=000012449985,false
33212,岡山県,,,瀬戸内市,,5,57,107,吉井川,30,高梁・吉井川,要現行資料照合,未確認,2010-02-01,https://www.e-stat.go.jp/SG1/estat/Pdfdl.do?sinfid=000012449985,2010-02-01,https://www.e-stat.go.jp/SG1/estat/Pdfdl.do?sinfid=000012449985,false
33213,岡山県,,,赤磐市,,5,1,107,吉井川,30,高梁・吉井川,要現行資料照合,未確認,2010-02-01,https://www.e-stat.go.jp/SG1/estat/Pdfdl.do?sinfid=000012449985,2010-02-01,https://www.e-stat.go.jp/SG1/estat/Pdfdl.do?sinfid=000012449985,false
33214,岡山県,,,真庭市,,5,1,106,旭川,30,高梁・吉井川,要現行資料照合,未確認,2010-02-01,https://www.e-stat.go.jp/SG1/estat/Pdfdl.do?sinfid=000012449985,2010-02-01,https://www.e-stat.go.jp/SG1/estat/Pdfdl.do?sinfid=000012449985,false
33215,岡山県,,,美作市,,5,1,107,吉井川,30,高梁・吉井川,要現行資料照合,未確認,2010-02-01,https://www.e-stat.go.jp/SG1/estat/Pdfdl.do?sinfid=000012449985,2010-02-01,https://www.e-stat.go.jp/SG1/estat/Pdfdl.do?sinfid=000012449985,false
33216,岡山県,,,浅口市,,5,8,105,高梁川下流,30,高梁・吉井川,要現行資料照合,未確認,2010-02-01,https://www.e-stat.go.jp/SG1/estat/Pdfdl.do?sinfid=000012449985,2010-02-01,https://www.e-stat.go.jp/SG1/estat/Pdfdl.do?sinfid=000012449985,false
33346,岡山県,,和気郡,和気町,,5,1,107,吉井川,30,高梁・吉井川,要現行資料照合,未確認,2010-02-01,https://www.e-stat.go.jp/SG1/estat/Pdfdl.do?sinfid=000012449985,2010-02-01,https://www.e-stat.go.jp/SG1/estat/Pdfdl.do?sinfid=000012449985,false
33423,岡山県,,都窪郡,早島町,,5,1,105,高梁川下流,30,高梁・吉井川,要現行資料照合,未確認,2010-02-01,https://www.e-stat.go.jp/SG1/estat/Pdfdl.do?sinfid=000012449985,2010-02-01,https://www.e-stat.go.jp/SG1/estat/Pdfdl.do?sinfid=000012449985,false
33445,岡山県,,浅口郡,里庄町,,5,1,105,高梁川下流,30,高梁・吉井川,要現行資料照合,未確認,2010-02-01,https://www.e-stat.go.jp/SG1/estat/Pdfdl.do?sinfid=000012449985,2010-02-01,https://www.e-stat.go.jp/SG1/estat/Pdfdl.do?sinfid=000012449985,false
33461,岡山県,,小田郡,矢掛町,,5,1,105,高梁川下流,30,高梁・吉井川,要現行資料照合,未確認,2010-02-01,https://www.e-stat.go.jp/SG1/estat/Pdfdl.do?sinfid=000012449985,2010-02-01,https://www.e-stat.go.jp/SG1/estat/Pdfdl.do?sinfid=000012449985,false
33586,岡山県,,真庭郡,新庄村,,5,1,106,旭川,30,高梁・吉井川,要現行資料照合,未確認,2010-02-01,https://www.e-stat.go.jp/SG1/estat/Pdfdl.do?sinfid=000012449985,2010-02-01,https://www.e-stat.go.jp/SG1/estat/Pdfdl.do?sinfid=000012449985,false
33606,岡山県,,苫田郡,鏡野町,,5,1,107,吉井川,30,高梁・吉井川,要現行資料照合,未確認,2010-02-01,https://www.e-stat.go.jp/SG1/estat/Pdfdl.do?sinfid=000012449985,2010-02-01,https://www.e-stat.go.jp/SG1/estat/Pdfdl.do?sinfid=000012449985,false
33622,岡山県,,勝田郡,勝央町,,5,1,107,吉井川,30,高梁・吉井川,要現行資料照合,未確認,2010-02-01,https://www.e-stat.go.jp/SG1/estat/Pdfdl.do?sinfid=000012449985,2010-02-01,https://www.e-stat.go.jp/SG1/estat/Pdfdl.do?sinfid=000012449985,false
33623,岡山県,,勝田郡,奈義町,,5,1,107,吉井川,30,高梁・吉井川,要現行資料照合,未確認,2010-02-01,https://www.e-stat.go.jp/SG1/estat/Pdfdl.do?sinfid=000012449985,2010-02-01,https://www.e-stat.go.jp/SG1/estat/Pdfdl.do?sinfid=000012449985,false
33643,岡山県,,英田郡,西粟倉村,,5,1,107,吉井川,30,高梁・吉井川,要現行資料照合,未確認,2010-02-01,https://www.e-stat.go.jp/SG1/estat/Pdfdl.do?sinfid=000012449985,2010-02-01,https://www.e-stat.go.jp/SG1/estat/Pdfdl.do?sinfid=000012449985,false
33663,岡山県,,久米郡,久米南町,,5,1,106,旭川,30,高梁・吉井川,要現行資料照合,未確認,2010-02-01,https://www.e-stat.go.jp/SG1/estat/Pdfdl.do?sinfid=000012449985,2010-02-01,https://www.e-stat.go.jp/SG1/estat/Pdfdl.do?sinfid=000012449985,false
33666,岡山県,,久米郡,美咲町,,5,1,107,吉井川,30,高梁・吉井川,要現行資料照合,未確認,2010-02-01,https://www.e-stat.go.jp/SG1/estat/Pdfdl.do?sinfid=000012449985,2010-02-01,https://www.e-stat.go.jp/SG1/estat/Pdfdl.do?sinfid=000012449985,false
33681,岡山県,,加賀郡,吉備中央町,,5,1,106,旭川,30,高梁・吉井川,要現行資料照合,未確認,2010-02-01,https://www.e-stat.go.jp/SG1/estat/Pdfdl.do?sinfid=000012449985,2010-02-01,https://www.e-stat.go.jp/SG1/estat/Pdfdl.do?sinfid=000012449985,false
34101,広島県,,,広島市,中区,3,1,110,太田川,33,芦田・佐波川,要現行資料照合,未確認,2010-02-01,https://www.e-stat.go.jp/SG1/estat/Pdfdl.do?sinfid=000012449985,2010-02-01,https://www.e-stat.go.jp/SG1/estat/Pdfdl.do?sinfid=000012449985,false
34102,広島県,,,広島市,東区,3,1,110,太田川,33,芦田・佐波川,要現行資料照合,未確認,2010-02-01,https://www.e-stat.go.jp/SG1/estat/Pdfdl.do?sinfid=000012449985,2010-02-01,https://www.e-stat.go.jp/SG1/estat/Pdfdl.do?sinfid=000012449985,false
34103,広島県,,,広島市,南区,3,20,110,太田川,33,芦田・佐波川,要現行資料照合,未確認,2010-02-01,https://www.e-stat.go.jp/SG1/estat/Pdfdl.do?sinfid=000012449985,2010-02-01,https://www.e-stat.go.jp/SG1/estat/Pdfdl.do?sinfid=000012449985,false
34104,広島県,,,広島市,西区,3,17,110,太田川,33,芦田・佐波川,要現行資料照合,未確認,2010-02-01,https://www.e-stat.go.jp/SG1/estat/Pdfdl.do?sinfid=000012449985,2010-02-01,https://www.e-stat.go.jp/SG1/estat/Pdfdl.do?sinfid=000012449985,false
34105,広島県,,,広島市,安佐南区,3,1,110,太田川,33,芦田・佐波川,要現行資料照合,未確認,2010-02-01,https://www.e-stat.go.jp/SG1/estat/Pdfdl.do?sinfid=000012449985,2010-02-01,https://www.e-stat.go.jp/SG1/estat/Pdfdl.do?sinfid=000012449985,false
34106,広島県,,,広島市,安佐北区,3,1,110,太田川,33,芦田・佐波川,要現行資料照合,未確認,2010-02-01,https://www.e-stat.go.jp/SG1/estat/Pdfdl.do?sinfid=000012449985,2010-02-01,https://www.e-stat.go.jp/SG1/estat/Pdfdl.do?sinfid=000012449985,false
34107,広島県,,,広島市,安芸区,3,5,110,太田川,33,芦田・佐波川,要現行資料照合,未確認,2010-02-01,https://www.e-stat.go.jp/SG1/estat/Pdfdl.do?sinfid=000012449985,2010-02-01,https://www.e-stat.go.jp/SG1/estat/Pdfdl.do?sinfid=000012449985,false
34108,広島県,,,広島市,佐伯区,3,3,110,太田川,33,芦田・佐波川,要現行資料照合,未確認,2010-02-01,https://www.e-stat.go.jp/SG1/estat/Pdfdl.do?sinfid=000012449985,2010-02-01,https://www.e-stat.go.jp/SG1/estat/Pdfdl.do?sinfid=000012449985,false
34202,広島県,,,呉市,,3,168,111,瀬戸内,33,芦田・佐波川,要現行資料照合,未確認,2010-02-01,https://www.e-stat.go.jp/SG1/estat/Pdfdl.do?sinfid=000012449985,2010-02-01,https://www.e-stat.go.jp/SG1/estat/Pdfdl.do?sinfid=000012449985,false
34203,広島県,,,竹原市,,3,30,111,瀬戸内,33,芦田・佐波川,要現行資料照合,未確認,2010-02-01,https://www.e-stat.go.jp/SG1/estat/Pdfdl.do?sinfid=000012449985,2010-02-01,https://www.e-stat.go.jp/SG1/estat/Pdfdl.do?sinfid=000012449985,false
34204,広島県,,,三原市,,3,23,111,瀬戸内,33,芦田・佐波川,要現行資料照合,未確認,2010-02-01,https://www.e-stat.go.jp/SG1/estat/Pdfdl.do?sinfid=000012449985,2010-02-01,https://www.e-stat.go.jp/SG1/estat/Pdfdl.do?sinfid=000012449985,false
34205,広島県,,,尾道市,,3,59,111,瀬戸内,33,芦田・佐波川,要現行資料照合,未確認,2010-02-01,https://www.e-stat.go.jp/SG1/estat/Pdfdl.do?sinfid=000012449985,2010-02-01,https://www.e-stat.go.jp/SG1/estat/Pdfdl.do?sinfid=000012449985,false
34207,広島県,,,福山市,,3,156,111,瀬戸内,33,芦田・佐波川,要現行資料照合,未確認,2010-02-01,https://www.e-stat.go.jp/SG1/estat/Pdfdl.do?sinfid=000012449985,2010-02-01,https://www.e-stat.go.jp/SG1/estat/Pdfdl.do?sinfid=000012449985,false
34208,広島県,,,府中市,,3,1,111,瀬戸内,33,芦田・佐波川,要現行資料照合,未確認,2010-02-01,https://www.e-stat.go.jp/SG1/estat/Pdfdl.do?sinfid=000012449985,2010-02-01,https://www.e-stat.go.jp/SG1/estat/Pdfdl.do?sinfid=000012449985,false
34209,広島県,,,三次市,,3,1,109,江の川上流,32,江の川,要現行資料照合,未確認,2010-02-01,https://www.e-stat.go.jp/SG1/estat/Pdfdl.do?sinfid=000012449985,2010-02-01,https://www.e-stat.go.jp/SG1/estat/Pdfdl.do?sinfid=000012449985,false
34210,広島県,,,庄原市,,3,1,109,江の川上流,32,江の川,要現行資料照合,未確認,2010-02-01,https://www.e-stat.go.jp/SG1/estat/Pdfdl.do?sinfid=000012449985,2010-02-01,https://www.e-stat.go.jp/SG1/estat/Pdfdl.do?sinfid=000012449985,false
34211,広島県,,,大竹市,,3,24,110,太田川,33,芦田・佐波川,要現行資料照合,未確認,2010-02-01,https://www.e-stat.go.jp/SG1/estat/Pdfdl.do?sinfid=000012449985,2010-02-01,https://www.e-stat.go.jp/SG1/estat/Pdfdl.do?sinfid=000012449985,false
34212,広島県,,,東広島市,,3,20,111,瀬戸内,33,芦田・佐波川,要現行資料照合,未確認,2010-02-01,https://www.e-stat.go.jp/SG1/estat/Pdfdl.do?sinfid=000012449985,2010-02-01,https://www.e-stat.go.jp/SG1/estat/Pdfdl.do?sinfid=000012449985,false
34213,広島県,,,廿日市市,,3,38,110,太田川,33,芦田・佐波川,要現行資料照合,未確認,2010-02-01,https://www.e-stat.go.jp/SG1/estat/Pdfdl.do?sinfid=000012449985,2010-02-01,https://www.e-stat.go.jp/SG1/estat/Pdfdl.do?sinfid=000012449985,false
34214,広島県,,,安芸高田市,,3,1,109,江の川上流,32,江の川,要現行資料照合,未確認,2010-02-01,https://www.e-stat.go.jp/SG1/estat/Pdfdl.do?sinfid=000012449985,2010-02-01,https://www.e-stat.go.jp/SG1/estat/Pdfdl.do?sinfid=000012449985,false
34215,広島県,,,江田島市,,3,67,111,瀬戸内,33,芦田・佐波川,要現行資料照合,未確認,2010-02-01,https://www.e-stat.go.jp/SG1/estat/Pdfdl.do?sinfid=000012449985,2010-02-01,https://www.e-stat.go.jp/SG1/estat/Pdfdl.do?sinfid=000012449985,false
34302,広島県,,安芸郡,府中町,,3,1,110,太田川,33,芦田・佐波川,要現行資料照合,未確認,2010-02-01,https://www.e-stat.go.jp/SG1/estat/Pdfdl.do?sinfid=000012449985,2010-02-01,https://www.e-stat.go.jp/SG1/estat/Pdfdl.do?sinfid=000012449985,false
34304,広島県,,安芸郡,海田町,,3,2,110,太田川,33,芦田・佐波川,要現行資料照合,未確認,2010-02-01,https://www.e-stat.go.jp/SG1/estat/Pdfdl.do?sinfid=000012449985,2010-02-01,https://www.e-stat.go.jp/SG1/estat/Pdfdl.do?sinfid=000012449985,false
34307,広島県,,安芸郡,熊野町,,3,1,110,太田川,33,芦田・佐波川,要現行資料照合,未確認,2010-02-01,https://www.e-stat.go.jp/SG1/estat/Pdfdl.do?sinfid=000012449985,2010-02-01,https://www.e-stat.go.jp/SG1/estat/Pdfdl.do?sinfid=000012449985,false
34309,広島県,,安芸郡,坂町,,3,5,110,太田川,33,芦田・佐波川,要現行資料照合,未確認,2010-02-01,https://www.e-stat.go.jp/SG1/estat/Pdfdl.do?sinfid=000012449985,2010-02-01,https://www.e-stat.go.jp/SG1/estat/Pdfdl.do?sinfid=000012449985,false
34368,広島県,,山県郡,安芸太田町,,3,1,110,太田川,33,芦田・佐波川,要現行資料照合,未確認,2010-02-01,https://www.e-stat.go.jp/SG1/estat/Pdfdl.do?sinfid=000012449985,2010-02-01,https://www.e-stat.go.jp/SG1/estat/Pdfdl.do?sinfid=000012449985,false
34369,広島県,,山県郡,北広島町,,3,1,110,太田川,33,芦田・佐波川,要現行資料照合,未確認,2010-02-01,https://www.e-stat.go.jp/SG1/estat/Pdfdl.do?sinfid=000012449985,2010-02-01,https://www.e-stat.go.jp/SG1/estat/Pdfdl.do?sinfid=000012449985,false
34431,広島県,,豊田郡,大崎上島町,,3,56,111,瀬戸内,33,芦田・佐波川,要現行資料照合,未確認,2010-02-01,https://www.e-stat.go.jp/SG1/estat/Pdfdl.do?sinfid=000012449985,2010-02-01,https://www.e-stat.go.jp/SG1/estat/Pdfdl.do?sinfid=000012449985,false
34462,広島県,,世羅郡,世羅町,,3,1,111,瀬戸内,33,芦田・佐波川,要現行資料照合,未確認,2010-02-01,https://www.e-stat.go.jp/SG1/estat/Pdfdl.do?sinfid=000012449985,2010-02-01,https://www.e-stat.go.jp/SG1/estat/Pdfdl.do?sinfid=000012449985,false
34545,広島県,,神石郡,神石高原町,,3,1,108,高梁川上流,30,高梁・吉井川,要現行資料照合,未確認,2010-02-01,https://www.e-stat.go.jp/SG1/estat/Pdfdl.do?sinfid=000012449985,2010-02-01,https://www.e-stat.go.jp/SG1/estat/Pdfdl.do?sinfid=000012449985,false
35201,山口県,,,下関市,,3,683,114,豊田,34,高津川,要現行資料照合,未確認,2010-02-01,https://www.e-stat.go.jp/SG1/estat/Pdfdl.do?sinfid=000012449985,2010-02-01,https://www.e-stat.go.jp/SG1/estat/Pdfdl.do?sinfid=000012449985,false
35202,山口県,,,宇部市,,3,117,112,山口,33,芦田・佐波川,要現行資料照合,未確認,2010-02-01,https://www.e-stat.go.jp/SG1/estat/Pdfdl.do?sinfid=000012449985,2010-02-01,https://www.e-stat.go.jp/SG1/estat/Pdfdl.do?sinfid=000012449985,false
35203,山口県,,,山口市,,3,66,112,山口,33,芦田・佐波川,要現行資料照合,未確認,2010-02-01,https://www.e-stat.go.jp/SG1/estat/Pdfdl.do?sinfid=000012449985,2010-02-01,https://www.e-stat.go.jp/SG1/estat/Pdfdl.do?sinfid=000012449985,false
35204,山口県,,,萩市,,3,465,115,萩,34,高津川,要現行資料照合,未確認,2010-02-01,https://www.e-stat.go.jp/SG1/estat/Pdfdl.do?sinfid=000012449985,2010-02-01,https://www.e-stat.go.jp/SG1/estat/Pdfdl.do?sinfid=000012449985,false
35206,山口県,,,防府市,,3,69,112,山口,33,芦田・佐波川,要現行資料照合,未確認,2010-02-01,https://www.e-stat.go.jp/SG1/estat/Pdfdl.do?sinfid=000012449985,2010-02-01,https://www.e-stat.go.jp/SG1/estat/Pdfdl.do?sinfid=000012449985,false
35207,山口県,,,下松市,,3,156,113,岩徳,33,芦田・佐波川,要現行資料照合,未確認,2010-02-01,https://www.e-stat.go.jp/SG1/estat/Pdfdl.do?sinfid=000012449985,2010-02-01,https://www.e-stat.go.jp/SG1/estat/Pdfdl.do?sinfid=000012449985,false
35208,山口県,,,岩国市,,3,45,113,岩徳,33,芦田・佐波川,要現行資料照合,未確認,2010-02-01,https://www.e-stat.go.jp/SG1/estat/Pdfdl.do?sinfid=000012449985,2010-02-01,https://www.e-stat.go.jp/SG1/estat/Pdfdl.do?sinfid=000012449985,false
35210,山口県,,,光市,,3,328,113,岩徳,33,芦田・佐波川,要現行資料照合,未確認,2010-02-01,https://www.e-stat.go.jp/SG1/estat/Pdfdl.do?sinfid=000012449985,2010-02-01,https://www.e-stat.go.jp/SG1/estat/Pdfdl.do?sinfid=000012449985,false
35211,山口県,,,長門市,,3,329,114,豊田,34,高津川,要現行資料照合,未確認,2010-02-01,https://www.e-stat.go.jp/SG1/estat/Pdfdl.do?sinfid=000012449985,2010-02-01,https://www.e-stat.go.jp/SG1/estat/Pdfdl.do?sinfid=000012449985,false
35212,山口県,,,柳井市,,3,41,113,岩徳,33,芦田・佐波川,要現行資料照合,未確認,2010-02-01,https://www.e-stat.go.jp/SG1/estat/Pdfdl.do?sinfid=000012449985,2010-02-01,https://www.e-stat.go.jp/SG1/estat/Pdfdl.do?sinfid=000012449985,false
35213,山口県,,,美祢市,,3,1,112,山口,33,芦田・佐波川,要現行資料照合,未確認,2010-02-01,https://www.e-stat.go.jp/SG1/estat/Pdfdl.do?sinfid=000012449985,2010-02-01,https://www.e-stat.go.jp/SG1/estat/Pdfdl.do?sinfid=000012449985,false
35215,山口県,,,周南市,,3,145,113,岩徳,33,芦田・佐波川,要現行資料照合,未確認,2010-02-01,https://www.e-stat.go.jp/SG1/estat/Pdfdl.do?sinfid=000012449985,2010-02-01,https://www.e-stat.go.jp/SG1/estat/Pdfdl.do?sinfid=000012449985,false
35216,山口県,,,山陽小野田市,,3,7,112,山口,33,芦田・佐波川,要現行資料照合,未確認,2010-02-01,https://www.e-stat.go.jp/SG1/estat/Pdfdl.do?sinfid=000012449985,2010-02-01,https://www.e-stat.go.jp/SG1/estat/Pdfdl.do?sinfid=000012449985,false
35305,山口県,,大島郡,周防大島町,,3,127,113,岩徳,33,芦田・佐波川,要現行資料照合,未確認,2010-02-01,https://www.e-stat.go.jp/SG1/estat/Pdfdl.do?sinfid=000012449985,2010-02-01,https://www.e-stat.go.jp/SG1/estat/Pdfdl.do?sinfid=000012449985,false
35321,山口県,,玖珂郡,和木町,,3,1,113,岩徳,33,芦田・佐波川,要現行資料照合,未確認,2010-02-01,https://www.e-stat.go.jp/SG1/estat/Pdfdl.do?sinfid=000012449985,2010-02-01,https://www.e-stat.go.jp/SG1/estat/Pdfdl.do?sinfid=000012449985,false
35341,山口県,,熊毛郡,上関町,,3,220,113,岩徳,33,芦田・佐波川,要現行資料照合,未確認,2010-02-01,https://www.e-stat.go.jp/SG1/estat/Pdfdl.do?sinfid=000012449985,2010-02-01,https://www.e-stat.go.jp/SG1/estat/Pdfdl.do?sinfid=000012449985,false
35343,山口県,,熊毛郡,田布施町,,3,16,113,岩徳,33,芦田・佐波川,要現行資料照合,未確認,2010-02-01,https://www.e-stat.go.jp/SG1/estat/Pdfdl.do?sinfid=000012449985,2010-02-01,https://www.e-stat.go.jp/SG1/estat/Pdfdl.do?sinfid=000012449985,false
35344,山口県,,熊毛郡,平生町,,3,45,113,岩徳,33,芦田・佐波川,要現行資料照合,未確認,2010-02-01,https://www.e-stat.go.jp/SG1/estat/Pdfdl.do?sinfid=000012449985,2010-02-01,https://www.e-stat.go.jp/SG1/estat/Pdfdl.do?sinfid=000012449985,false
35502,山口県,,阿武郡,阿武町,,3,108,115,萩,34,高津川,要現行資料照合,未確認,2010-02-01,https://www.e-stat.go.jp/SG1/estat/Pdfdl.do?sinfid=000012449985,2010-02-01,https://www.e-stat.go.jp/SG1/estat/Pdfdl.do?sinfid=000012449985,false
36201,徳島県,,,徳島市,,4,99,116,吉野川,36,吉野・仁淀川,要現行資料照合,未確認,2010-02-01,https://www.e-stat.go.jp/SG1/estat/Pdfdl.do?sinfid=000012449985,2010-02-01,https://www.e-stat.go.jp/SG1/estat/Pdfdl.do?sinfid=000012449985,false
36202,徳島県,,,鳴門市,,4,100,116,吉野川,36,吉野・仁淀川,要現行資料照合,未確認,2010-02-01,https://www.e-stat.go.jp/SG1/estat/Pdfdl.do?sinfid=000012449985,2010-02-01,https://www.e-stat.go.jp/SG1/estat/Pdfdl.do?sinfid=000012449985,false
36203,徳島県,,,小松島市,,4,40,116,吉野川,36,吉野・仁淀川,要現行資料照合,未確認,2010-02-01,https://www.e-stat.go.jp/SG1/estat/Pdfdl.do?sinfid=000012449985,2010-02-01,https://www.e-stat.go.jp/SG1/estat/Pdfdl.do?sinfid=000012449985,false
36204,徳島県,,,阿南市,,4,1013,117,那賀・海部川,36,吉野・仁淀川,要現行資料照合,未確認,2010-02-01,https://www.e-stat.go.jp/SG1/estat/Pdfdl.do?sinfid=000012449985,2010-02-01,https://www.e-stat.go.jp/SG1/estat/Pdfdl.do?sinfid=000012449985,false
36205,徳島県,,,吉野川市,,4,1,116,吉野川,36,吉野・仁淀川,要現行資料照合,未確認,2010-02-01,https://www.e-stat.go.jp/SG1/estat/Pdfdl.do?sinfid=000012449985,2010-02-01,https://www.e-stat.go.jp/SG1/estat/Pdfdl.do?sinfid=000012449985,false
36206,徳島県,,,阿波市,,4,1,116,吉野川,36,吉野・仁淀川,要現行資料照合,未確認,2010-02-01,https://www.e-stat.go.jp/SG1/estat/Pdfdl.do?sinfid=000012449985,2010-02-01,https://www.e-stat.go.jp/SG1/estat/Pdfdl.do?sinfid=000012449985,false
36207,徳島県,,,美馬市,,4,1,116,吉野川,36,吉野・仁淀川,要現行資料照合,未確認,2010-02-01,https://www.e-stat.go.jp/SG1/estat/Pdfdl.do?sinfid=000012449985,2010-02-01,https://www.e-stat.go.jp/SG1/estat/Pdfdl.do?sinfid=000012449985,false
36208,徳島県,,,三好市,,4,2,116,吉野川,36,吉野・仁淀川,要現行資料照合,未確認,2010-02-01,https://www.e-stat.go.jp/SG1/estat/Pdfdl.do?sinfid=000012449985,2010-02-01,https://www.e-stat.go.jp/SG1/estat/Pdfdl.do?sinfid=000012449985,false
36301,徳島県,,勝浦郡,勝浦町,,4,1,116,吉野川,36,吉野・仁淀川,要現行資料照合,未確認,2010-02-01,https://www.e-stat.go.jp/SG1/estat/Pdfdl.do?sinfid=000012449985,2010-02-01,https://www.e-stat.go.jp/SG1/estat/Pdfdl.do?sinfid=000012449985,false
36302,徳島県,,勝浦郡,上勝町,,4,1,116,吉野川,36,吉野・仁淀川,要現行資料照合,未確認,2010-02-01,https://www.e-stat.go.jp/SG1/estat/Pdfdl.do?sinfid=000012449985,2010-02-01,https://www.e-stat.go.jp/SG1/estat/Pdfdl.do?sinfid=000012449985,false
36321,徳島県,,名東郡,佐那河内村,,4,1,116,吉野川,36,吉野・仁淀川,要現行資料照合,未確認,2010-02-01,https://www.e-stat.go.jp/SG1/estat/Pdfdl.do?sinfid=000012449985,2010-02-01,https://www.e-stat.go.jp/SG1/estat/Pdfdl.do?sinfid=000012449985,false
36341,徳島県,,名西郡,石井町,,4,1,116,吉野川,36,吉野・仁淀川,要現行資料照合,未確認,2010-02-01,https://www.e-stat.go.jp/SG1/estat/Pdfdl.do?sinfid=000012449985,2010-02-01,https://www.e-stat.go.jp/SG1/estat/Pdfdl.do?sinfid=000012449985,false
36342,徳島県,,名西郡,神山町,,4,1,116,吉野川,36,吉野・仁淀川,要現行資料照合,未確認,2010-02-01,https://www.e-stat.go.jp/SG1/estat/Pdfdl.do?sinfid=000012449985,2010-02-01,https://www.e-stat.go.jp/SG1/estat/Pdfdl.do?sinfid=000012449985,false
36368,徳島県,,那賀郡,那賀町,,4,1,117,那賀・海部川,36,吉野・仁淀川,要現行資料照合,未確認,2010-02-01,https://www.e-stat.go.jp/SG1/estat/Pdfdl.do?sinfid=000012449985,2010-02-01,https://www.e-stat.go.jp/SG1/estat/Pdfdl.do?sinfid=000012449985,false
36383,徳島県,,海部郡,牟岐町,,4,1202,117,那賀・海部川,36,吉野・仁淀川,要現行資料照合,未確認,2010-02-01,https://www.e-stat.go.jp/SG1/estat/Pdfdl.do?sinfid=000012449985,2010-02-01,https://www.e-stat.go.jp/SG1/estat/Pdfdl.do?sinfid=000012449985,false
36387,徳島県,,海部郡,美波町,,4,819,117,那賀・海部川,36,吉野・仁淀川,要現行資料照合,未確認,2010-02-01,https://www.e-stat.go.jp/SG1/estat/Pdfdl.do?sinfid=000012449985,2010-02-01,https://www.e-stat.go.jp/SG1/estat/Pdfdl.do?sinfid=000012449985,false
36388,徳島県,,海部郡,海陽町,,4,212,117,那賀・海部川,36,吉野・仁淀川,要現行資料照合,未確認,2010-02-01,https://www.e-stat.go.jp/SG1/estat/Pdfdl.do?sinfid=000012449985,2010-02-01,https://www.e-stat.go.jp/SG1/estat/Pdfdl.do?sinfid=000012449985,false
36401,徳島県,,板野郡,松茂町,,4,2,116,吉野川,36,吉野・仁淀川,要現行資料照合,未確認,2010-02-01,https://www.e-stat.go.jp/SG1/estat/Pdfdl.do?sinfid=000012449985,2010-02-01,https://www.e-stat.go.jp/SG1/estat/Pdfdl.do?sinfid=000012449985,false
36402,徳島県,,板野郡,北島町,,4,1,116,吉野川,36,吉野・仁淀川,要現行資料照合,未確認,2010-02-01,https://www.e-stat.go.jp/SG1/estat/Pdfdl.do?sinfid=000012449985,2010-02-01,https://www.e-stat.go.jp/SG1/estat/Pdfdl.do?sinfid=000012449985,false
36403,徳島県,,板野郡,藍住町,,4,1,116,吉野川,36,吉野・仁淀川,要現行資料照合,未確認,2010-02-01,https://www.e-stat.go.jp/SG1/estat/Pdfdl.do?sinfid=000012449985,2010-02-01,https://www.e-stat.go.jp/SG1/estat/Pdfdl.do?sinfid=000012449985,false
36404,徳島県,,板野郡,板野町,,4,1,116,吉野川,36,吉野・仁淀川,要現行資料照合,未確認,2010-02-01,https://www.e-stat.go.jp/SG1/estat/Pdfdl.do?sinfid=000012449985,2010-02-01,https://www.e-stat.go.jp/SG1/estat/Pdfdl.do?sinfid=000012449985,false
36405,徳島県,,板野郡,上板町,,4,1,116,吉野川,36,吉野・仁淀川,要現行資料照合,未確認,2010-02-01,https://www.e-stat.go.jp/SG1/estat/Pdfdl.do?sinfid=000012449985,2010-02-01,https://www.e-stat.go.jp/SG1/estat/Pdfdl.do?sinfid=000012449985,false
36468,徳島県,,美馬郡,つるぎ町,,4,1,116,吉野川,36,吉野・仁淀川,要現行資料照合,未確認,2010-02-01,https://www.e-stat.go.jp/SG1/estat/Pdfdl.do?sinfid=000012449985,2010-02-01,https://www.e-stat.go.jp/SG1/estat/Pdfdl.do?sinfid=000012449985,false
36489,徳島県,,三好郡,東みよし町,,4,1,116,吉野川,36,吉野・仁淀川,要現行資料照合,未確認,2010-02-01,https://www.e-stat.go.jp/SG1/estat/Pdfdl.do?sinfid=000012449985,2010-02-01,https://www.e-stat.go.jp/SG1/estat/Pdfdl.do?sinfid=000012449985,false
37201,香川県,,,高松市,,4,152,118,香川,35,重信・肱川,要現行資料照合,未確認,2010-02-01,https://www.e-stat.go.jp/SG1/estat/Pdfdl.do?sinfid=000012449985,2010-02-01,https://www.e-stat.go.jp/SG1/estat/Pdfdl.do?sinfid=000012449985,false
37202,香川県,,,丸亀市,,4,29,118,香川,35,重信・肱川,要現行資料照合,未確認,2010-02-01,https://www.e-stat.go.jp/SG1/estat/Pdfdl.do?sinfid=000012449985,2010-02-01,https://www.e-stat.go.jp/SG1/estat/Pdfdl.do?sinfid=000012449985,false
37203,香川県,,,坂出市,,4,85,118,香川,35,重信・肱川,要現行資料照合,未確認,2010-02-01,https://www.e-stat.go.jp/SG1/estat/Pdfdl.do?sinfid=000012449985,2010-02-01,https://www.e-stat.go.jp/SG1/estat/Pdfdl.do?sinfid=000012449985,false
37204,香川県,,,善通寺市,,4,1,118,香川,35,重信・肱川,要現行資料照合,未確認,2010-02-01,https://www.e-stat.go.jp/SG1/estat/Pdfdl.do?sinfid=000012449985,2010-02-01,https://www.e-stat.go.jp/SG1/estat/Pdfdl.do?sinfid=000012449985,false
37205,香川県,,,観音寺市,,4,17,118,香川,35,重信・肱川,要現行資料照合,未確認,2010-02-01,https://www.e-stat.go.jp/SG1/estat/Pdfdl.do?sinfid=000012449985,2010-02-01,https://www.e-stat.go.jp/SG1/estat/Pdfdl.do?sinfid=000012449985,false
37206,香川県,,,さぬき市,,4,113,118,香川,35,重信・肱川,要現行資料照合,未確認,2010-02-01,https://www.e-stat.go.jp/SG1/estat/Pdfdl.do?sinfid=000012449985,2010-02-01,https://www.e-stat.go.jp/SG1/estat/Pdfdl.do?sinfid=000012449985,false
37207,香川県,,,東かがわ市,,4,45,118,香川,35,重信・肱川,要現行資料照合,未確認,2010-02-01,https://www.e-stat.go.jp/SG1/estat/Pdfdl.do?sinfid=000012449985,2010-02-01,https://www.e-stat.go.jp/SG1/estat/Pdfdl.do?sinfid=000012449985,false
37208,香川県,,,三豊市,,4,118,118,香川,35,重信・肱川,要現行資料照合,未確認,2010-02-01,https://www.e-stat.go.jp/SG1/estat/Pdfdl.do?sinfid=000012449985,2010-02-01,https://www.e-stat.go.jp/SG1/estat/Pdfdl.do?sinfid=000012449985,false
37322,香川県,,小豆郡,土庄町,,4,56,118,香川,35,重信・肱川,要現行資料照合,未確認,2010-02-01,https://www.e-stat.go.jp/SG1/estat/Pdfdl.do?sinfid=000012449985,2010-02-01,https://www.e-stat.go.jp/SG1/estat/Pdfdl.do?sinfid=000012449985,false
37324,香川県,,小豆郡,小豆島町,,4,55,118,香川,35,重信・肱川,要現行資料照合,未確認,2010-02-01,https://www.e-stat.go.jp/SG1/estat/Pdfdl.do?sinfid=000012449985,2010-02-01,https://www.e-stat.go.jp/SG1/estat/Pdfdl.do?sinfid=000012449985,false
37341,香川県,,木田郡,三木町,,4,1,118,香川,35,重信・肱川,要現行資料照合,未確認,2010-02-01,https://www.e-stat.go.jp/SG1/estat/Pdfdl.do?sinfid=000012449985,2010-02-01,https://www.e-stat.go.jp/SG1/estat/Pdfdl.do?sinfid=000012449985,false
37364,香川県,,香川郡,直島町,,4,48,118,香川,35,重信・肱川,要現行資料照合,未確認,2010-02-01,https://www.e-stat.go.jp/SG1/estat/Pdfdl.do?sinfid=000012449985,2010-02-01,https://www.e-stat.go.jp/SG1/estat/Pdfdl.do?sinfid=000012449985,false
37386,香川県,,綾歌郡,宇多津町,,4,2,118,香川,35,重信・肱川,要現行資料照合,未確認,2010-02-01,https://www.e-stat.go.jp/SG1/estat/Pdfdl.do?sinfid=000012449985,2010-02-01,https://www.e-stat.go.jp/SG1/estat/Pdfdl.do?sinfid=000012449985,false
37387,香川県,,綾歌郡,綾川町,,4,1,118,香川,35,重信・肱川,要現行資料照合,未確認,2010-02-01,https://www.e-stat.go.jp/SG1/estat/Pdfdl.do?sinfid=000012449985,2010-02-01,https://www.e-stat.go.jp/SG1/estat/Pdfdl.do?sinfid=000012449985,false
37403,香川県,,仲多度郡,琴平町,,4,1,118,香川,35,重信・肱川,要現行資料照合,未確認,2010-02-01,https://www.e-stat.go.jp/SG1/estat/Pdfdl.do?sinfid=000012449985,2010-02-01,https://www.e-stat.go.jp/SG1/estat/Pdfdl.do?sinfid=000012449985,false
37404,香川県,,仲多度郡,多度津町,,4,11,118,香川,35,重信・肱川,要現行資料照合,未確認,2010-02-01,https://www.e-stat.go.jp/SG1/estat/Pdfdl.do?sinfid=000012449985,2010-02-01,https://www.e-stat.go.jp/SG1/estat/Pdfdl.do?sinfid=000012449985,false
37406,香川県,,仲多度郡,まんのう町,,4,1,118,香川,35,重信・肱川,要現行資料照合,未確認,2010-02-01,https://www.e-stat.go.jp/SG1/estat/Pdfdl.do?sinfid=000012449985,2010-02-01,https://www.e-stat.go.jp/SG1/estat/Pdfdl.do?sinfid=000012449985,false
38201,愛媛県,,,松山市,,4,198,119,今治松山,35,重信・肱川,要現行資料照合,未確認,2010-02-01,https://www.e-stat.go.jp/SG1/estat/Pdfdl.do?sinfid=000012449985,2010-02-01,https://www.e-stat.go.jp/SG1/estat/Pdfdl.do?sinfid=000012449985,false
38202,愛媛県,,,今治市,,4,369,119,今治松山,35,重信・肱川,要現行資料照合,未確認,2010-02-01,https://www.e-stat.go.jp/SG1/estat/Pdfdl.do?sinfid=000012449985,2010-02-01,https://www.e-stat.go.jp/SG1/estat/Pdfdl.do?sinfid=000012449985,false
38203,愛媛県,,,宇和島市,,4,2670,123,南予,37,四万十川,要現行資料照合,未確認,2010-02-01,https://www.e-stat.go.jp/SG1/estat/Pdfdl.do?sinfid=000012449985,2010-02-01,https://www.e-stat.go.jp/SG1/estat/Pdfdl.do?sinfid=000012449985,false
38204,愛媛県,,,八幡浜市,,4,96,121,肱川,35,重信・肱川,要現行資料照合,未確認,2010-02-01,https://www.e-stat.go.jp/SG1/estat/Pdfdl.do?sinfid=000012449985,2010-02-01,https://www.e-stat.go.jp/SG1/estat/Pdfdl.do?sinfid=000012449985,false
38205,愛媛県,,,新居浜市,,4,11,120,東予,35,重信・肱川,要現行資料照合,未確認,2010-02-01,https://www.e-stat.go.jp/SG1/estat/Pdfdl.do?sinfid=000012449985,2010-02-01,https://www.e-stat.go.jp/SG1/estat/Pdfdl.do?sinfid=000012449985,false
38206,愛媛県,,,西条市,,4,12,120,東予,35,重信・肱川,要現行資料照合,未確認,2010-02-01,https://www.e-stat.go.jp/SG1/estat/Pdfdl.do?sinfid=000012449985,2010-02-01,https://www.e-stat.go.jp/SG1/estat/Pdfdl.do?sinfid=000012449985,false
38207,愛媛県,,,大洲市,,4,25,121,肱川,35,重信・肱川,要現行資料照合,未確認,2010-02-01,https://www.e-stat.go.jp/SG1/estat/Pdfdl.do?sinfid=000012449985,2010-02-01,https://www.e-stat.go.jp/SG1/estat/Pdfdl.do?sinfid=000012449985,false
38210,愛媛県,,,伊予市,,4,4,119,今治松山,35,重信・肱川,要現行資料照合,未確認,2010-02-01,https://www.e-stat.go.jp/SG1/estat/Pdfdl.do?sinfid=000012449985,2010-02-01,https://www.e-stat.go.jp/SG1/estat/Pdfdl.do?sinfid=000012449985,false
38213,愛媛県,,,四国中央市,,4,12,120,東予,35,重信・肱川,要現行資料照合,未確認,2010-02-01,https://www.e-stat.go.jp/SG1/estat/Pdfdl.do?sinfid=000012449985,2010-02-01,https://www.e-stat.go.jp/SG1/estat/Pdfdl.do?sinfid=000012449985,false
38214,愛媛県,,,西予市,,4,116,121,肱川,35,重信・肱川,要現行資料照合,未確認,2010-02-01,https://www.e-stat.go.jp/SG1/estat/Pdfdl.do?sinfid=000012449985,2010-02-01,https://www.e-stat.go.jp/SG1/estat/Pdfdl.do?sinfid=000012449985,false
38215,愛媛県,,,東温市,,4,1,119,今治松山,35,重信・肱川,要現行資料照合,未確認,2010-02-01,https://www.e-stat.go.jp/SG1/estat/Pdfdl.do?sinfid=000012449985,2010-02-01,https://www.e-stat.go.jp/SG1/estat/Pdfdl.do?sinfid=000012449985,false
38356,愛媛県,,越智郡,上島町,,4,52,119,今治松山,35,重信・肱川,要現行資料照合,未確認,2010-02-01,https://www.e-stat.go.jp/SG1/estat/Pdfdl.do?sinfid=000012449985,2010-02-01,https://www.e-stat.go.jp/SG1/estat/Pdfdl.do?sinfid=000012449985,false
38386,愛媛県,,上浮穴郡,久万高原町,,4,1,122,中予山岳,36,吉野・仁淀川,要現行資料照合,未確認,2010-02-01,https://www.e-stat.go.jp/SG1/estat/Pdfdl.do?sinfid=000012449985,2010-02-01,https://www.e-stat.go.jp/SG1/estat/Pdfdl.do?sinfid=000012449985,false
38401,愛媛県,,伊予郡,松前町,,4,1,119,今治松山,35,重信・肱川,要現行資料照合,未確認,2010-02-01,https://www.e-stat.go.jp/SG1/estat/Pdfdl.do?sinfid=000012449985,2010-02-01,https://www.e-stat.go.jp/SG1/estat/Pdfdl.do?sinfid=000012449985,false
38402,愛媛県,,伊予郡,砥部町,,4,1,119,今治松山,35,重信・肱川,要現行資料照合,未確認,2010-02-01,https://www.e-stat.go.jp/SG1/estat/Pdfdl.do?sinfid=000012449985,2010-02-01,https://www.e-stat.go.jp/SG1/estat/Pdfdl.do?sinfid=000012449985,false
38422,愛媛県,,喜多郡,内子町,,4,1,121,肱川,35,重信・肱川,要現行資料照合,未確認,2010-02-01,https://www.e-stat.go.jp/SG1/estat/Pdfdl.do?sinfid=000012449985,2010-02-01,https://www.e-stat.go.jp/SG1/estat/Pdfdl.do?sinfid=000012449985,false
38442,愛媛県,,西宇和郡,伊方町,,4,527,121,肱川,35,重信・肱川,要現行資料照合,未確認,2010-02-01,https://www.e-stat.go.jp/SG1/estat/Pdfdl.do?sinfid=000012449985,2010-02-01,https://www.e-stat.go.jp/SG1/estat/Pdfdl.do?sinfid=000012449985,false
38484,愛媛県,,北宇和郡,松野町,,4,1,123,南予,37,四万十川,要現行資料照合,未確認,2010-02-01,https://www.e-stat.go.jp/SG1/estat/Pdfdl.do?sinfid=000012449985,2010-02-01,https://www.e-stat.go.jp/SG1/estat/Pdfdl.do?sinfid=000012449985,false
38488,愛媛県,,北宇和郡,鬼北町,,4,1,123,南予,37,四万十川,要現行資料照合,未確認,2010-02-01,https://www.e-stat.go.jp/SG1/estat/Pdfdl.do?sinfid=000012449985,2010-02-01,https://www.e-stat.go.jp/SG1/estat/Pdfdl.do?sinfid=000012449985,false
38506,愛媛県,,南宇和郡,愛南町,,4,679,123,南予,37,四万十川,要現行資料照合,未確認,2010-02-01,https://www.e-stat.go.jp/SG1/estat/Pdfdl.do?sinfid=000012449985,2010-02-01,https://www.e-stat.go.jp/SG1/estat/Pdfdl.do?sinfid=000012449985,false
39201,高知県,,,高知市,,4,31,126,高知,36,吉野・仁淀川,要現行資料照合,未確認,2010-02-01,https://www.e-stat.go.jp/SG1/estat/Pdfdl.do?sinfid=000012449985,2010-02-01,https://www.e-stat.go.jp/SG1/estat/Pdfdl.do?sinfid=000012449985,false
39202,高知県,,,室戸市,,4,564,127,安芸,36,吉野・仁淀川,要現行資料照合,未確認,2010-02-01,https://www.e-stat.go.jp/SG1/estat/Pdfdl.do?sinfid=000012449985,2010-02-01,https://www.e-stat.go.jp/SG1/estat/Pdfdl.do?sinfid=000012449985,false
39203,高知県,,,安芸市,,4,81,127,安芸,36,吉野・仁淀川,要現行資料照合,未確認,2010-02-01,https://www.e-stat.go.jp/SG1/estat/Pdfdl.do?sinfid=000012449985,2010-02-01,https://www.e-stat.go.jp/SG1/estat/Pdfdl.do?sinfid=000012449985,false
39204,高知県,,,南国市,,4,1,126,高知,36,吉野・仁淀川,要現行資料照合,未確認,2010-02-01,https://www.e-stat.go.jp/SG1/estat/Pdfdl.do?sinfid=000012449985,2010-02-01,https://www.e-stat.go.jp/SG1/estat/Pdfdl.do?sinfid=000012449985,false
39205,高知県,,,土佐市,,4,27,124,嶺北仁淀,36,吉野・仁淀川,要現行資料照合,未確認,2010-02-01,https://www.e-stat.go.jp/SG1/estat/Pdfdl.do?sinfid=000012449985,2010-02-01,https://www.e-stat.go.jp/SG1/estat/Pdfdl.do?sinfid=000012449985,false
39206,高知県,,,須崎市,,4,767,125,四万十川,37,四万十川,要現行資料照合,未確認,2010-02-01,https://www.e-stat.go.jp/SG1/estat/Pdfdl.do?sinfid=000012449985,2010-02-01,https://www.e-stat.go.jp/SG1/estat/Pdfdl.do?sinfid=000012449985,false
39208,高知県,,,宿毛市,,4,217,125,四万十川,37,四万十川,要現行資料照合,未確認,2010-02-01,https://www.e-stat.go.jp/SG1/estat/Pdfdl.do?sinfid=000012449985,2010-02-01,https://www.e-stat.go.jp/SG1/estat/Pdfdl.do?sinfid=000012449985,false
39209,高知県,,,土佐清水市,,4,727,125,四万十川,37,四万十川,要現行資料照合,未確認,2010-02-01,https://www.e-stat.go.jp/SG1/estat/Pdfdl.do?sinfid=000012449985,2010-02-01,https://www.e-stat.go.jp/SG1/estat/Pdfdl.do?sinfid=000012449985,false
39210,高知県,,,四万十市,,4,108,125,四万十川,37,四万十川,要現行資料照合,未確認,2010-02-01,https://www.e-stat.go.jp/SG1/estat/Pdfdl.do?sinfid=000012449985,2010-02-01,https://www.e-stat.go.jp/SG1/estat/Pdfdl.do?sinfid=000012449985,false
39211,高知県,,,香南市,,4,38,126,高知,36,吉野・仁淀川,要現行資料照合,未確認,2010-02-01,https://www.e-stat.go.jp/SG1/estat/Pdfdl.do?sinfid=000012449985,2010-02-01,https://www.e-stat.go.jp/SG1/estat/Pdfdl.do?sinfid=000012449985,false
39212,高知県,,,香美市,,4,1,,,,,未対応・要調査,未確認,2010-02-01,https://www.e-stat.go.jp/SG1/estat/Pdfdl.do?sinfid=000012449985,2010-02-01,https://www.e-stat.go.jp/SG1/estat/Pdfdl.do?sinfid=000012449985,false
39301,高知県,,安芸郡,東洋町,,4,248,127,安芸,36,吉野・仁淀川,要現行資料照合,未確認,2010-02-01,https://www.e-stat.go.jp/SG1/estat/Pdfdl.do?sinfid=000012449985,2010-02-01,https://www.e-stat.go.jp/SG1/estat/Pdfdl.do?sinfid=000012449985,false
39302,高知県,,安芸郡,奈半利町,,4,25,127,安芸,36,吉野・仁淀川,要現行資料照合,未確認,2010-02-01,https://www.e-stat.go.jp/SG1/estat/Pdfdl.do?sinfid=000012449985,2010-02-01,https://www.e-stat.go.jp/SG1/estat/Pdfdl.do?sinfid=000012449985,false
39303,高知県,,安芸郡,田野町,,4,1,127,安芸,36,吉野・仁淀川,要現行資料照合,未確認,2010-02-01,https://www.e-stat.go.jp/SG1/estat/Pdfdl.do?sinfid=000012449985,2010-02-01,https://www.e-stat.go.jp/SG1/estat/Pdfdl.do?sinfid=000012449985,false
39304,高知県,,安芸郡,安田町,,4,28,127,安芸,36,吉野・仁淀川,要現行資料照合,未確認,2010-02-01,https://www.e-stat.go.jp/SG1/estat/Pdfdl.do?sinfid=000012449985,2010-02-01,https://www.e-stat.go.jp/SG1/estat/Pdfdl.do?sinfid=000012449985,false
39305,高知県,,安芸郡,北川村,,4,1,127,安芸,36,吉野・仁淀川,要現行資料照合,未確認,2010-02-01,https://www.e-stat.go.jp/SG1/estat/Pdfdl.do?sinfid=000012449985,2010-02-01,https://www.e-stat.go.jp/SG1/estat/Pdfdl.do?sinfid=000012449985,false
39306,高知県,,安芸郡,馬路村,,4,1,127,安芸,36,吉野・仁淀川,要現行資料照合,未確認,2010-02-01,https://www.e-stat.go.jp/SG1/estat/Pdfdl.do?sinfid=000012449985,2010-02-01,https://www.e-stat.go.jp/SG1/estat/Pdfdl.do?sinfid=000012449985,false
39307,高知県,,安芸郡,芸西村,,4,1,127,安芸,36,吉野・仁淀川,要現行資料照合,未確認,2010-02-01,https://www.e-stat.go.jp/SG1/estat/Pdfdl.do?sinfid=000012449985,2010-02-01,https://www.e-stat.go.jp/SG1/estat/Pdfdl.do?sinfid=000012449985,false
39341,高知県,,長岡郡,本山町,,4,1,124,嶺北仁淀,36,吉野・仁淀川,要現行資料照合,未確認,2010-02-01,https://www.e-stat.go.jp/SG1/estat/Pdfdl.do?sinfid=000012449985,2010-02-01,https://www.e-stat.go.jp/SG1/estat/Pdfdl.do?sinfid=000012449985,false
39344,高知県,,長岡郡,大豊町,,4,1,124,嶺北仁淀,36,吉野・仁淀川,要現行資料照合,未確認,2010-02-01,https://www.e-stat.go.jp/SG1/estat/Pdfdl.do?sinfid=000012449985,2010-02-01,https://www.e-stat.go.jp/SG1/estat/Pdfdl.do?sinfid=000012449985,false
39363,高知県,,土佐郡,土佐町,,4,1,124,嶺北仁淀,36,吉野・仁淀川,要現行資料照合,未確認,2010-02-01,https://www.e-stat.go.jp/SG1/estat/Pdfdl.do?sinfid=000012449985,2010-02-01,https://www.e-stat.go.jp/SG1/estat/Pdfdl.do?sinfid=000012449985,false
39364,高知県,,土佐郡,大川村,,4,1,124,嶺北仁淀,36,吉野・仁淀川,要現行資料照合,未確認,2010-02-01,https://www.e-stat.go.jp/SG1/estat/Pdfdl.do?sinfid=000012449985,2010-02-01,https://www.e-stat.go.jp/SG1/estat/Pdfdl.do?sinfid=000012449985,false
39386,高知県,,吾川郡,いの町,,4,1,124,嶺北仁淀,36,吉野・仁淀川,要現行資料照合,未確認,2010-02-01,https://www.e-stat.go.jp/SG1/estat/Pdfdl.do?sinfid=000012449985,2010-02-01,https://www.e-stat.go.jp/SG1/estat/Pdfdl.do?sinfid=000012449985,false
39387,高知県,,吾川郡,仁淀川町,,4,1,124,嶺北仁淀,36,吉野・仁淀川,要現行資料照合,未確認,2010-02-01,https://www.e-stat.go.jp/SG1/estat/Pdfdl.do?sinfid=000012449985,2010-02-01,https://www.e-stat.go.jp/SG1/estat/Pdfdl.do?sinfid=000012449985,false
39401,高知県,,高岡郡,中土佐町,,4,390,125,四万十川,37,四万十川,要現行資料照合,未確認,2010-02-01,https://www.e-stat.go.jp/SG1/estat/Pdfdl.do?sinfid=000012449985,2010-02-01,https://www.e-stat.go.jp/SG1/estat/Pdfdl.do?sinfid=000012449985,false
39402,高知県,,高岡郡,佐川町,,4,1,124,嶺北仁淀,36,吉野・仁淀川,要現行資料照合,未確認,2010-02-01,https://www.e-stat.go.jp/SG1/estat/Pdfdl.do?sinfid=000012449985,2010-02-01,https://www.e-stat.go.jp/SG1/estat/Pdfdl.do?sinfid=000012449985,false
39403,高知県,,高岡郡,越知町,,4,1,124,嶺北仁淀,36,吉野・仁淀川,要現行資料照合,未確認,2010-02-01,https://www.e-stat.go.jp/SG1/estat/Pdfdl.do?sinfid=000012449985,2010-02-01,https://www.e-stat.go.jp/SG1/estat/Pdfdl.do?sinfid=000012449985,false
39405,高知県,,高岡郡,檮原町,,4,1,125,四万十川,37,四万十川,要現行資料照合,未確認,2010-02-01,https://www.e-stat.go.jp/SG1/estat/Pdfdl.do?sinfid=000012449985,2010-02-01,https://www.e-stat.go.jp/SG1/estat/Pdfdl.do?sinfid=000012449985,false
39410,高知県,,高岡郡,日高村,,4,1,124,嶺北仁淀,36,吉野・仁淀川,要現行資料照合,未確認,2010-02-01,https://www.e-stat.go.jp/SG1/estat/Pdfdl.do?sinfid=000012449985,2010-02-01,https://www.e-stat.go.jp/SG1/estat/Pdfdl.do?sinfid=000012449985,false
39411,高知県,,高岡郡,津野町,,4,1,125,四万十川,37,四万十川,要現行資料照合,未確認,2010-02-01,https://www.e-stat.go.jp/SG1/estat/Pdfdl.do?sinfid=000012449985,2010-02-01,https://www.e-stat.go.jp/SG1/estat/Pdfdl.do?sinfid=000012449985,false
39412,高知県,,高岡郡,四万十町,,4,270,125,四万十川,37,四万十川,要現行資料照合,未確認,2010-02-01,https://www.e-stat.go.jp/SG1/estat/Pdfdl.do?sinfid=000012449985,2010-02-01,https://www.e-stat.go.jp/SG1/estat/Pdfdl.do?sinfid=000012449985,false
39424,高知県,,幡多郡,大月町,,4,464,125,四万十川,37,四万十川,要現行資料照合,未確認,2010-02-01,https://www.e-stat.go.jp/SG1/estat/Pdfdl.do?sinfid=000012449985,2010-02-01,https://www.e-stat.go.jp/SG1/estat/Pdfdl.do?sinfid=000012449985,false
39427,高知県,,幡多郡,三原村,,4,1,125,四万十川,37,四万十川,要現行資料照合,未確認,2010-02-01,https://www.e-stat.go.jp/SG1/estat/Pdfdl.do?sinfid=000012449985,2010-02-01,https://www.e-stat.go.jp/SG1/estat/Pdfdl.do?sinfid=000012449985,false
39428,高知県,,幡多郡,黒潮町,,4,430,125,四万十川,37,四万十川,要現行資料照合,未確認,2010-02-01,https://www.e-stat.go.jp/SG1/estat/Pdfdl.do?sinfid=000012449985,2010-02-01,https://www.e-stat.go.jp/SG1/estat/Pdfdl.do?sinfid=000012449985,false
40000,福岡県,,,所属未定地,,2,1,,,,,未対応・要調査,未確認,2010-02-01,https://www.e-stat.go.jp/SG1/estat/Pdfdl.do?sinfid=000012449985,2010-02-01,https://www.e-stat.go.jp/SG1/estat/Pdfdl.do?sinfid=000012449985,false
40101,福岡県,,,北九州市,門司区,2,21,128,遠賀川,38,遠賀・大野川,要現行資料照合,未確認,2010-02-01,https://www.e-stat.go.jp/SG1/estat/Pdfdl.do?sinfid=000012449985,2010-02-01,https://www.e-stat.go.jp/SG1/estat/Pdfdl.do?sinfid=000012449985,false
40103,福岡県,,,北九州市,若松区,2,73,128,遠賀川,38,遠賀・大野川,要現行資料照合,未確認,2010-02-01,https://www.e-stat.go.jp/SG1/estat/Pdfdl.do?sinfid=000012449985,2010-02-01,https://www.e-stat.go.jp/SG1/estat/Pdfdl.do?sinfid=000012449985,false
40105,福岡県,,,北九州市,戸畑区,2,3,128,遠賀川,38,遠賀・大野川,要現行資料照合,未確認,2010-02-01,https://www.e-stat.go.jp/SG1/estat/Pdfdl.do?sinfid=000012449985,2010-02-01,https://www.e-stat.go.jp/SG1/estat/Pdfdl.do?sinfid=000012449985,false
40106,福岡県,,,北九州市,小倉北区,2,24,128,遠賀川,38,遠賀・大野川,要現行資料照合,未確認,2010-02-01,https://www.e-stat.go.jp/SG1/estat/Pdfdl.do?sinfid=000012449985,2010-02-01,https://www.e-stat.go.jp/SG1/estat/Pdfdl.do?sinfid=000012449985,false
40107,福岡県,,,北九州市,小倉南区,2,8,128,遠賀川,38,遠賀・大野川,要現行資料照合,未確認,2010-02-01,https://www.e-stat.go.jp/SG1/estat/Pdfdl.do?sinfid=000012449985,2010-02-01,https://www.e-stat.go.jp/SG1/estat/Pdfdl.do?sinfid=000012449985,false
40108,福岡県,,,北九州市,八幡東区,2,1,128,遠賀川,38,遠賀・大野川,要現行資料照合,未確認,2010-02-01,https://www.e-stat.go.jp/SG1/estat/Pdfdl.do?sinfid=000012449985,2010-02-01,https://www.e-stat.go.jp/SG1/estat/Pdfdl.do?sinfid=000012449985,false
40109,福岡県,,,北九州市,八幡西区,2,13,128,遠賀川,38,遠賀・大野川,要現行資料照合,未確認,2010-02-01,https://www.e-stat.go.jp/SG1/estat/Pdfdl.do?sinfid=000012449985,2010-02-01,https://www.e-stat.go.jp/SG1/estat/Pdfdl.do?sinfid=000012449985,false
40131,福岡県,,,福岡市,東区,2,305,129,福岡,39,筑後川,要現行資料照合,未確認,2010-02-01,https://www.e-stat.go.jp/SG1/estat/Pdfdl.do?sinfid=000012449985,2010-02-01,https://www.e-stat.go.jp/SG1/estat/Pdfdl.do?sinfid=000012449985,false
40132,福岡県,,,福岡市,博多区,2,1,129,福岡,39,筑後川,要現行資料照合,未確認,2010-02-01,https://www.e-stat.go.jp/SG1/estat/Pdfdl.do?sinfid=000012449985,2010-02-01,https://www.e-stat.go.jp/SG1/estat/Pdfdl.do?sinfid=000012449985,false
40133,福岡県,,,福岡市,中央区,2,8,129,福岡,39,筑後川,要現行資料照合,未確認,2010-02-01,https://www.e-stat.go.jp/SG1/estat/Pdfdl.do?sinfid=000012449985,2010-02-01,https://www.e-stat.go.jp/SG1/estat/Pdfdl.do?sinfid=000012449985,false
40134,福岡県,,,福岡市,南区,2,1,129,福岡,39,筑後川,要現行資料照合,未確認,2010-02-01,https://www.e-stat.go.jp/SG1/estat/Pdfdl.do?sinfid=000012449985,2010-02-01,https://www.e-stat.go.jp/SG1/estat/Pdfdl.do?sinfid=000012449985,false
40135,福岡県,,,福岡市,西区,2,630,129,福岡,39,筑後川,要現行資料照合,未確認,2010-02-01,https://www.e-stat.go.jp/SG1/estat/Pdfdl.do?sinfid=000012449985,2010-02-01,https://www.e-stat.go.jp/SG1/estat/Pdfdl.do?sinfid=000012449985,false
40136,福岡県,,,福岡市,城南区,2,1,129,福岡,39,筑後川,要現行資料照合,未確認,2010-02-01,https://www.e-stat.go.jp/SG1/estat/Pdfdl.do?sinfid=000012449985,2010-02-01,https://www.e-stat.go.jp/SG1/estat/Pdfdl.do?sinfid=000012449985,false
40137,福岡県,,,福岡市,早良区,2,4,129,福岡,39,筑後川,要現行資料照合,未確認,2010-02-01,https://www.e-stat.go.jp/SG1/estat/Pdfdl.do?sinfid=000012449985,2010-02-01,https://www.e-stat.go.jp/SG1/estat/Pdfdl.do?sinfid=000012449985,false
40202,福岡県,,,大牟田市,,2,3,130,筑後・矢部川,39,筑後川,要現行資料照合,未確認,2010-02-01,https://www.e-stat.go.jp/SG1/estat/Pdfdl.do?sinfid=000012449985,2010-02-01,https://www.e-stat.go.jp/SG1/estat/Pdfdl.do?sinfid=000012449985,false
40203,福岡県,,,久留米市,,2,1,130,筑後・矢部川,39,筑後川,要現行資料照合,未確認,2010-02-01,https://www.e-stat.go.jp/SG1/estat/Pdfdl.do?sinfid=000012449985,2010-02-01,https://www.e-stat.go.jp/SG1/estat/Pdfdl.do?sinfid=000012449985,false
40204,福岡県,,,直方市,,2,1,128,遠賀川,38,遠賀・大野川,要現行資料照合,未確認,2010-02-01,https://www.e-stat.go.jp/SG1/estat/Pdfdl.do?sinfid=000012449985,2010-02-01,https://www.e-stat.go.jp/SG1/estat/Pdfdl.do?sinfid=000012449985,false
40205,福岡県,,,飯塚市,,2,1,128,遠賀川,38,遠賀・大野川,要現行資料照合,未確認,2010-02-01,https://www.e-stat.go.jp/SG1/estat/Pdfdl.do?sinfid=000012449985,2010-02-01,https://www.e-stat.go.jp/SG1/estat/Pdfdl.do?sinfid=000012449985,false
40206,福岡県,,,田川市,,2,1,128,遠賀川,38,遠賀・大野川,要現行資料照合,未確認,2010-02-01,https://www.e-stat.go.jp/SG1/estat/Pdfdl.do?sinfid=000012449985,2010-02-01,https://www.e-stat.go.jp/SG1/estat/Pdfdl.do?sinfid=000012449985,false
40207,福岡県,,,柳川市,,2,1,130,筑後・矢部川,39,筑後川,要現行資料照合,未確認,2010-02-01,https://www.e-stat.go.jp/SG1/estat/Pdfdl.do?sinfid=000012449985,2010-02-01,https://www.e-stat.go.jp/SG1/estat/Pdfdl.do?sinfid=000012449985,false
40210,福岡県,,,八女市,,2,1,130,筑後・矢部川,39,筑後川,要現行資料照合,未確認,2010-02-01,https://www.e-stat.go.jp/SG1/estat/Pdfdl.do?sinfid=000012449985,2010-02-01,https://www.e-stat.go.jp/SG1/estat/Pdfdl.do?sinfid=000012449985,false
40211,福岡県,,,筑後市,,2,1,130,筑後・矢部川,39,筑後川,要現行資料照合,未確認,2010-02-01,https://www.e-stat.go.jp/SG1/estat/Pdfdl.do?sinfid=000012449985,2010-02-01,https://www.e-stat.go.jp/SG1/estat/Pdfdl.do?sinfid=000012449985,false
40212,福岡県,,,大川市,,2,1,130,筑後・矢部川,39,筑後川,要現行資料照合,未確認,2010-02-01,https://www.e-stat.go.jp/SG1/estat/Pdfdl.do?sinfid=000012449985,2010-02-01,https://www.e-stat.go.jp/SG1/estat/Pdfdl.do?sinfid=000012449985,false
40213,福岡県,,,行橋市,,2,7,128,遠賀川,38,遠賀・大野川,要現行資料照合,未確認,2010-02-01,https://www.e-stat.go.jp/SG1/estat/Pdfdl.do?sinfid=000012449985,2010-02-01,https://www.e-stat.go.jp/SG1/estat/Pdfdl.do?sinfid=000012449985,false
40214,福岡県,,,豊前市,,2,8,128,遠賀川,38,遠賀・大野川,要現行資料照合,未確認,2010-02-01,https://www.e-stat.go.jp/SG1/estat/Pdfdl.do?sinfid=000012449985,2010-02-01,https://www.e-stat.go.jp/SG1/estat/Pdfdl.do?sinfid=000012449985,false
40215,福岡県,,,中間市,,2,1,128,遠賀川,38,遠賀・大野川,要現行資料照合,未確認,2010-02-01,https://www.e-stat.go.jp/SG1/estat/Pdfdl.do?sinfid=000012449985,2010-02-01,https://www.e-stat.go.jp/SG1/estat/Pdfdl.do?sinfid=000012449985,false
40216,福岡県,,,小郡市,,2,1,130,筑後・矢部川,39,筑後川,要現行資料照合,未確認,2010-02-01,https://www.e-stat.go.jp/SG1/estat/Pdfdl.do?sinfid=000012449985,2010-02-01,https://www.e-stat.go.jp/SG1/estat/Pdfdl.do?sinfid=000012449985,false
40217,福岡県,,,筑紫野市,,2,1,129,福岡,39,筑後川,要現行資料照合,未確認,2010-02-01,https://www.e-stat.go.jp/SG1/estat/Pdfdl.do?sinfid=000012449985,2010-02-01,https://www.e-stat.go.jp/SG1/estat/Pdfdl.do?sinfid=000012449985,false
40218,福岡県,,,春日市,,2,1,129,福岡,39,筑後川,要現行資料照合,未確認,2010-02-01,https://www.e-stat.go.jp/SG1/estat/Pdfdl.do?sinfid=000012449985,2010-02-01,https://www.e-stat.go.jp/SG1/estat/Pdfdl.do?sinfid=000012449985,false
40219,福岡県,,,大野城市,,2,1,129,福岡,39,筑後川,要現行資料照合,未確認,2010-02-01,https://www.e-stat.go.jp/SG1/estat/Pdfdl.do?sinfid=000012449985,2010-02-01,https://www.e-stat.go.jp/SG1/estat/Pdfdl.do?sinfid=000012449985,false
40220,福岡県,,,宗像市,,2,648,129,福岡,39,筑後川,要現行資料照合,未確認,2010-02-01,https://www.e-stat.go.jp/SG1/estat/Pdfdl.do?sinfid=000012449985,2010-02-01,https://www.e-stat.go.jp/SG1/estat/Pdfdl.do?sinfid=000012449985,false
40221,福岡県,,,太宰府市,,2,1,129,福岡,39,筑後川,要現行資料照合,未確認,2010-02-01,https://www.e-stat.go.jp/SG1/estat/Pdfdl.do?sinfid=000012449985,2010-02-01,https://www.e-stat.go.jp/SG1/estat/Pdfdl.do?sinfid=000012449985,false
40223,福岡県,,,古賀市,,2,1,129,福岡,39,筑後川,要現行資料照合,未確認,2010-02-01,https://www.e-stat.go.jp/SG1/estat/Pdfdl.do?sinfid=000012449985,2010-02-01,https://www.e-stat.go.jp/SG1/estat/Pdfdl.do?sinfid=000012449985,false
40224,福岡県,,,福津市,,2,43,129,福岡,39,筑後川,要現行資料照合,未確認,2010-02-01,https://www.e-stat.go.jp/SG1/estat/Pdfdl.do?sinfid=000012449985,2010-02-01,https://www.e-stat.go.jp/SG1/estat/Pdfdl.do?sinfid=000012449985,false
40225,福岡県,,,うきは市,,2,1,130,筑後・矢部川,39,筑後川,要現行資料照合,未確認,2010-02-01,https://www.e-stat.go.jp/SG1/estat/Pdfdl.do?sinfid=000012449985,2010-02-01,https://www.e-stat.go.jp/SG1/estat/Pdfdl.do?sinfid=000012449985,false
40226,福岡県,,,宮若市,,2,1,128,遠賀川,38,遠賀・大野川,要現行資料照合,未確認,2010-02-01,https://www.e-stat.go.jp/SG1/estat/Pdfdl.do?sinfid=000012449985,2010-02-01,https://www.e-stat.go.jp/SG1/estat/Pdfdl.do?sinfid=000012449985,false
40227,福岡県,,,嘉麻市,,2,1,128,遠賀川,38,遠賀・大野川,要現行資料照合,未確認,2010-02-01,https://www.e-stat.go.jp/SG1/estat/Pdfdl.do?sinfid=000012449985,2010-02-01,https://www.e-stat.go.jp/SG1/estat/Pdfdl.do?sinfid=000012449985,false
40228,福岡県,,,朝倉市,,2,2,130,筑後・矢部川,39,筑後川,要現行資料照合,未確認,2010-02-01,https://www.e-stat.go.jp/SG1/estat/Pdfdl.do?sinfid=000012449985,2010-02-01,https://www.e-stat.go.jp/SG1/estat/Pdfdl.do?sinfid=000012449985,false
40229,福岡県,,,みやま市,,2,1,130,筑後・矢部川,39,筑後川,要現行資料照合,未確認,2010-02-01,https://www.e-stat.go.jp/SG1/estat/Pdfdl.do?sinfid=000012449985,2010-02-01,https://www.e-stat.go.jp/SG1/estat/Pdfdl.do?sinfid=000012449985,false
40230,福岡県,,,糸島市,,2,412,129,福岡,39,筑後川,要現行資料照合,未確認,2010-02-01,https://www.e-stat.go.jp/SG1/estat/Pdfdl.do?sinfid=000012449985,2010-02-01,https://www.e-stat.go.jp/SG1/estat/Pdfdl.do?sinfid=000012449985,false
40231,福岡県,,,那珂川市,,2,1,,,,,未対応・要調査,未確認,2010-02-01,https://www.e-stat.go.jp/SG1/estat/Pdfdl.do?sinfid=000012449985,2010-02-01,https://www.e-stat.go.jp/SG1/estat/Pdfdl.do?sinfid=000012449985,false
40341,福岡県,,糟屋郡,宇美町,,2,1,129,福岡,39,筑後川,要現行資料照合,未確認,2010-02-01,https://www.e-stat.go.jp/SG1/estat/Pdfdl.do?sinfid=000012449985,2010-02-01,https://www.e-stat.go.jp/SG1/estat/Pdfdl.do?sinfid=000012449985,false
40342,福岡県,,糟屋郡,篠栗町,,2,1,129,福岡,39,筑後川,要現行資料照合,未確認,2010-02-01,https://www.e-stat.go.jp/SG1/estat/Pdfdl.do?sinfid=000012449985,2010-02-01,https://www.e-stat.go.jp/SG1/estat/Pdfdl.do?sinfid=000012449985,false
40343,福岡県,,糟屋郡,志免町,,2,1,129,福岡,39,筑後川,要現行資料照合,未確認,2010-02-01,https://www.e-stat.go.jp/SG1/estat/Pdfdl.do?sinfid=000012449985,2010-02-01,https://www.e-stat.go.jp/SG1/estat/Pdfdl.do?sinfid=000012449985,false
40344,福岡県,,糟屋郡,須恵町,,2,1,129,福岡,39,筑後川,要現行資料照合,未確認,2010-02-01,https://www.e-stat.go.jp/SG1/estat/Pdfdl.do?sinfid=000012449985,2010-02-01,https://www.e-stat.go.jp/SG1/estat/Pdfdl.do?sinfid=000012449985,false
40345,福岡県,,糟屋郡,新宮町,,2,30,129,福岡,39,筑後川,要現行資料照合,未確認,2010-02-01,https://www.e-stat.go.jp/SG1/estat/Pdfdl.do?sinfid=000012449985,2010-02-01,https://www.e-stat.go.jp/SG1/estat/Pdfdl.do?sinfid=000012449985,false
40348,福岡県,,糟屋郡,久山町,,2,1,129,福岡,39,筑後川,要現行資料照合,未確認,2010-02-01,https://www.e-stat.go.jp/SG1/estat/Pdfdl.do?sinfid=000012449985,2010-02-01,https://www.e-stat.go.jp/SG1/estat/Pdfdl.do?sinfid=000012449985,false
40349,福岡県,,糟屋郡,粕屋町,,2,1,129,福岡,39,筑後川,要現行資料照合,未確認,2010-02-01,https://www.e-stat.go.jp/SG1/estat/Pdfdl.do?sinfid=000012449985,2010-02-01,https://www.e-stat.go.jp/SG1/estat/Pdfdl.do?sinfid=000012449985,false
40381,福岡県,,遠賀郡,芦屋町,,2,31,128,遠賀川,38,遠賀・大野川,要現行資料照合,未確認,2010-02-01,https://www.e-stat.go.jp/SG1/estat/Pdfdl.do?sinfid=000012449985,2010-02-01,https://www.e-stat.go.jp/SG1/estat/Pdfdl.do?sinfid=000012449985,false
40382,福岡県,,遠賀郡,水巻町,,2,1,128,遠賀川,38,遠賀・大野川,要現行資料照合,未確認,2010-02-01,https://www.e-stat.go.jp/SG1/estat/Pdfdl.do?sinfid=000012449985,2010-02-01,https://www.e-stat.go.jp/SG1/estat/Pdfdl.do?sinfid=000012449985,false
40383,福岡県,,遠賀郡,岡垣町,,2,30,128,遠賀川,38,遠賀・大野川,要現行資料照合,未確認,2010-02-01,https://www.e-stat.go.jp/SG1/estat/Pdfdl.do?sinfid=000012449985,2010-02-01,https://www.e-stat.go.jp/SG1/estat/Pdfdl.do?sinfid=000012449985,false
40384,福岡県,,遠賀郡,遠賀町,,2,1,128,遠賀川,38,遠賀・大野川,要現行資料照合,未確認,2010-02-01,https://www.e-stat.go.jp/SG1/estat/Pdfdl.do?sinfid=000012449985,2010-02-01,https://www.e-stat.go.jp/SG1/estat/Pdfdl.do?sinfid=000012449985,false
40401,福岡県,,鞍手郡,小竹町,,2,1,128,遠賀川,38,遠賀・大野川,要現行資料照合,未確認,2010-02-01,https://www.e-stat.go.jp/SG1/estat/Pdfdl.do?sinfid=000012449985,2010-02-01,https://www.e-stat.go.jp/SG1/estat/Pdfdl.do?sinfid=000012449985,false
40402,福岡県,,鞍手郡,鞍手町,,2,1,128,遠賀川,38,遠賀・大野川,要現行資料照合,未確認,2010-02-01,https://www.e-stat.go.jp/SG1/estat/Pdfdl.do?sinfid=000012449985,2010-02-01,https://www.e-stat.go.jp/SG1/estat/Pdfdl.do?sinfid=000012449985,false
40421,福岡県,,嘉穂郡,桂川町,,2,1,128,遠賀川,38,遠賀・大野川,要現行資料照合,未確認,2010-02-01,https://www.e-stat.go.jp/SG1/estat/Pdfdl.do?sinfid=000012449985,2010-02-01,https://www.e-stat.go.jp/SG1/estat/Pdfdl.do?sinfid=000012449985,false
40447,福岡県,,朝倉郡,筑前町,,2,1,130,筑後・矢部川,39,筑後川,要現行資料照合,未確認,2010-02-01,https://www.e-stat.go.jp/SG1/estat/Pdfdl.do?sinfid=000012449985,2010-02-01,https://www.e-stat.go.jp/SG1/estat/Pdfdl.do?sinfid=000012449985,false
40448,福岡県,,朝倉郡,東峰村,,2,1,130,筑後・矢部川,39,筑後川,要現行資料照合,未確認,2010-02-01,https://www.e-stat.go.jp/SG1/estat/Pdfdl.do?sinfid=000012449985,2010-02-01,https://www.e-stat.go.jp/SG1/estat/Pdfdl.do?sinfid=000012449985,false
40503,福岡県,,三井郡,大刀洗町,,2,1,130,筑後・矢部川,39,筑後川,要現行資料照合,未確認,2010-02-01,https://www.e-stat.go.jp/SG1/estat/Pdfdl.do?sinfid=000012449985,2010-02-01,https://www.e-stat.go.jp/SG1/estat/Pdfdl.do?sinfid=000012449985,false
40522,福岡県,,三潴郡,大木町,,2,1,130,筑後・矢部川,39,筑後川,要現行資料照合,未確認,2010-02-01,https://www.e-stat.go.jp/SG1/estat/Pdfdl.do?sinfid=000012449985,2010-02-01,https://www.e-stat.go.jp/SG1/estat/Pdfdl.do?sinfid=000012449985,false
40544,福岡県,,八女郡,広川町,,2,2,130,筑後・矢部川,39,筑後川,要現行資料照合,未確認,2010-02-01,https://www.e-stat.go.jp/SG1/estat/Pdfdl.do?sinfid=000012449985,2010-02-01,https://www.e-stat.go.jp/SG1/estat/Pdfdl.do?sinfid=000012449985,false
40601,福岡県,,田川郡,香春町,,2,1,128,遠賀川,38,遠賀・大野川,要現行資料照合,未確認,2010-02-01,https://www.e-stat.go.jp/SG1/estat/Pdfdl.do?sinfid=000012449985,2010-02-01,https://www.e-stat.go.jp/SG1/estat/Pdfdl.do?sinfid=000012449985,false
40602,福岡県,,田川郡,添田町,,2,1,128,遠賀川,38,遠賀・大野川,要現行資料照合,未確認,2010-02-01,https://www.e-stat.go.jp/SG1/estat/Pdfdl.do?sinfid=000012449985,2010-02-01,https://www.e-stat.go.jp/SG1/estat/Pdfdl.do?sinfid=000012449985,false
40604,福岡県,,田川郡,糸田町,,2,1,128,遠賀川,38,遠賀・大野川,要現行資料照合,未確認,2010-02-01,https://www.e-stat.go.jp/SG1/estat/Pdfdl.do?sinfid=000012449985,2010-02-01,https://www.e-stat.go.jp/SG1/estat/Pdfdl.do?sinfid=000012449985,false
40605,福岡県,,田川郡,川崎町,,2,1,128,遠賀川,38,遠賀・大野川,要現行資料照合,未確認,2010-02-01,https://www.e-stat.go.jp/SG1/estat/Pdfdl.do?sinfid=000012449985,2010-02-01,https://www.e-stat.go.jp/SG1/estat/Pdfdl.do?sinfid=000012449985,false
40608,福岡県,,田川郡,大任町,,2,1,128,遠賀川,38,遠賀・大野川,要現行資料照合,未確認,2010-02-01,https://www.e-stat.go.jp/SG1/estat/Pdfdl.do?sinfid=000012449985,2010-02-01,https://www.e-stat.go.jp/SG1/estat/Pdfdl.do?sinfid=000012449985,false
40609,福岡県,,田川郡,赤村,,2,1,128,遠賀川,38,遠賀・大野川,要現行資料照合,未確認,2010-02-01,https://www.e-stat.go.jp/SG1/estat/Pdfdl.do?sinfid=000012449985,2010-02-01,https://www.e-stat.go.jp/SG1/estat/Pdfdl.do?sinfid=000012449985,false
40610,福岡県,,田川郡,福智町,,2,1,128,遠賀川,38,遠賀・大野川,要現行資料照合,未確認,2010-02-01,https://www.e-stat.go.jp/SG1/estat/Pdfdl.do?sinfid=000012449985,2010-02-01,https://www.e-stat.go.jp/SG1/estat/Pdfdl.do?sinfid=000012449985,false
40621,福岡県,,京都郡,苅田町,,2,9,128,遠賀川,38,遠賀・大野川,要現行資料照合,未確認,2010-02-01,https://www.e-stat.go.jp/SG1/estat/Pdfdl.do?sinfid=000012449985,2010-02-01,https://www.e-stat.go.jp/SG1/estat/Pdfdl.do?sinfid=000012449985,false
40625,福岡県,,京都郡,みやこ町,,2,1,128,遠賀川,38,遠賀・大野川,要現行資料照合,未確認,2010-02-01,https://www.e-stat.go.jp/SG1/estat/Pdfdl.do?sinfid=000012449985,2010-02-01,https://www.e-stat.go.jp/SG1/estat/Pdfdl.do?sinfid=000012449985,false
40642,福岡県,,築上郡,吉富町,,2,1,128,遠賀川,38,遠賀・大野川,要現行資料照合,未確認,2010-02-01,https://www.e-stat.go.jp/SG1/estat/Pdfdl.do?sinfid=000012449985,2010-02-01,https://www.e-stat.go.jp/SG1/estat/Pdfdl.do?sinfid=000012449985,false
40646,福岡県,,築上郡,上毛町,,2,1,128,遠賀川,38,遠賀・大野川,要現行資料照合,未確認,2010-02-01,https://www.e-stat.go.jp/SG1/estat/Pdfdl.do?sinfid=000012449985,2010-02-01,https://www.e-stat.go.jp/SG1/estat/Pdfdl.do?sinfid=000012449985,false
40647,福岡県,,築上郡,築上町,,2,2,128,遠賀川,38,遠賀・大野川,要現行資料照合,未確認,2010-02-01,https://www.e-stat.go.jp/SG1/estat/Pdfdl.do?sinfid=000012449985,2010-02-01,https://www.e-stat.go.jp/SG1/estat/Pdfdl.do?sinfid=000012449985,false
41201,佐賀県,,,佐賀市,,2,1,131,佐賀東部,39,筑後川,要現行資料照合,未確認,2010-02-01,https://www.e-stat.go.jp/SG1/estat/Pdfdl.do?sinfid=000012449985,2010-02-01,https://www.e-stat.go.jp/SG1/estat/Pdfdl.do?sinfid=000012449985,false
41202,佐賀県,,,唐津市,,2,244,132,佐賀西部,39,筑後川,要現行資料照合,未確認,2010-02-01,https://www.e-stat.go.jp/SG1/estat/Pdfdl.do?sinfid=000012449985,2010-02-01,https://www.e-stat.go.jp/SG1/estat/Pdfdl.do?sinfid=000012449985,false
41203,佐賀県,,,鳥栖市,,2,1,131,佐賀東部,39,筑後川,要現行資料照合,未確認,2010-02-01,https://www.e-stat.go.jp/SG1/estat/Pdfdl.do?sinfid=000012449985,2010-02-01,https://www.e-stat.go.jp/SG1/estat/Pdfdl.do?sinfid=000012449985,false
41204,佐賀県,,,多久市,,2,1,131,佐賀東部,39,筑後川,要現行資料照合,未確認,2010-02-01,https://www.e-stat.go.jp/SG1/estat/Pdfdl.do?sinfid=000012449985,2010-02-01,https://www.e-stat.go.jp/SG1/estat/Pdfdl.do?sinfid=000012449985,false
41205,佐賀県,,,伊万里市,,2,17,132,佐賀西部,39,筑後川,要現行資料照合,未確認,2010-02-01,https://www.e-stat.go.jp/SG1/estat/Pdfdl.do?sinfid=000012449985,2010-02-01,https://www.e-stat.go.jp/SG1/estat/Pdfdl.do?sinfid=000012449985,false
41206,佐賀県,,,武雄市,,2,1,131,佐賀東部,39,筑後川,要現行資料照合,未確認,2010-02-01,https://www.e-stat.go.jp/SG1/estat/Pdfdl.do?sinfid=000012449985,2010-02-01,https://www.e-stat.go.jp/SG1/estat/Pdfdl.do?sinfid=000012449985,false
41207,佐賀県,,,鹿島市,,2,6,131,佐賀東部,39,筑後川,要現行資料照合,未確認,2010-02-01,https://www.e-stat.go.jp/SG1/estat/Pdfdl.do?sinfid=000012449985,2010-02-01,https://www.e-stat.go.jp/SG1/estat/Pdfdl.do?sinfid=000012449985,false
41208,佐賀県,,,小城市,,2,1,131,佐賀東部,39,筑後川,要現行資料照合,未確認,2010-02-01,https://www.e-stat.go.jp/SG1/estat/Pdfdl.do?sinfid=000012449985,2010-02-01,https://www.e-stat.go.jp/SG1/estat/Pdfdl.do?sinfid=000012449985,false
41209,佐賀県,,,嬉野市,,2,1,131,佐賀東部,39,筑後川,要現行資料照合,未確認,2010-02-01,https://www.e-stat.go.jp/SG1/estat/Pdfdl.do?sinfid=000012449985,2010-02-01,https://www.e-stat.go.jp/SG1/estat/Pdfdl.do?sinfid=000012449985,false
41210,佐賀県,,,神埼市,,2,1,131,佐賀東部,39,筑後川,要現行資料照合,未確認,2010-02-01,https://www.e-stat.go.jp/SG1/estat/Pdfdl.do?sinfid=000012449985,2010-02-01,https://www.e-stat.go.jp/SG1/estat/Pdfdl.do?sinfid=000012449985,false
41327,佐賀県,,神埼郡,吉野ヶ里町,,2,1,131,佐賀東部,39,筑後川,要現行資料照合,未確認,2010-02-01,https://www.e-stat.go.jp/SG1/estat/Pdfdl.do?sinfid=000012449985,2010-02-01,https://www.e-stat.go.jp/SG1/estat/Pdfdl.do?sinfid=000012449985,false
41341,佐賀県,,三養基郡,基山町,,2,1,131,佐賀東部,39,筑後川,要現行資料照合,未確認,2010-02-01,https://www.e-stat.go.jp/SG1/estat/Pdfdl.do?sinfid=000012449985,2010-02-01,https://www.e-stat.go.jp/SG1/estat/Pdfdl.do?sinfid=000012449985,false
41345,佐賀県,,三養基郡,上峰町,,2,1,131,佐賀東部,39,筑後川,要現行資料照合,未確認,2010-02-01,https://www.e-stat.go.jp/SG1/estat/Pdfdl.do?sinfid=000012449985,2010-02-01,https://www.e-stat.go.jp/SG1/estat/Pdfdl.do?sinfid=000012449985,false
41346,佐賀県,,三養基郡,みやき町,,2,1,131,佐賀東部,39,筑後川,要現行資料照合,未確認,2010-02-01,https://www.e-stat.go.jp/SG1/estat/Pdfdl.do?sinfid=000012449985,2010-02-01,https://www.e-stat.go.jp/SG1/estat/Pdfdl.do?sinfid=000012449985,false
41387,佐賀県,,東松浦郡,玄海町,,2,26,132,佐賀西部,39,筑後川,要現行資料照合,未確認,2010-02-01,https://www.e-stat.go.jp/SG1/estat/Pdfdl.do?sinfid=000012449985,2010-02-01,https://www.e-stat.go.jp/SG1/estat/Pdfdl.do?sinfid=000012449985,false
41401,佐賀県,,西松浦郡,有田町,,2,1,132,佐賀西部,39,筑後川,要現行資料照合,未確認,2010-02-01,https://www.e-stat.go.jp/SG1/estat/Pdfdl.do?sinfid=000012449985,2010-02-01,https://www.e-stat.go.jp/SG1/estat/Pdfdl.do?sinfid=000012449985,false
41423,佐賀県,,杵島郡,大町町,,2,1,131,佐賀東部,39,筑後川,要現行資料照合,未確認,2010-02-01,https://www.e-stat.go.jp/SG1/estat/Pdfdl.do?sinfid=000012449985,2010-02-01,https://www.e-stat.go.jp/SG1/estat/Pdfdl.do?sinfid=000012449985,false
41424,佐賀県,,杵島郡,江北町,,2,1,131,佐賀東部,39,筑後川,要現行資料照合,未確認,2010-02-01,https://www.e-stat.go.jp/SG1/estat/Pdfdl.do?sinfid=000012449985,2010-02-01,https://www.e-stat.go.jp/SG1/estat/Pdfdl.do?sinfid=000012449985,false
41425,佐賀県,,杵島郡,白石町,,2,2,131,佐賀東部,39,筑後川,要現行資料照合,未確認,2010-02-01,https://www.e-stat.go.jp/SG1/estat/Pdfdl.do?sinfid=000012449985,2010-02-01,https://www.e-stat.go.jp/SG1/estat/Pdfdl.do?sinfid=000012449985,false
41441,佐賀県,,藤津郡,太良町,,2,6,131,佐賀東部,39,筑後川,要現行資料照合,未確認,2010-02-01,https://www.e-stat.go.jp/SG1/estat/Pdfdl.do?sinfid=000012449985,2010-02-01,https://www.e-stat.go.jp/SG1/estat/Pdfdl.do?sinfid=000012449985,false
42201,長崎県,,,長崎市,,1,2243,134,長崎南部,40,本明川,要現行資料照合,未確認,2010-02-01,https://www.e-stat.go.jp/SG1/estat/Pdfdl.do?sinfid=000012449985,2010-02-01,https://www.e-stat.go.jp/SG1/estat/Pdfdl.do?sinfid=000012449985,false
42202,長崎県,,,佐世保市,,1,953,133,長崎北部,40,本明川,要現行資料照合,未確認,2010-02-01,https://www.e-stat.go.jp/SG1/estat/Pdfdl.do?sinfid=000012449985,2010-02-01,https://www.e-stat.go.jp/SG1/estat/Pdfdl.do?sinfid=000012449985,false
42203,長崎県,,,島原市,,1,54,134,長崎南部,40,本明川,要現行資料照合,未確認,2010-02-01,https://www.e-stat.go.jp/SG1/estat/Pdfdl.do?sinfid=000012449985,2010-02-01,https://www.e-stat.go.jp/SG1/estat/Pdfdl.do?sinfid=000012449985,false
42204,長崎県,,,諫早市,,1,53,134,長崎南部,40,本明川,要現行資料照合,未確認,2010-02-01,https://www.e-stat.go.jp/SG1/estat/Pdfdl.do?sinfid=000012449985,2010-02-01,https://www.e-stat.go.jp/SG1/estat/Pdfdl.do?sinfid=000012449985,false
42205,長崎県,,,大村市,,1,16,134,長崎南部,40,本明川,要現行資料照合,未確認,2010-02-01,https://www.e-stat.go.jp/SG1/estat/Pdfdl.do?sinfid=000012449985,2010-02-01,https://www.e-stat.go.jp/SG1/estat/Pdfdl.do?sinfid=000012449985,false
42207,長崎県,,,平戸市,,1,591,133,長崎北部,40,本明川,要現行資料照合,未確認,2010-02-01,https://www.e-stat.go.jp/SG1/estat/Pdfdl.do?sinfid=000012449985,2010-02-01,https://www.e-stat.go.jp/SG1/estat/Pdfdl.do?sinfid=000012449985,false
42208,長崎県,,,松浦市,,1,200,133,長崎北部,40,本明川,要現行資料照合,未確認,2010-02-01,https://www.e-stat.go.jp/SG1/estat/Pdfdl.do?sinfid=000012449985,2010-02-01,https://www.e-stat.go.jp/SG1/estat/Pdfdl.do?sinfid=000012449985,false
42209,長崎県,,,対馬市,,1,519,136,対馬,40,本明川,要現行資料照合,未確認,2010-02-01,https://www.e-stat.go.jp/SG1/estat/Pdfdl.do?sinfid=000012449985,2010-02-01,https://www.e-stat.go.jp/SG1/estat/Pdfdl.do?sinfid=000012449985,false
42210,長崎県,,,壱岐市,,1,1184,135,五島壱岐,40,本明川,要現行資料照合,未確認,2010-02-01,https://www.e-stat.go.jp/SG1/estat/Pdfdl.do?sinfid=000012449985,2010-02-01,https://www.e-stat.go.jp/SG1/estat/Pdfdl.do?sinfid=000012449985,false
42211,長崎県,,,五島市,,1,1674,135,五島壱岐,40,本明川,要現行資料照合,未確認,2010-02-01,https://www.e-stat.go.jp/SG1/estat/Pdfdl.do?sinfid=000012449985,2010-02-01,https://www.e-stat.go.jp/SG1/estat/Pdfdl.do?sinfid=000012449985,false
42212,長崎県,,,西海市,,1,525,134,長崎南部,40,本明川,要現行資料照合,未確認,2010-02-01,https://www.e-stat.go.jp/SG1/estat/Pdfdl.do?sinfid=000012449985,2010-02-01,https://www.e-stat.go.jp/SG1/estat/Pdfdl.do?sinfid=000012449985,false
42213,長崎県,,,雲仙市,,1,11,134,長崎南部,40,本明川,要現行資料照合,未確認,2010-02-01,https://www.e-stat.go.jp/SG1/estat/Pdfdl.do?sinfid=000012449985,2010-02-01,https://www.e-stat.go.jp/SG1/estat/Pdfdl.do?sinfid=000012449985,false
42214,長崎県,,,南島原市,,1,66,134,長崎南部,40,本明川,要現行資料照合,未確認,2010-02-01,https://www.e-stat.go.jp/SG1/estat/Pdfdl.do?sinfid=000012449985,2010-02-01,https://www.e-stat.go.jp/SG1/estat/Pdfdl.do?sinfid=000012449985,false
42307,長崎県,,西彼杵郡,長与町,,1,4,134,長崎南部,40,本明川,要現行資料照合,未確認,2010-02-01,https://www.e-stat.go.jp/SG1/estat/Pdfdl.do?sinfid=000012449985,2010-02-01,https://www.e-stat.go.jp/SG1/estat/Pdfdl.do?sinfid=000012449985,false
42308,長崎県,,西彼杵郡,時津町,,1,18,134,長崎南部,40,本明川,要現行資料照合,未確認,2010-02-01,https://www.e-stat.go.jp/SG1/estat/Pdfdl.do?sinfid=000012449985,2010-02-01,https://www.e-stat.go.jp/SG1/estat/Pdfdl.do?sinfid=000012449985,false
42321,長崎県,,東彼杵郡,東彼杵町,,1,9,133,長崎北部,40,本明川,要現行資料照合,未確認,2010-02-01,https://www.e-stat.go.jp/SG1/estat/Pdfdl.do?sinfid=000012449985,2010-02-01,https://www.e-stat.go.jp/SG1/estat/Pdfdl.do?sinfid=000012449985,false
42322,長崎県,,東彼杵郡,川棚町,,1,10,133,長崎北部,40,本明川,要現行資料照合,未確認,2010-02-01,https://www.e-stat.go.jp/SG1/estat/Pdfdl.do?sinfid=000012449985,2010-02-01,https://www.e-stat.go.jp/SG1/estat/Pdfdl.do?sinfid=000012449985,false
42323,長崎県,,東彼杵郡,波佐見町,,1,1,133,長崎北部,40,本明川,要現行資料照合,未確認,2010-02-01,https://www.e-stat.go.jp/SG1/estat/Pdfdl.do?sinfid=000012449985,2010-02-01,https://www.e-stat.go.jp/SG1/estat/Pdfdl.do?sinfid=000012449985,false
42383,長崎県,,北松浦郡,小値賀町,,1,220,133,長崎北部,40,本明川,要現行資料照合,未確認,2010-02-01,https://www.e-stat.go.jp/SG1/estat/Pdfdl.do?sinfid=000012449985,2010-02-01,https://www.e-stat.go.jp/SG1/estat/Pdfdl.do?sinfid=000012449985,false
42391,長崎県,,北松浦郡,佐々町,,1,1,133,長崎北部,40,本明川,要現行資料照合,未確認,2010-02-01,https://www.e-stat.go.jp/SG1/estat/Pdfdl.do?sinfid=000012449985,2010-02-01,https://www.e-stat.go.jp/SG1/estat/Pdfdl.do?sinfid=000012449985,false
42411,長崎県,,南松浦郡,新上五島町,,1,856,135,五島壱岐,40,本明川,要現行資料照合,未確認,2010-02-01,https://www.e-stat.go.jp/SG1/estat/Pdfdl.do?sinfid=000012449985,2010-02-01,https://www.e-stat.go.jp/SG1/estat/Pdfdl.do?sinfid=000012449985,false
43101,熊本県,,,熊本市,中央区,2,1,137,白川・菊池川,41,菊池・球磨川,要現行資料照合,未確認,2010-02-01,https://www.e-stat.go.jp/SG1/estat/Pdfdl.do?sinfid=000012449985,2010-02-01,https://www.e-stat.go.jp/SG1/estat/Pdfdl.do?sinfid=000012449985,false
43102,熊本県,,,熊本市,東区,2,1,137,白川・菊池川,41,菊池・球磨川,要現行資料照合,未確認,2010-02-01,https://www.e-stat.go.jp/SG1/estat/Pdfdl.do?sinfid=000012449985,2010-02-01,https://www.e-stat.go.jp/SG1/estat/Pdfdl.do?sinfid=000012449985,false
43103,熊本県,,,熊本市,西区,2,8,137,白川・菊池川,41,菊池・球磨川,要現行資料照合,未確認,2010-02-01,https://www.e-stat.go.jp/SG1/estat/Pdfdl.do?sinfid=000012449985,2010-02-01,https://www.e-stat.go.jp/SG1/estat/Pdfdl.do?sinfid=000012449985,false
43104,熊本県,,,熊本市,南区,2,1,137,白川・菊池川,41,菊池・球磨川,要現行資料照合,未確認,2010-02-01,https://www.e-stat.go.jp/SG1/estat/Pdfdl.do?sinfid=000012449985,2010-02-01,https://www.e-stat.go.jp/SG1/estat/Pdfdl.do?sinfid=000012449985,false
43105,熊本県,,,熊本市,北区,2,1,137,白川・菊池川,41,菊池・球磨川,要現行資料照合,未確認,2010-02-01,https://www.e-stat.go.jp/SG1/estat/Pdfdl.do?sinfid=000012449985,2010-02-01,https://www.e-stat.go.jp/SG1/estat/Pdfdl.do?sinfid=000012449985,false
43202,熊本県,,,八代市,,2,22,139,球磨川,41,菊池・球磨川,要現行資料照合,未確認,2010-02-01,https://www.e-stat.go.jp/SG1/estat/Pdfdl.do?sinfid=000012449985,2010-02-01,https://www.e-stat.go.jp/SG1/estat/Pdfdl.do?sinfid=000012449985,false
43203,熊本県,,,人吉市,,2,1,139,球磨川,41,菊池・球磨川,要現行資料照合,未確認,2010-02-01,https://www.e-stat.go.jp/SG1/estat/Pdfdl.do?sinfid=000012449985,2010-02-01,https://www.e-stat.go.jp/SG1/estat/Pdfdl.do?sinfid=000012449985,false
43204,熊本県,,,荒尾市,,2,1,137,白川・菊池川,41,菊池・球磨川,要現行資料照合,未確認,2010-02-01,https://www.e-stat.go.jp/SG1/estat/Pdfdl.do?sinfid=000012449985,2010-02-01,https://www.e-stat.go.jp/SG1/estat/Pdfdl.do?sinfid=000012449985,false
43205,熊本県,,,水俣市,,2,25,139,球磨川,41,菊池・球磨川,要現行資料照合,未確認,2010-02-01,https://www.e-stat.go.jp/SG1/estat/Pdfdl.do?sinfid=000012449985,2010-02-01,https://www.e-stat.go.jp/SG1/estat/Pdfdl.do?sinfid=000012449985,false
43206,熊本県,,,玉名市,,2,4,137,白川・菊池川,41,菊池・球磨川,要現行資料照合,未確認,2010-02-01,https://www.e-stat.go.jp/SG1/estat/Pdfdl.do?sinfid=000012449985,2010-02-01,https://www.e-stat.go.jp/SG1/estat/Pdfdl.do?sinfid=000012449985,false
43208,熊本県,,,山鹿市,,2,1,137,白川・菊池川,41,菊池・球磨川,要現行資料照合,未確認,2010-02-01,https://www.e-stat.go.jp/SG1/estat/Pdfdl.do?sinfid=000012449985,2010-02-01,https://www.e-stat.go.jp/SG1/estat/Pdfdl.do?sinfid=000012449985,false
43210,熊本県,,,菊池市,,2,1,137,白川・菊池川,41,菊池・球磨川,要現行資料照合,未確認,2010-02-01,https://www.e-stat.go.jp/SG1/estat/Pdfdl.do?sinfid=000012449985,2010-02-01,https://www.e-stat.go.jp/SG1/estat/Pdfdl.do?sinfid=000012449985,false
43211,熊本県,,,宇土市,,2,5,138,緑川,41,菊池・球磨川,要現行資料照合,未確認,2010-02-01,https://www.e-stat.go.jp/SG1/estat/Pdfdl.do?sinfid=000012449985,2010-02-01,https://www.e-stat.go.jp/SG1/estat/Pdfdl.do?sinfid=000012449985,false
43212,熊本県,,,上天草市,,2,283,140,天草,41,菊池・球磨川,要現行資料照合,未確認,2010-02-01,https://www.e-stat.go.jp/SG1/estat/Pdfdl.do?sinfid=000012449985,2010-02-01,https://www.e-stat.go.jp/SG1/estat/Pdfdl.do?sinfid=000012449985,false
43213,熊本県,,,宇城市,,2,26,138,緑川,41,菊池・球磨川,要現行資料照合,未確認,2010-02-01,https://www.e-stat.go.jp/SG1/estat/Pdfdl.do?sinfid=000012449985,2010-02-01,https://www.e-stat.go.jp/SG1/estat/Pdfdl.do?sinfid=000012449985,false
43214,熊本県,,,阿蘇市,,2,1,137,白川・菊池川,41,菊池・球磨川,要現行資料照合,未確認,2010-02-01,https://www.e-stat.go.jp/SG1/estat/Pdfdl.do?sinfid=000012449985,2010-02-01,https://www.e-stat.go.jp/SG1/estat/Pdfdl.do?sinfid=000012449985,false
43215,熊本県,,,天草市,,2,1507,140,天草,41,菊池・球磨川,要現行資料照合,未確認,2010-02-01,https://www.e-stat.go.jp/SG1/estat/Pdfdl.do?sinfid=000012449985,2010-02-01,https://www.e-stat.go.jp/SG1/estat/Pdfdl.do?sinfid=000012449985,false
43216,熊本県,,,合志市,,2,1,137,白川・菊池川,41,菊池・球磨川,要現行資料照合,未確認,2010-02-01,https://www.e-stat.go.jp/SG1/estat/Pdfdl.do?sinfid=000012449985,2010-02-01,https://www.e-stat.go.jp/SG1/estat/Pdfdl.do?sinfid=000012449985,false
43348,熊本県,,下益城郡,美里町,,2,1,138,緑川,41,菊池・球磨川,要現行資料照合,未確認,2010-02-01,https://www.e-stat.go.jp/SG1/estat/Pdfdl.do?sinfid=000012449985,2010-02-01,https://www.e-stat.go.jp/SG1/estat/Pdfdl.do?sinfid=000012449985,false
43364,熊本県,,玉名郡,玉東町,,2,1,137,白川・菊池川,41,菊池・球磨川,要現行資料照合,未確認,2010-02-01,https://www.e-stat.go.jp/SG1/estat/Pdfdl.do?sinfid=000012449985,2010-02-01,https://www.e-stat.go.jp/SG1/estat/Pdfdl.do?sinfid=000012449985,false
43367,熊本県,,玉名郡,南関町,,2,1,137,白川・菊池川,41,菊池・球磨川,要現行資料照合,未確認,2010-02-01,https://www.e-stat.go.jp/SG1/estat/Pdfdl.do?sinfid=000012449985,2010-02-01,https://www.e-stat.go.jp/SG1/estat/Pdfdl.do?sinfid=000012449985,false
43368,熊本県,,玉名郡,長洲町,,2,3,137,白川・菊池川,41,菊池・球磨川,要現行資料照合,未確認,2010-02-01,https://www.e-stat.go.jp/SG1/estat/Pdfdl.do?sinfid=000012449985,2010-02-01,https://www.e-stat.go.jp/SG1/estat/Pdfdl.do?sinfid=000012449985,false
43369,熊本県,,玉名郡,和水町,,2,1,137,白川・菊池川,41,菊池・球磨川,要現行資料照合,未確認,2010-02-01,https://www.e-stat.go.jp/SG1/estat/Pdfdl.do?sinfid=000012449985,2010-02-01,https://www.e-stat.go.jp/SG1/estat/Pdfdl.do?sinfid=000012449985,false
43403,熊本県,,菊池郡,大津町,,2,1,137,白川・菊池川,41,菊池・球磨川,要現行資料照合,未確認,2010-02-01,https://www.e-stat.go.jp/SG1/estat/Pdfdl.do?sinfid=000012449985,2010-02-01,https://www.e-stat.go.jp/SG1/estat/Pdfdl.do?sinfid=000012449985,false
43404,熊本県,,菊池郡,菊陽町,,2,1,137,白川・菊池川,41,菊池・球磨川,要現行資料照合,未確認,2010-02-01,https://www.e-stat.go.jp/SG1/estat/Pdfdl.do?sinfid=000012449985,2010-02-01,https://www.e-stat.go.jp/SG1/estat/Pdfdl.do?sinfid=000012449985,false
43423,熊本県,,阿蘇郡,南小国町,,2,1,137,白川・菊池川,41,菊池・球磨川,要現行資料照合,未確認,2010-02-01,https://www.e-stat.go.jp/SG1/estat/Pdfdl.do?sinfid=000012449985,2010-02-01,https://www.e-stat.go.jp/SG1/estat/Pdfdl.do?sinfid=000012449985,false
43424,熊本県,,阿蘇郡,小国町,,2,1,137,白川・菊池川,41,菊池・球磨川,要現行資料照合,未確認,2010-02-01,https://www.e-stat.go.jp/SG1/estat/Pdfdl.do?sinfid=000012449985,2010-02-01,https://www.e-stat.go.jp/SG1/estat/Pdfdl.do?sinfid=000012449985,false
43425,熊本県,,阿蘇郡,産山村,,2,1,137,白川・菊池川,41,菊池・球磨川,要現行資料照合,未確認,2010-02-01,https://www.e-stat.go.jp/SG1/estat/Pdfdl.do?sinfid=000012449985,2010-02-01,https://www.e-stat.go.jp/SG1/estat/Pdfdl.do?sinfid=000012449985,false
43428,熊本県,,阿蘇郡,高森町,,2,1,137,白川・菊池川,41,菊池・球磨川,要現行資料照合,未確認,2010-02-01,https://www.e-stat.go.jp/SG1/estat/Pdfdl.do?sinfid=000012449985,2010-02-01,https://www.e-stat.go.jp/SG1/estat/Pdfdl.do?sinfid=000012449985,false
43432,熊本県,,阿蘇郡,西原村,,2,1,137,白川・菊池川,41,菊池・球磨川,要現行資料照合,未確認,2010-02-01,https://www.e-stat.go.jp/SG1/estat/Pdfdl.do?sinfid=000012449985,2010-02-01,https://www.e-stat.go.jp/SG1/estat/Pdfdl.do?sinfid=000012449985,false
43433,熊本県,,阿蘇郡,南阿蘇村,,2,1,137,白川・菊池川,41,菊池・球磨川,要現行資料照合,未確認,2010-02-01,https://www.e-stat.go.jp/SG1/estat/Pdfdl.do?sinfid=000012449985,2010-02-01,https://www.e-stat.go.jp/SG1/estat/Pdfdl.do?sinfid=000012449985,false
43441,熊本県,,上益城郡,御船町,,2,1,138,緑川,41,菊池・球磨川,要現行資料照合,未確認,2010-02-01,https://www.e-stat.go.jp/SG1/estat/Pdfdl.do?sinfid=000012449985,2010-02-01,https://www.e-stat.go.jp/SG1/estat/Pdfdl.do?sinfid=000012449985,false
43442,熊本県,,上益城郡,嘉島町,,2,1,138,緑川,41,菊池・球磨川,要現行資料照合,未確認,2010-02-01,https://www.e-stat.go.jp/SG1/estat/Pdfdl.do?sinfid=000012449985,2010-02-01,https://www.e-stat.go.jp/SG1/estat/Pdfdl.do?sinfid=000012449985,false
43443,熊本県,,上益城郡,益城町,,2,1,138,緑川,41,菊池・球磨川,要現行資料照合,未確認,2010-02-01,https://www.e-stat.go.jp/SG1/estat/Pdfdl.do?sinfid=000012449985,2010-02-01,https://www.e-stat.go.jp/SG1/estat/Pdfdl.do?sinfid=000012449985,false
43444,熊本県,,上益城郡,甲佐町,,2,1,138,緑川,41,菊池・球磨川,要現行資料照合,未確認,2010-02-01,https://www.e-stat.go.jp/SG1/estat/Pdfdl.do?sinfid=000012449985,2010-02-01,https://www.e-stat.go.jp/SG1/estat/Pdfdl.do?sinfid=000012449985,false
43447,熊本県,,上益城郡,山都町,,2,1,138,緑川,41,菊池・球磨川,要現行資料照合,未確認,2010-02-01,https://www.e-stat.go.jp/SG1/estat/Pdfdl.do?sinfid=000012449985,2010-02-01,https://www.e-stat.go.jp/SG1/estat/Pdfdl.do?sinfid=000012449985,false
43468,熊本県,,八代郡,氷川町,,2,1,139,球磨川,41,菊池・球磨川,要現行資料照合,未確認,2010-02-01,https://www.e-stat.go.jp/SG1/estat/Pdfdl.do?sinfid=000012449985,2010-02-01,https://www.e-stat.go.jp/SG1/estat/Pdfdl.do?sinfid=000012449985,false
43482,熊本県,,葦北郡,芦北町,,2,24,139,球磨川,41,菊池・球磨川,要現行資料照合,未確認,2010-02-01,https://www.e-stat.go.jp/SG1/estat/Pdfdl.do?sinfid=000012449985,2010-02-01,https://www.e-stat.go.jp/SG1/estat/Pdfdl.do?sinfid=000012449985,false
43484,熊本県,,葦北郡,津奈木町,,2,20,139,球磨川,41,菊池・球磨川,要現行資料照合,未確認,2010-02-01,https://www.e-stat.go.jp/SG1/estat/Pdfdl.do?sinfid=000012449985,2010-02-01,https://www.e-stat.go.jp/SG1/estat/Pdfdl.do?sinfid=000012449985,false
43501,熊本県,,球磨郡,錦町,,2,1,139,球磨川,41,菊池・球磨川,要現行資料照合,未確認,2010-02-01,https://www.e-stat.go.jp/SG1/estat/Pdfdl.do?sinfid=000012449985,2010-02-01,https://www.e-stat.go.jp/SG1/estat/Pdfdl.do?sinfid=000012449985,false
43505,熊本県,,球磨郡,多良木町,,2,1,139,球磨川,41,菊池・球磨川,要現行資料照合,未確認,2010-02-01,https://www.e-stat.go.jp/SG1/estat/Pdfdl.do?sinfid=000012449985,2010-02-01,https://www.e-stat.go.jp/SG1/estat/Pdfdl.do?sinfid=000012449985,false
43506,熊本県,,球磨郡,湯前町,,2,1,139,球磨川,41,菊池・球磨川,要現行資料照合,未確認,2010-02-01,https://www.e-stat.go.jp/SG1/estat/Pdfdl.do?sinfid=000012449985,2010-02-01,https://www.e-stat.go.jp/SG1/estat/Pdfdl.do?sinfid=000012449985,false
43507,熊本県,,球磨郡,水上村,,2,1,139,球磨川,41,菊池・球磨川,要現行資料照合,未確認,2010-02-01,https://www.e-stat.go.jp/SG1/estat/Pdfdl.do?sinfid=000012449985,2010-02-01,https://www.e-stat.go.jp/SG1/estat/Pdfdl.do?sinfid=000012449985,false
43510,熊本県,,球磨郡,相良村,,2,1,139,球磨川,41,菊池・球磨川,要現行資料照合,未確認,2010-02-01,https://www.e-stat.go.jp/SG1/estat/Pdfdl.do?sinfid=000012449985,2010-02-01,https://www.e-stat.go.jp/SG1/estat/Pdfdl.do?sinfid=000012449985,false
43511,熊本県,,球磨郡,五木村,,2,1,139,球磨川,41,菊池・球磨川,要現行資料照合,未確認,2010-02-01,https://www.e-stat.go.jp/SG1/estat/Pdfdl.do?sinfid=000012449985,2010-02-01,https://www.e-stat.go.jp/SG1/estat/Pdfdl.do?sinfid=000012449985,false
43512,熊本県,,球磨郡,山江村,,2,1,139,球磨川,41,菊池・球磨川,要現行資料照合,未確認,2010-02-01,https://www.e-stat.go.jp/SG1/estat/Pdfdl.do?sinfid=000012449985,2010-02-01,https://www.e-stat.go.jp/SG1/estat/Pdfdl.do?sinfid=000012449985,false
43513,熊本県,,球磨郡,球磨村,,2,1,139,球磨川,41,菊池・球磨川,要現行資料照合,未確認,2010-02-01,https://www.e-stat.go.jp/SG1/estat/Pdfdl.do?sinfid=000012449985,2010-02-01,https://www.e-stat.go.jp/SG1/estat/Pdfdl.do?sinfid=000012449985,false
43514,熊本県,,球磨郡,あさぎり町,,2,1,139,球磨川,41,菊池・球磨川,要現行資料照合,未確認,2010-02-01,https://www.e-stat.go.jp/SG1/estat/Pdfdl.do?sinfid=000012449985,2010-02-01,https://www.e-stat.go.jp/SG1/estat/Pdfdl.do?sinfid=000012449985,false
43531,熊本県,,天草郡,苓北町,,2,80,140,天草,41,菊池・球磨川,要現行資料照合,未確認,2010-02-01,https://www.e-stat.go.jp/SG1/estat/Pdfdl.do?sinfid=000012449985,2010-02-01,https://www.e-stat.go.jp/SG1/estat/Pdfdl.do?sinfid=000012449985,false
44201,大分県,,,大分市,,2,1016,142,大分中部,38,遠賀・大野川,要現行資料照合,未確認,2010-02-01,https://www.e-stat.go.jp/SG1/estat/Pdfdl.do?sinfid=000012449985,2010-02-01,https://www.e-stat.go.jp/SG1/estat/Pdfdl.do?sinfid=000012449985,false
44202,大分県,,,別府市,,2,9,141,大分北部,38,遠賀・大野川,要現行資料照合,未確認,2010-02-01,https://www.e-stat.go.jp/SG1/estat/Pdfdl.do?sinfid=000012449985,2010-02-01,https://www.e-stat.go.jp/SG1/estat/Pdfdl.do?sinfid=000012449985,false
44203,大分県,,,中津市,,2,5,141,大分北部,38,遠賀・大野川,要現行資料照合,未確認,2010-02-01,https://www.e-stat.go.jp/SG1/estat/Pdfdl.do?sinfid=000012449985,2010-02-01,https://www.e-stat.go.jp/SG1/estat/Pdfdl.do?sinfid=000012449985,false
44204,大分県,,,日田市,,2,1,144,大分西部,39,筑後川,要現行資料照合,未確認,2010-02-01,https://www.e-stat.go.jp/SG1/estat/Pdfdl.do?sinfid=000012449985,2010-02-01,https://www.e-stat.go.jp/SG1/estat/Pdfdl.do?sinfid=000012449985,false
44205,大分県,,,佐伯市,,2,967,143,大分南部,38,遠賀・大野川,要現行資料照合,未確認,2010-02-01,https://www.e-stat.go.jp/SG1/estat/Pdfdl.do?sinfid=000012449985,2010-02-01,https://www.e-stat.go.jp/SG1/estat/Pdfdl.do?sinfid=000012449985,false
44206,大分県,,,臼杵市,,2,65,142,大分中部,38,遠賀・大野川,要現行資料照合,未確認,2010-02-01,https://www.e-stat.go.jp/SG1/estat/Pdfdl.do?sinfid=000012449985,2010-02-01,https://www.e-stat.go.jp/SG1/estat/Pdfdl.do?sinfid=000012449985,false
44207,大分県,,,津久見市,,2,190,142,大分中部,38,遠賀・大野川,要現行資料照合,未確認,2010-02-01,https://www.e-stat.go.jp/SG1/estat/Pdfdl.do?sinfid=000012449985,2010-02-01,https://www.e-stat.go.jp/SG1/estat/Pdfdl.do?sinfid=000012449985,false
44208,大分県,,,竹田市,,2,1,142,大分中部,38,遠賀・大野川,要現行資料照合,未確認,2010-02-01,https://www.e-stat.go.jp/SG1/estat/Pdfdl.do?sinfid=000012449985,2010-02-01,https://www.e-stat.go.jp/SG1/estat/Pdfdl.do?sinfid=000012449985,false
44209,大分県,,,豊後高田市,,2,9,141,大分北部,38,遠賀・大野川,要現行資料照合,未確認,2010-02-01,https://www.e-stat.go.jp/SG1/estat/Pdfdl.do?sinfid=000012449985,2010-02-01,https://www.e-stat.go.jp/SG1/estat/Pdfdl.do?sinfid=000012449985,false
44210,大分県,,,杵築市,,2,11,141,大分北部,38,遠賀・大野川,要現行資料照合,未確認,2010-02-01,https://www.e-stat.go.jp/SG1/estat/Pdfdl.do?sinfid=000012449985,2010-02-01,https://www.e-stat.go.jp/SG1/estat/Pdfdl.do?sinfid=000012449985,false
44211,大分県,,,宇佐市,,2,14,141,大分北部,38,遠賀・大野川,要現行資料照合,未確認,2010-02-01,https://www.e-stat.go.jp/SG1/estat/Pdfdl.do?sinfid=000012449985,2010-02-01,https://www.e-stat.go.jp/SG1/estat/Pdfdl.do?sinfid=000012449985,false
44212,大分県,,,豊後大野市,,2,1,142,大分中部,38,遠賀・大野川,要現行資料照合,未確認,2010-02-01,https://www.e-stat.go.jp/SG1/estat/Pdfdl.do?sinfid=000012449985,2010-02-01,https://www.e-stat.go.jp/SG1/estat/Pdfdl.do?sinfid=000012449985,false
44213,大分県,,,由布市,,2,1,142,大分中部,38,遠賀・大野川,要現行資料照合,未確認,2010-02-01,https://www.e-stat.go.jp/SG1/estat/Pdfdl.do?sinfid=000012449985,2010-02-01,https://www.e-stat.go.jp/SG1/estat/Pdfdl.do?sinfid=000012449985,false
44214,大分県,,,国東市,,2,50,141,大分北部,38,遠賀・大野川,要現行資料照合,未確認,2010-02-01,https://www.e-stat.go.jp/SG1/estat/Pdfdl.do?sinfid=000012449985,2010-02-01,https://www.e-stat.go.jp/SG1/estat/Pdfdl.do?sinfid=000012449985,false
44322,大分県,,東国東郡,姫島村,,2,6,141,大分北部,38,遠賀・大野川,要現行資料照合,未確認,2010-02-01,https://www.e-stat.go.jp/SG1/estat/Pdfdl.do?sinfid=000012449985,2010-02-01,https://www.e-stat.go.jp/SG1/estat/Pdfdl.do?sinfid=000012449985,false
44341,大分県,,速見郡,日出町,,2,14,141,大分北部,38,遠賀・大野川,要現行資料照合,未確認,2010-02-01,https://www.e-stat.go.jp/SG1/estat/Pdfdl.do?sinfid=000012449985,2010-02-01,https://www.e-stat.go.jp/SG1/estat/Pdfdl.do?sinfid=000012449985,false
44461,大分県,,玖珠郡,九重町,,2,1,144,大分西部,39,筑後川,要現行資料照合,未確認,2010-02-01,https://www.e-stat.go.jp/SG1/estat/Pdfdl.do?sinfid=000012449985,2010-02-01,https://www.e-stat.go.jp/SG1/estat/Pdfdl.do?sinfid=000012449985,false
44462,大分県,,玖珠郡,玖珠町,,2,1,144,大分西部,39,筑後川,要現行資料照合,未確認,2010-02-01,https://www.e-stat.go.jp/SG1/estat/Pdfdl.do?sinfid=000012449985,2010-02-01,https://www.e-stat.go.jp/SG1/estat/Pdfdl.do?sinfid=000012449985,false
45201,宮崎県,,,宮崎市,,2,14,148,大淀川,42,大淀川,要現行資料照合,未確認,2010-02-01,https://www.e-stat.go.jp/SG1/estat/Pdfdl.do?sinfid=000012449985,2010-02-01,https://www.e-stat.go.jp/SG1/estat/Pdfdl.do?sinfid=000012449985,false
45202,宮崎県,,,都城市,,2,1,148,大淀川,42,大淀川,要現行資料照合,未確認,2010-02-01,https://www.e-stat.go.jp/SG1/estat/Pdfdl.do?sinfid=000012449985,2010-02-01,https://www.e-stat.go.jp/SG1/estat/Pdfdl.do?sinfid=000012449985,false
45203,宮崎県,,,延岡市,,2,1045,145,五ヶ瀬川,42,大淀川,要現行資料照合,未確認,2010-02-01,https://www.e-stat.go.jp/SG1/estat/Pdfdl.do?sinfid=000012449985,2010-02-01,https://www.e-stat.go.jp/SG1/estat/Pdfdl.do?sinfid=000012449985,false
45204,宮崎県,,,日南市,,2,327,149,広渡川,42,大淀川,要現行資料照合,未確認,2010-02-01,https://www.e-stat.go.jp/SG1/estat/Pdfdl.do?sinfid=000012449985,2010-02-01,https://www.e-stat.go.jp/SG1/estat/Pdfdl.do?sinfid=000012449985,false
45205,宮崎県,,,小林市,,2,1,148,大淀川,42,大淀川,要現行資料照合,未確認,2010-02-01,https://www.e-stat.go.jp/SG1/estat/Pdfdl.do?sinfid=000012449985,2010-02-01,https://www.e-stat.go.jp/SG1/estat/Pdfdl.do?sinfid=000012449985,false
45206,宮崎県,,,日向市,,2,365,146,耳川,42,大淀川,要現行資料照合,未確認,2010-02-01,https://www.e-stat.go.jp/SG1/estat/Pdfdl.do?sinfid=000012449985,2010-02-01,https://www.e-stat.go.jp/SG1/estat/Pdfdl.do?sinfid=000012449985,false
45207,宮崎県,,,串間市,,2,551,149,広渡川,42,大淀川,要現行資料照合,未確認,2010-02-01,https://www.e-stat.go.jp/SG1/estat/Pdfdl.do?sinfid=000012449985,2010-02-01,https://www.e-stat.go.jp/SG1/estat/Pdfdl.do?sinfid=000012449985,false
45208,宮崎県,,,西都市,,2,1,147,一ツ瀬川,42,大淀川,要現行資料照合,未確認,2010-02-01,https://www.e-stat.go.jp/SG1/estat/Pdfdl.do?sinfid=000012449985,2010-02-01,https://www.e-stat.go.jp/SG1/estat/Pdfdl.do?sinfid=000012449985,false
45209,宮崎県,,,えびの市,,2,1,148,大淀川,42,大淀川,要現行資料照合,未確認,2010-02-01,https://www.e-stat.go.jp/SG1/estat/Pdfdl.do?sinfid=000012449985,2010-02-01,https://www.e-stat.go.jp/SG1/estat/Pdfdl.do?sinfid=000012449985,false
45341,宮崎県,,北諸県郡,三股町,,2,1,148,大淀川,42,大淀川,要現行資料照合,未確認,2010-02-01,https://www.e-stat.go.jp/SG1/estat/Pdfdl.do?sinfid=000012449985,2010-02-01,https://www.e-stat.go.jp/SG1/estat/Pdfdl.do?sinfid=000012449985,false
45361,宮崎県,,西諸県郡,高原町,,2,1,148,大淀川,42,大淀川,要現行資料照合,未確認,2010-02-01,https://www.e-stat.go.jp/SG1/estat/Pdfdl.do?sinfid=000012449985,2010-02-01,https://www.e-stat.go.jp/SG1/estat/Pdfdl.do?sinfid=000012449985,false
45382,宮崎県,,東諸県郡,国富町,,2,1,148,大淀川,42,大淀川,要現行資料照合,未確認,2010-02-01,https://www.e-stat.go.jp/SG1/estat/Pdfdl.do?sinfid=000012449985,2010-02-01,https://www.e-stat.go.jp/SG1/estat/Pdfdl.do?sinfid=000012449985,false
45383,宮崎県,,東諸県郡,綾町,,2,1,148,大淀川,42,大淀川,要現行資料照合,未確認,2010-02-01,https://www.e-stat.go.jp/SG1/estat/Pdfdl.do?sinfid=000012449985,2010-02-01,https://www.e-stat.go.jp/SG1/estat/Pdfdl.do?sinfid=000012449985,false
45401,宮崎県,,児湯郡,高鍋町,,2,1,147,一ツ瀬川,42,大淀川,要現行資料照合,未確認,2010-02-01,https://www.e-stat.go.jp/SG1/estat/Pdfdl.do?sinfid=000012449985,2010-02-01,https://www.e-stat.go.jp/SG1/estat/Pdfdl.do?sinfid=000012449985,false
45402,宮崎県,,児湯郡,新富町,,2,1,147,一ツ瀬川,42,大淀川,要現行資料照合,未確認,2010-02-01,https://www.e-stat.go.jp/SG1/estat/Pdfdl.do?sinfid=000012449985,2010-02-01,https://www.e-stat.go.jp/SG1/estat/Pdfdl.do?sinfid=000012449985,false
45403,宮崎県,,児湯郡,西米良村,,2,1,147,一ツ瀬川,42,大淀川,要現行資料照合,未確認,2010-02-01,https://www.e-stat.go.jp/SG1/estat/Pdfdl.do?sinfid=000012449985,2010-02-01,https://www.e-stat.go.jp/SG1/estat/Pdfdl.do?sinfid=000012449985,false
45404,宮崎県,,児湯郡,木城町,,2,1,147,一ツ瀬川,42,大淀川,要現行資料照合,未確認,2010-02-01,https://www.e-stat.go.jp/SG1/estat/Pdfdl.do?sinfid=000012449985,2010-02-01,https://www.e-stat.go.jp/SG1/estat/Pdfdl.do?sinfid=000012449985,false
45405,宮崎県,,児湯郡,川南町,,2,2,147,一ツ瀬川,42,大淀川,要現行資料照合,未確認,2010-02-01,https://www.e-stat.go.jp/SG1/estat/Pdfdl.do?sinfid=000012449985,2010-02-01,https://www.e-stat.go.jp/SG1/estat/Pdfdl.do?sinfid=000012449985,false
45406,宮崎県,,児湯郡,都農町,,2,2,147,一ツ瀬川,42,大淀川,要現行資料照合,未確認,2010-02-01,https://www.e-stat.go.jp/SG1/estat/Pdfdl.do?sinfid=000012449985,2010-02-01,https://www.e-stat.go.jp/SG1/estat/Pdfdl.do?sinfid=000012449985,false
45421,宮崎県,,東臼杵郡,門川町,,2,495,146,耳川,42,大淀川,要現行資料照合,未確認,2010-02-01,https://www.e-stat.go.jp/SG1/estat/Pdfdl.do?sinfid=000012449985,2010-02-01,https://www.e-stat.go.jp/SG1/estat/Pdfdl.do?sinfid=000012449985,false
45429,宮崎県,,東臼杵郡,諸塚村,,2,1,146,耳川,42,大淀川,要現行資料照合,未確認,2010-02-01,https://www.e-stat.go.jp/SG1/estat/Pdfdl.do?sinfid=000012449985,2010-02-01,https://www.e-stat.go.jp/SG1/estat/Pdfdl.do?sinfid=000012449985,false
45430,宮崎県,,東臼杵郡,椎葉村,,2,1,146,耳川,42,大淀川,要現行資料照合,未確認,2010-02-01,https://www.e-stat.go.jp/SG1/estat/Pdfdl.do?sinfid=000012449985,2010-02-01,https://www.e-stat.go.jp/SG1/estat/Pdfdl.do?sinfid=000012449985,false
45431,宮崎県,,東臼杵郡,美郷町,,2,1,146,耳川,42,大淀川,要現行資料照合,未確認,2010-02-01,https://www.e-stat.go.jp/SG1/estat/Pdfdl.do?sinfid=000012449985,2010-02-01,https://www.e-stat.go.jp/SG1/estat/Pdfdl.do?sinfid=000012449985,false
45441,宮崎県,,西臼杵郡,高千穂町,,2,1,145,五ヶ瀬川,42,大淀川,要現行資料照合,未確認,2010-02-01,https://www.e-stat.go.jp/SG1/estat/Pdfdl.do?sinfid=000012449985,2010-02-01,https://www.e-stat.go.jp/SG1/estat/Pdfdl.do?sinfid=000012449985,false
45442,宮崎県,,西臼杵郡,日之影町,,2,1,145,五ヶ瀬川,42,大淀川,要現行資料照合,未確認,2010-02-01,https://www.e-stat.go.jp/SG1/estat/Pdfdl.do?sinfid=000012449985,2010-02-01,https://www.e-stat.go.jp/SG1/estat/Pdfdl.do?sinfid=000012449985,false
45443,宮崎県,,西臼杵郡,五ヶ瀬町,,2,1,145,五ヶ瀬川,42,大淀川,要現行資料照合,未確認,2010-02-01,https://www.e-stat.go.jp/SG1/estat/Pdfdl.do?sinfid=000012449985,2010-02-01,https://www.e-stat.go.jp/SG1/estat/Pdfdl.do?sinfid=000012449985,false
46000,鹿児島県,,,所属未定地,,1,12,,,,,未対応・要調査,未確認,2010-02-01,https://www.e-stat.go.jp/SG1/estat/Pdfdl.do?sinfid=000012449985,2010-02-01,https://www.e-stat.go.jp/SG1/estat/Pdfdl.do?sinfid=000012449985,false
46201,鹿児島県,,,鹿児島市,,2,68,152,南薩,43,川内・肝属川,所属計画区を県資料で照合・境界未確認,未確認,2026-04-01,https://www.pref.kagoshima.jp/ad06/sangyo-rodo/rinsui/ringyo/keikaku/tiikisinnrinnkeikaku_40850.html,2010-02-01,https://www.e-stat.go.jp/SG1/estat/Pdfdl.do?sinfid=000012449985,false
46203,鹿児島県,,,鹿屋市,,2,26,153,大隅,43,川内・肝属川,所属計画区を県資料で照合・境界未確認,未確認,2026-04-01,https://www.pref.kagoshima.jp/ad06/sangyo-rodo/rinsui/ringyo/keikaku/tiikisinnrinnkeikaku_40850.html,2010-02-01,https://www.e-stat.go.jp/SG1/estat/Pdfdl.do?sinfid=000012449985,false
46204,鹿児島県,,,枕崎市,,2,68,152,南薩,43,川内・肝属川,所属計画区を県資料で照合・境界未確認,未確認,2026-04-01,https://www.pref.kagoshima.jp/ad06/sangyo-rodo/rinsui/ringyo/keikaku/tiikisinnrinnkeikaku_40850.html,2010-02-01,https://www.e-stat.go.jp/SG1/estat/Pdfdl.do?sinfid=000012449985,false
46206,鹿児島県,,,阿久根市,,2,297,150,北薩,43,川内・肝属川,所属計画区を県資料で照合・境界未確認,未確認,2026-04-01,https://www.pref.kagoshima.jp/ad06/sangyo-rodo/rinsui/ringyo/keikaku/tiikisinnrinnkeikaku_40850.html,2010-02-01,https://www.e-stat.go.jp/SG1/estat/Pdfdl.do?sinfid=000012449985,false
46208,鹿児島県,,,出水市,,2,16,150,北薩,43,川内・肝属川,所属計画区を県資料で照合・境界未確認,未確認,2026-04-01,https://www.pref.kagoshima.jp/ad06/sangyo-rodo/rinsui/ringyo/keikaku/tiikisinnrinnkeikaku_40850.html,2010-02-01,https://www.e-stat.go.jp/SG1/estat/Pdfdl.do?sinfid=000012449985,false
46210,鹿児島県,,,指宿市,,2,27,152,南薩,43,川内・肝属川,所属計画区を県資料で照合・境界未確認,未確認,2026-04-01,https://www.pref.kagoshima.jp/ad06/sangyo-rodo/rinsui/ringyo/keikaku/tiikisinnrinnkeikaku_40850.html,2010-02-01,https://www.e-stat.go.jp/SG1/estat/Pdfdl.do?sinfid=000012449985,false
46213,鹿児島県,,,西之表市,,2,727,154,熊毛,43,川内・肝属川,所属計画区を県資料で照合・境界未確認,未確認,2026-04-01,https://www.pref.kagoshima.jp/ad06/sangyo-rodo/rinsui/ringyo/keikaku/tiikisinnrinnkeikaku_40850.html,2010-02-01,https://www.e-stat.go.jp/SG1/estat/Pdfdl.do?sinfid=000012449985,false
46214,鹿児島県,,,垂水市,,2,11,153,大隅,43,川内・肝属川,所属計画区を県資料で照合・境界未確認,未確認,2026-04-01,https://www.pref.kagoshima.jp/ad06/sangyo-rodo/rinsui/ringyo/keikaku/tiikisinnrinnkeikaku_40850.html,2010-02-01,https://www.e-stat.go.jp/SG1/estat/Pdfdl.do?sinfid=000012449985,false
46215,鹿児島県,,,薩摩川内市,,1;2,730,150,北薩,43,川内・肝属川,所属計画区を県資料で照合・境界未確認,未確認,2026-04-01,https://www.pref.kagoshima.jp/ad06/sangyo-rodo/rinsui/ringyo/keikaku/tiikisinnrinnkeikaku_40850.html,2010-02-01,https://www.e-stat.go.jp/SG1/estat/Pdfdl.do?sinfid=000012449985,false
46216,鹿児島県,,,日置市,,2,5,152,南薩,43,川内・肝属川,所属計画区を県資料で照合・境界未確認,未確認,2026-04-01,https://www.pref.kagoshima.jp/ad06/sangyo-rodo/rinsui/ringyo/keikaku/tiikisinnrinnkeikaku_40850.html,2010-02-01,https://www.e-stat.go.jp/SG1/estat/Pdfdl.do?sinfid=000012449985,false
46217,鹿児島県,,,曽於市,,2,1,153,大隅,43,川内・肝属川,所属計画区を県資料で照合・境界未確認,未確認,2026-04-01,https://www.pref.kagoshima.jp/ad06/sangyo-rodo/rinsui/ringyo/keikaku/tiikisinnrinnkeikaku_40850.html,2010-02-01,https://www.e-stat.go.jp/SG1/estat/Pdfdl.do?sinfid=000012449985,false
46218,鹿児島県,,,霧島市,,2,9,151,姶良,43,川内・肝属川,所属計画区を県資料で照合・境界未確認,未確認,2026-04-01,https://www.pref.kagoshima.jp/ad06/sangyo-rodo/rinsui/ringyo/keikaku/tiikisinnrinnkeikaku_40850.html,2010-02-01,https://www.e-stat.go.jp/SG1/estat/Pdfdl.do?sinfid=000012449985,false
46219,鹿児島県,,,いちき串木野市,,2,306,152,南薩,43,川内・肝属川,所属計画区を県資料で照合・境界未確認,未確認,2026-04-01,https://www.pref.kagoshima.jp/ad06/sangyo-rodo/rinsui/ringyo/keikaku/tiikisinnrinnkeikaku_40850.html,2010-02-01,https://www.e-stat.go.jp/SG1/estat/Pdfdl.do?sinfid=000012449985,false
46220,鹿児島県,,,南さつま市,,1;2,1169,152,南薩,43,川内・肝属川,所属計画区を県資料で照合・境界未確認,未確認,2026-04-01,https://www.pref.kagoshima.jp/ad06/sangyo-rodo/rinsui/ringyo/keikaku/tiikisinnrinnkeikaku_40850.html,2010-02-01,https://www.e-stat.go.jp/SG1/estat/Pdfdl.do?sinfid=000012449985,false
46221,鹿児島県,,,志布志市,,2,109,153,大隅,43,川内・肝属川,所属計画区を県資料で照合・境界未確認,未確認,2026-04-01,https://www.pref.kagoshima.jp/ad06/sangyo-rodo/rinsui/ringyo/keikaku/tiikisinnrinnkeikaku_40850.html,2010-02-01,https://www.e-stat.go.jp/SG1/estat/Pdfdl.do?sinfid=000012449985,false
46222,鹿児島県,,,奄美市,,1,615,155,奄美大島,43,川内・肝属川,所属計画区を県資料で照合・境界未確認,未確認,2026-04-01,https://www.pref.kagoshima.jp/ad06/sangyo-rodo/rinsui/ringyo/keikaku/tiikisinnrinnkeikaku_40850.html,2010-02-01,https://www.e-stat.go.jp/SG1/estat/Pdfdl.do?sinfid=000012449985,false
46223,鹿児島県,,,南九州市,,2,29,152,南薩,43,川内・肝属川,所属計画区を県資料で照合・境界未確認,未確認,2026-04-01,https://www.pref.kagoshima.jp/ad06/sangyo-rodo/rinsui/ringyo/keikaku/tiikisinnrinnkeikaku_40850.html,2010-02-01,https://www.e-stat.go.jp/SG1/estat/Pdfdl.do?sinfid=000012449985,false
46224,鹿児島県,,,伊佐市,,2,1,150,北薩,43,川内・肝属川,所属計画区を県資料で照合・境界未確認,未確認,2026-04-01,https://www.pref.kagoshima.jp/ad06/sangyo-rodo/rinsui/ringyo/keikaku/tiikisinnrinnkeikaku_40850.html,2010-02-01,https://www.e-stat.go.jp/SG1/estat/Pdfdl.do?sinfid=000012449985,false
46225,鹿児島県,,,姶良市,,2,1,151,姶良,43,川内・肝属川,所属計画区を県資料で照合・境界未確認,未確認,2026-04-01,https://www.pref.kagoshima.jp/ad06/sangyo-rodo/rinsui/ringyo/keikaku/tiikisinnrinnkeikaku_40850.html,2010-02-01,https://www.e-stat.go.jp/SG1/estat/Pdfdl.do?sinfid=000012449985,false
46303,鹿児島県,,鹿児島郡,三島村,,1;2,229,152,南薩,43,川内・肝属川,所属計画区を県資料で照合・境界未確認,未確認,2026-04-01,https://www.pref.kagoshima.jp/ad06/sangyo-rodo/rinsui/ringyo/keikaku/tiikisinnrinnkeikaku_40850.html,2010-02-01,https://www.e-stat.go.jp/SG1/estat/Pdfdl.do?sinfid=000012449985,false
46304,鹿児島県,,鹿児島郡,十島村,,1;2,266,152,南薩,43,川内・肝属川,所属計画区を県資料で照合・境界未確認,未確認,2026-04-01,https://www.pref.kagoshima.jp/ad06/sangyo-rodo/rinsui/ringyo/keikaku/tiikisinnrinnkeikaku_40850.html,2010-02-01,https://www.e-stat.go.jp/SG1/estat/Pdfdl.do?sinfid=000012449985,false
46392,鹿児島県,,薩摩郡,さつま町,,2,1,150,北薩,43,川内・肝属川,所属計画区を県資料で照合・境界未確認,未確認,2026-04-01,https://www.pref.kagoshima.jp/ad06/sangyo-rodo/rinsui/ringyo/keikaku/tiikisinnrinnkeikaku_40850.html,2010-02-01,https://www.e-stat.go.jp/SG1/estat/Pdfdl.do?sinfid=000012449985,false
46404,鹿児島県,,出水郡,長島町,,2,240,150,北薩,43,川内・肝属川,所属計画区を県資料で照合・境界未確認,未確認,2026-04-01,https://www.pref.kagoshima.jp/ad06/sangyo-rodo/rinsui/ringyo/keikaku/tiikisinnrinnkeikaku_40850.html,2010-02-01,https://www.e-stat.go.jp/SG1/estat/Pdfdl.do?sinfid=000012449985,false
46452,鹿児島県,,姶良郡,湧水町,,2,1,151,姶良,43,川内・肝属川,所属計画区を県資料で照合・境界未確認,未確認,2026-04-01,https://www.pref.kagoshima.jp/ad06/sangyo-rodo/rinsui/ringyo/keikaku/tiikisinnrinnkeikaku_40850.html,2010-02-01,https://www.e-stat.go.jp/SG1/estat/Pdfdl.do?sinfid=000012449985,false
46468,鹿児島県,,曽於郡,大崎町,,2,2,153,大隅,43,川内・肝属川,所属計画区を県資料で照合・境界未確認,未確認,2026-04-01,https://www.pref.kagoshima.jp/ad06/sangyo-rodo/rinsui/ringyo/keikaku/tiikisinnrinnkeikaku_40850.html,2010-02-01,https://www.e-stat.go.jp/SG1/estat/Pdfdl.do?sinfid=000012449985,false
46482,鹿児島県,,肝属郡,東串良町,,2,2,153,大隅,43,川内・肝属川,所属計画区を県資料で照合・境界未確認,未確認,2026-04-01,https://www.pref.kagoshima.jp/ad06/sangyo-rodo/rinsui/ringyo/keikaku/tiikisinnrinnkeikaku_40850.html,2010-02-01,https://www.e-stat.go.jp/SG1/estat/Pdfdl.do?sinfid=000012449985,false
46490,鹿児島県,,肝属郡,錦江町,,2,8,153,大隅,43,川内・肝属川,所属計画区を県資料で照合・境界未確認,未確認,2026-04-01,https://www.pref.kagoshima.jp/ad06/sangyo-rodo/rinsui/ringyo/keikaku/tiikisinnrinnkeikaku_40850.html,2010-02-01,https://www.e-stat.go.jp/SG1/estat/Pdfdl.do?sinfid=000012449985,false
46491,鹿児島県,,肝属郡,南大隅町,,2,272,153,大隅,43,川内・肝属川,所属計画区を県資料で照合・境界未確認,未確認,2026-04-01,https://www.pref.kagoshima.jp/ad06/sangyo-rodo/rinsui/ringyo/keikaku/tiikisinnrinnkeikaku_40850.html,2010-02-01,https://www.e-stat.go.jp/SG1/estat/Pdfdl.do?sinfid=000012449985,false
46492,鹿児島県,,肝属郡,肝付町,,2,158,153,大隅,43,川内・肝属川,所属計画区を県資料で照合・境界未確認,未確認,2026-04-01,https://www.pref.kagoshima.jp/ad06/sangyo-rodo/rinsui/ringyo/keikaku/tiikisinnrinnkeikaku_40850.html,2010-02-01,https://www.e-stat.go.jp/SG1/estat/Pdfdl.do?sinfid=000012449985,false
46501,鹿児島県,,熊毛郡,中種子町,,2,672,154,熊毛,43,川内・肝属川,所属計画区を県資料で照合・境界未確認,未確認,2026-04-01,https://www.pref.kagoshima.jp/ad06/sangyo-rodo/rinsui/ringyo/keikaku/tiikisinnrinnkeikaku_40850.html,2010-02-01,https://www.e-stat.go.jp/SG1/estat/Pdfdl.do?sinfid=000012449985,false
46502,鹿児島県,,熊毛郡,南種子町,,2,896,154,熊毛,43,川内・肝属川,所属計画区を県資料で照合・境界未確認,未確認,2026-04-01,https://www.pref.kagoshima.jp/ad06/sangyo-rodo/rinsui/ringyo/keikaku/tiikisinnrinnkeikaku_40850.html,2010-02-01,https://www.e-stat.go.jp/SG1/estat/Pdfdl.do?sinfid=000012449985,false
46505,鹿児島県,,熊毛郡,屋久島町,,2,755,154,熊毛,43,川内・肝属川,所属計画区を県資料で照合・境界未確認,未確認,2026-04-01,https://www.pref.kagoshima.jp/ad06/sangyo-rodo/rinsui/ringyo/keikaku/tiikisinnrinnkeikaku_40850.html,2010-02-01,https://www.e-stat.go.jp/SG1/estat/Pdfdl.do?sinfid=000012449985,false
46523,鹿児島県,,大島郡,大和村,,1,31,155,奄美大島,43,川内・肝属川,所属計画区を県資料で照合・境界未確認,未確認,2026-04-01,https://www.pref.kagoshima.jp/ad06/sangyo-rodo/rinsui/ringyo/keikaku/tiikisinnrinnkeikaku_40850.html,2010-02-01,https://www.e-stat.go.jp/SG1/estat/Pdfdl.do?sinfid=000012449985,false
46524,鹿児島県,,大島郡,宇検村,,1,71,155,奄美大島,43,川内・肝属川,所属計画区を県資料で照合・境界未確認,未確認,2026-04-01,https://www.pref.kagoshima.jp/ad06/sangyo-rodo/rinsui/ringyo/keikaku/tiikisinnrinnkeikaku_40850.html,2010-02-01,https://www.e-stat.go.jp/SG1/estat/Pdfdl.do?sinfid=000012449985,false
46525,鹿児島県,,大島郡,瀬戸内町,,1,738,155,奄美大島,43,川内・肝属川,所属計画区を県資料で照合・境界未確認,未確認,2026-04-01,https://www.pref.kagoshima.jp/ad06/sangyo-rodo/rinsui/ringyo/keikaku/tiikisinnrinnkeikaku_40850.html,2010-02-01,https://www.e-stat.go.jp/SG1/estat/Pdfdl.do?sinfid=000012449985,false
46527,鹿児島県,,大島郡,龍郷町,,1,159,155,奄美大島,43,川内・肝属川,所属計画区を県資料で照合・境界未確認,未確認,2026-04-01,https://www.pref.kagoshima.jp/ad06/sangyo-rodo/rinsui/ringyo/keikaku/tiikisinnrinnkeikaku_40850.html,2010-02-01,https://www.e-stat.go.jp/SG1/estat/Pdfdl.do?sinfid=000012449985,false
46529,鹿児島県,,大島郡,喜界町,,1,99,155,奄美大島,43,川内・肝属川,所属計画区を県資料で照合・境界未確認,未確認,2026-04-01,https://www.pref.kagoshima.jp/ad06/sangyo-rodo/rinsui/ringyo/keikaku/tiikisinnrinnkeikaku_40850.html,2010-02-01,https://www.e-stat.go.jp/SG1/estat/Pdfdl.do?sinfid=000012449985,false
46530,鹿児島県,,大島郡,徳之島町,,1,86,155,奄美大島,43,川内・肝属川,所属計画区を県資料で照合・境界未確認,未確認,2026-04-01,https://www.pref.kagoshima.jp/ad06/sangyo-rodo/rinsui/ringyo/keikaku/tiikisinnrinnkeikaku_40850.html,2010-02-01,https://www.e-stat.go.jp/SG1/estat/Pdfdl.do?sinfid=000012449985,false
46531,鹿児島県,,大島郡,天城町,,1,23,155,奄美大島,43,川内・肝属川,所属計画区を県資料で照合・境界未確認,未確認,2026-04-01,https://www.pref.kagoshima.jp/ad06/sangyo-rodo/rinsui/ringyo/keikaku/tiikisinnrinnkeikaku_40850.html,2010-02-01,https://www.e-stat.go.jp/SG1/estat/Pdfdl.do?sinfid=000012449985,false
46532,鹿児島県,,大島郡,伊仙町,,1,20,155,奄美大島,43,川内・肝属川,所属計画区を県資料で照合・境界未確認,未確認,2026-04-01,https://www.pref.kagoshima.jp/ad06/sangyo-rodo/rinsui/ringyo/keikaku/tiikisinnrinnkeikaku_40850.html,2010-02-01,https://www.e-stat.go.jp/SG1/estat/Pdfdl.do?sinfid=000012449985,false
46533,鹿児島県,,大島郡,和泊町,,1,35,155,奄美大島,43,川内・肝属川,所属計画区を県資料で照合・境界未確認,未確認,2026-04-01,https://www.pref.kagoshima.jp/ad06/sangyo-rodo/rinsui/ringyo/keikaku/tiikisinnrinnkeikaku_40850.html,2010-02-01,https://www.e-stat.go.jp/SG1/estat/Pdfdl.do?sinfid=000012449985,false
46534,鹿児島県,,大島郡,知名町,,1,17,155,奄美大島,43,川内・肝属川,所属計画区を県資料で照合・境界未確認,未確認,2026-04-01,https://www.pref.kagoshima.jp/ad06/sangyo-rodo/rinsui/ringyo/keikaku/tiikisinnrinnkeikaku_40850.html,2010-02-01,https://www.e-stat.go.jp/SG1/estat/Pdfdl.do?sinfid=000012449985,false
46535,鹿児島県,,大島郡,与論町,,1,14,155,奄美大島,43,川内・肝属川,所属計画区を県資料で照合・境界未確認,未確認,2026-04-01,https://www.pref.kagoshima.jp/ad06/sangyo-rodo/rinsui/ringyo/keikaku/tiikisinnrinnkeikaku_40850.html,2010-02-01,https://www.e-stat.go.jp/SG1/estat/Pdfdl.do?sinfid=000012449985,false
47000,沖縄県,,,所属未定地,,15,1,,,,,未対応・要調査,未確認,2010-02-01,https://www.e-stat.go.jp/SG1/estat/Pdfdl.do?sinfid=000012449985,2010-02-01,https://www.e-stat.go.jp/SG1/estat/Pdfdl.do?sinfid=000012449985,false
47201,沖縄県,,,那覇市,,15,7,157,沖縄中南部,44,沖縄,要現行資料照合,未確認,2010-02-01,https://www.e-stat.go.jp/SG1/estat/Pdfdl.do?sinfid=000012449985,2010-02-01,https://www.e-stat.go.jp/SG1/estat/Pdfdl.do?sinfid=000012449985,false
47205,沖縄県,,,宜野湾市,,15,1,157,沖縄中南部,44,沖縄,要現行資料照合,未確認,2010-02-01,https://www.e-stat.go.jp/SG1/estat/Pdfdl.do?sinfid=000012449985,2010-02-01,https://www.e-stat.go.jp/SG1/estat/Pdfdl.do?sinfid=000012449985,false
47207,沖縄県,,,石垣市,,16,1214,158,宮古八重山,44,沖縄,要現行資料照合,未確認,2010-02-01,https://www.e-stat.go.jp/SG1/estat/Pdfdl.do?sinfid=000012449985,2010-02-01,https://www.e-stat.go.jp/SG1/estat/Pdfdl.do?sinfid=000012449985,false
47208,沖縄県,,,浦添市,,15,8,157,沖縄中南部,44,沖縄,要現行資料照合,未確認,2010-02-01,https://www.e-stat.go.jp/SG1/estat/Pdfdl.do?sinfid=000012449985,2010-02-01,https://www.e-stat.go.jp/SG1/estat/Pdfdl.do?sinfid=000012449985,false
47209,沖縄県,,,名護市,,15,434,156,沖縄北部,44,沖縄,要現行資料照合,未確認,2010-02-01,https://www.e-stat.go.jp/SG1/estat/Pdfdl.do?sinfid=000012449985,2010-02-01,https://www.e-stat.go.jp/SG1/estat/Pdfdl.do?sinfid=000012449985,false
47210,沖縄県,,,糸満市,,15,75,157,沖縄中南部,44,沖縄,要現行資料照合,未確認,2010-02-01,https://www.e-stat.go.jp/SG1/estat/Pdfdl.do?sinfid=000012449985,2010-02-01,https://www.e-stat.go.jp/SG1/estat/Pdfdl.do?sinfid=000012449985,false
47211,沖縄県,,,沖縄市,,15,6,157,沖縄中南部,44,沖縄,要現行資料照合,未確認,2010-02-01,https://www.e-stat.go.jp/SG1/estat/Pdfdl.do?sinfid=000012449985,2010-02-01,https://www.e-stat.go.jp/SG1/estat/Pdfdl.do?sinfid=000012449985,false
47212,沖縄県,,,豊見城市,,15,6,157,沖縄中南部,44,沖縄,要現行資料照合,未確認,2010-02-01,https://www.e-stat.go.jp/SG1/estat/Pdfdl.do?sinfid=000012449985,2010-02-01,https://www.e-stat.go.jp/SG1/estat/Pdfdl.do?sinfid=000012449985,false
47213,沖縄県,,,うるま市,,15,920,157,沖縄中南部,44,沖縄,要現行資料照合,未確認,2010-02-01,https://www.e-stat.go.jp/SG1/estat/Pdfdl.do?sinfid=000012449985,2010-02-01,https://www.e-stat.go.jp/SG1/estat/Pdfdl.do?sinfid=000012449985,false
47214,沖縄県,,,宮古島市,,16,738,158,宮古八重山,44,沖縄,要現行資料照合,未確認,2010-02-01,https://www.e-stat.go.jp/SG1/estat/Pdfdl.do?sinfid=000012449985,2010-02-01,https://www.e-stat.go.jp/SG1/estat/Pdfdl.do?sinfid=000012449985,false
47215,沖縄県,,,南城市,,15,90,157,沖縄中南部,44,沖縄,要現行資料照合,未確認,2010-02-01,https://www.e-stat.go.jp/SG1/estat/Pdfdl.do?sinfid=000012449985,2010-02-01,https://www.e-stat.go.jp/SG1/estat/Pdfdl.do?sinfid=000012449985,false
47301,沖縄県,,国頭郡,国頭村,,15,314,156,沖縄北部,44,沖縄,要現行資料照合,未確認,2010-02-01,https://www.e-stat.go.jp/SG1/estat/Pdfdl.do?sinfid=000012449985,2010-02-01,https://www.e-stat.go.jp/SG1/estat/Pdfdl.do?sinfid=000012449985,false
47302,沖縄県,,国頭郡,大宜味村,,15,10,156,沖縄北部,44,沖縄,要現行資料照合,未確認,2010-02-01,https://www.e-stat.go.jp/SG1/estat/Pdfdl.do?sinfid=000012449985,2010-02-01,https://www.e-stat.go.jp/SG1/estat/Pdfdl.do?sinfid=000012449985,false
47303,沖縄県,,国頭郡,東村,,15,110,156,沖縄北部,44,沖縄,要現行資料照合,未確認,2010-02-01,https://www.e-stat.go.jp/SG1/estat/Pdfdl.do?sinfid=000012449985,2010-02-01,https://www.e-stat.go.jp/SG1/estat/Pdfdl.do?sinfid=000012449985,false
47306,沖縄県,,国頭郡,今帰仁村,,15,28,156,沖縄北部,44,沖縄,要現行資料照合,未確認,2010-02-01,https://www.e-stat.go.jp/SG1/estat/Pdfdl.do?sinfid=000012449985,2010-02-01,https://www.e-stat.go.jp/SG1/estat/Pdfdl.do?sinfid=000012449985,false
47308,沖縄県,,国頭郡,本部町,,15,92,156,沖縄北部,44,沖縄,要現行資料照合,未確認,2010-02-01,https://www.e-stat.go.jp/SG1/estat/Pdfdl.do?sinfid=000012449985,2010-02-01,https://www.e-stat.go.jp/SG1/estat/Pdfdl.do?sinfid=000012449985,false
47311,沖縄県,,国頭郡,恩納村,,15,146,156,沖縄北部,44,沖縄,要現行資料照合,未確認,2010-02-01,https://www.e-stat.go.jp/SG1/estat/Pdfdl.do?sinfid=000012449985,2010-02-01,https://www.e-stat.go.jp/SG1/estat/Pdfdl.do?sinfid=000012449985,false
47313,沖縄県,,国頭郡,宜野座村,,15,46,156,沖縄北部,44,沖縄,要現行資料照合,未確認,2010-02-01,https://www.e-stat.go.jp/SG1/estat/Pdfdl.do?sinfid=000012449985,2010-02-01,https://www.e-stat.go.jp/SG1/estat/Pdfdl.do?sinfid=000012449985,false
47314,沖縄県,,国頭郡,金武町,,15,79,156,沖縄北部,44,沖縄,要現行資料照合,未確認,2010-02-01,https://www.e-stat.go.jp/SG1/estat/Pdfdl.do?sinfid=000012449985,2010-02-01,https://www.e-stat.go.jp/SG1/estat/Pdfdl.do?sinfid=000012449985,false
47315,沖縄県,,国頭郡,伊江村,,15,11,156,沖縄北部,44,沖縄,要現行資料照合,未確認,2010-02-01,https://www.e-stat.go.jp/SG1/estat/Pdfdl.do?sinfid=000012449985,2010-02-01,https://www.e-stat.go.jp/SG1/estat/Pdfdl.do?sinfid=000012449985,false
47324,沖縄県,,中頭郡,読谷村,,15,42,157,沖縄中南部,44,沖縄,要現行資料照合,未確認,2010-02-01,https://www.e-stat.go.jp/SG1/estat/Pdfdl.do?sinfid=000012449985,2010-02-01,https://www.e-stat.go.jp/SG1/estat/Pdfdl.do?sinfid=000012449985,false
47325,沖縄県,,中頭郡,嘉手納町,,15,9,157,沖縄中南部,44,沖縄,要現行資料照合,未確認,2010-02-01,https://www.e-stat.go.jp/SG1/estat/Pdfdl.do?sinfid=000012449985,2010-02-01,https://www.e-stat.go.jp/SG1/estat/Pdfdl.do?sinfid=000012449985,false
47326,沖縄県,,中頭郡,北谷町,,15,9,157,沖縄中南部,44,沖縄,要現行資料照合,未確認,2010-02-01,https://www.e-stat.go.jp/SG1/estat/Pdfdl.do?sinfid=000012449985,2010-02-01,https://www.e-stat.go.jp/SG1/estat/Pdfdl.do?sinfid=000012449985,false
47327,沖縄県,,中頭郡,北中城村,,15,3,157,沖縄中南部,44,沖縄,要現行資料照合,未確認,2010-02-01,https://www.e-stat.go.jp/SG1/estat/Pdfdl.do?sinfid=000012449985,2010-02-01,https://www.e-stat.go.jp/SG1/estat/Pdfdl.do?sinfid=000012449985,false
47328,沖縄県,,中頭郡,中城村,,15,19,157,沖縄中南部,44,沖縄,要現行資料照合,未確認,2010-02-01,https://www.e-stat.go.jp/SG1/estat/Pdfdl.do?sinfid=000012449985,2010-02-01,https://www.e-stat.go.jp/SG1/estat/Pdfdl.do?sinfid=000012449985,false
47329,沖縄県,,中頭郡,西原町,,15,1,157,沖縄中南部,44,沖縄,要現行資料照合,未確認,2010-02-01,https://www.e-stat.go.jp/SG1/estat/Pdfdl.do?sinfid=000012449985,2010-02-01,https://www.e-stat.go.jp/SG1/estat/Pdfdl.do?sinfid=000012449985,false
47348,沖縄県,,島尻郡,与那原町,,15,1,157,沖縄中南部,44,沖縄,要現行資料照合,未確認,2010-02-01,https://www.e-stat.go.jp/SG1/estat/Pdfdl.do?sinfid=000012449985,2010-02-01,https://www.e-stat.go.jp/SG1/estat/Pdfdl.do?sinfid=000012449985,false
47350,沖縄県,,島尻郡,南風原町,,15,1,157,沖縄中南部,44,沖縄,要現行資料照合,未確認,2010-02-01,https://www.e-stat.go.jp/SG1/estat/Pdfdl.do?sinfid=000012449985,2010-02-01,https://www.e-stat.go.jp/SG1/estat/Pdfdl.do?sinfid=000012449985,false
47353,沖縄県,,島尻郡,渡嘉敷村,,15,192,157,沖縄中南部,44,沖縄,要現行資料照合,未確認,2010-02-01,https://www.e-stat.go.jp/SG1/estat/Pdfdl.do?sinfid=000012449985,2010-02-01,https://www.e-stat.go.jp/SG1/estat/Pdfdl.do?sinfid=000012449985,false
47354,沖縄県,,島尻郡,座間味村,,15,257,157,沖縄中南部,44,沖縄,要現行資料照合,未確認,2010-02-01,https://www.e-stat.go.jp/SG1/estat/Pdfdl.do?sinfid=000012449985,2010-02-01,https://www.e-stat.go.jp/SG1/estat/Pdfdl.do?sinfid=000012449985,false
47355,沖縄県,,島尻郡,粟国村,,15,8,157,沖縄中南部,44,沖縄,要現行資料照合,未確認,2010-02-01,https://www.e-stat.go.jp/SG1/estat/Pdfdl.do?sinfid=000012449985,2010-02-01,https://www.e-stat.go.jp/SG1/estat/Pdfdl.do?sinfid=000012449985,false
47356,沖縄県,,島尻郡,渡名喜村,,15,29,157,沖縄中南部,44,沖縄,要現行資料照合,未確認,2010-02-01,https://www.e-stat.go.jp/SG1/estat/Pdfdl.do?sinfid=000012449985,2010-02-01,https://www.e-stat.go.jp/SG1/estat/Pdfdl.do?sinfid=000012449985,false
47357,沖縄県,,島尻郡,南大東村,,17,1,157,沖縄中南部,44,沖縄,要現行資料照合,未確認,2010-02-01,https://www.e-stat.go.jp/SG1/estat/Pdfdl.do?sinfid=000012449985,2010-02-01,https://www.e-stat.go.jp/SG1/estat/Pdfdl.do?sinfid=000012449985,false
47358,沖縄県,,島尻郡,北大東村,,17,60,157,沖縄中南部,44,沖縄,要現行資料照合,未確認,2010-02-01,https://www.e-stat.go.jp/SG1/estat/Pdfdl.do?sinfid=000012449985,2010-02-01,https://www.e-stat.go.jp/SG1/estat/Pdfdl.do?sinfid=000012449985,false
47359,沖縄県,,島尻郡,伊平屋村,,15,47,156,沖縄北部,44,沖縄,要現行資料照合,未確認,2010-02-01,https://www.e-stat.go.jp/SG1/estat/Pdfdl.do?sinfid=000012449985,2010-02-01,https://www.e-stat.go.jp/SG1/estat/Pdfdl.do?sinfid=000012449985,false
47360,沖縄県,,島尻郡,伊是名村,,15,49,156,沖縄北部,44,沖縄,要現行資料照合,未確認,2010-02-01,https://www.e-stat.go.jp/SG1/estat/Pdfdl.do?sinfid=000012449985,2010-02-01,https://www.e-stat.go.jp/SG1/estat/Pdfdl.do?sinfid=000012449985,false
47361,沖縄県,,島尻郡,久米島町,,15,132,157,沖縄中南部,44,沖縄,要現行資料照合,未確認,2010-02-01,https://www.e-stat.go.jp/SG1/estat/Pdfdl.do?sinfid=000012449985,2010-02-01,https://www.e-stat.go.jp/SG1/estat/Pdfdl.do?sinfid=000012449985,false
47362,沖縄県,,島尻郡,八重瀬町,,15,48,157,沖縄中南部,44,沖縄,要現行資料照合,未確認,2010-02-01,https://www.e-stat.go.jp/SG1/estat/Pdfdl.do?sinfid=000012449985,2010-02-01,https://www.e-stat.go.jp/SG1/estat/Pdfdl.do?sinfid=000012449985,false
47375,沖縄県,,宮古郡,多良間村,,16,19,158,宮古八重山,44,沖縄,要現行資料照合,未確認,2010-02-01,https://www.e-stat.go.jp/SG1/estat/Pdfdl.do?sinfid=000012449985,2010-02-01,https://www.e-stat.go.jp/SG1/estat/Pdfdl.do?sinfid=000012449985,false
47381,沖縄県,,八重山郡,竹富町,,16,169,158,宮古八重山,44,沖縄,要現行資料照合,未確認,2010-02-01,https://www.e-stat.go.jp/SG1/estat/Pdfdl.do?sinfid=000012449985,2010-02-01,https://www.e-stat.go.jp/SG1/estat/Pdfdl.do?sinfid=000012449985,false
47382,沖縄県,,八重山郡,与那国町,,16,428,158,宮古八重山,44,沖縄,要現行資料照合,未確認,2010-02-01,https://www.e-stat.go.jp/SG1/estat/Pdfdl.do?sinfid=000012449985,2010-02-01,https://www.e-stat.go.jp/SG1/estat/Pdfdl.do?sinfid=000012449985,false
